date,close,pre_close,csi300_pct_chg,csi300_log_return,oas_percent,oas_bps,oas_change_bps,csi300_source,oas_source
2016-07-26,3269.5882,3230.885,1.1979,0.01190795074409212,5.45,545.0,,TuShare index_daily,Archived FRED mirror (Hugging Face)
2016-07-27,3218.243,3269.5882,-1.5704,-0.015828485797177723,5.51,551.0,6.0,TuShare index_daily,Archived FRED mirror (Hugging Face)
2016-07-28,3221.1365,3218.243,0.0899,0.0008986891344864949,5.54,554.0,3.0,TuShare index_daily,Archived FRED mirror (Hugging Face)
2016-07-29,3203.9304,3221.1365,-0.5342,-0.005355941470840886,5.61,561.0,7.0,TuShare index_daily,Archived FRED mirror (Hugging Face)
2016-08-01,3176.8091,3203.9304,-0.8465,-0.008501040775170844,5.69,569.0,0.0,TuShare index_daily,Archived FRED mirror (Hugging Face)
2016-08-02,3189.0529,3176.8091,0.3854,0.0038467108139667687,5.73,573.0,4.0,TuShare index_daily,Archived FRED mirror (Hugging Face)
2016-08-03,3193.5073,3189.0529,0.1397,0.0013958037475924041,5.72,572.0,-1.0,TuShare index_daily,Archived FRED mirror (Hugging Face)
2016-08-04,3201.2888,3193.5073,0.2437,0.0024336988135545256,5.65,565.0,-7.0,TuShare index_daily,Archived FRED mirror (Hugging Face)
2016-08-05,3205.1101,3201.2888,0.1194,0.0011929636330307713,5.46,546.0,-19.0,TuShare index_daily,Archived FRED mirror (Hugging Face)
2016-08-08,3234.1833,3205.1101,0.9071,0.0090299962272696,5.42,542.0,-4.0,TuShare index_daily,Archived FRED mirror (Hugging Face)
2016-08-09,3256.9813,3234.1833,0.7049,0.007024346213754837,5.36,536.0,-6.0,TuShare index_daily,Archived FRED mirror (Hugging Face)
2016-08-10,3243.3409,3256.9813,-0.4188,-0.004196844279891693,5.38,538.0,2.0,TuShare index_daily,Archived FRED mirror (Hugging Face)
2016-08-11,3233.3604,3243.3409,-0.3077,-0.0030819725776225675,5.31,531.0,-7.0,TuShare index_daily,Archived FRED mirror (Hugging Face)
2016-08-12,3294.2337,3233.3604,1.8827,0.0186516084752912,5.34,534.0,3.0,TuShare index_daily,Archived FRED mirror (Hugging Face)
2016-08-15,3393.4239,3294.2337,3.011,0.029665835270030912,5.23,523.0,-11.0,TuShare index_daily,Archived FRED mirror (Hugging Face)
2016-08-16,3378.2451,3393.4239,-0.4473,-0.0044830382056433955,5.17,517.0,-6.0,TuShare index_daily,Archived FRED mirror (Hugging Face)
2016-08-17,3373.0476,3378.2451,-0.1539,-0.0015397054335406538,5.19,519.0,2.0,TuShare index_daily,Archived FRED mirror (Hugging Face)
2016-08-18,3364.4851,3373.0476,-0.2539,-0.0025417330025779114,5.2,520.0,1.0,TuShare index_daily,Archived FRED mirror (Hugging Face)
2016-08-19,3365.0197,3364.4851,0.0159,0.00015888241914154328,5.15,515.0,-5.0,TuShare index_daily,Archived FRED mirror (Hugging Face)
2016-08-22,3336.7949,3365.0197,-0.8388,-0.008423081973935091,5.18,518.0,3.0,TuShare index_daily,Archived FRED mirror (Hugging Face)
2016-08-23,3341.8298,3336.7949,0.1509,0.001507765799100466,5.14,514.0,-4.0,TuShare index_daily,Archived FRED mirror (Hugging Face)
2016-08-24,3329.8631,3341.8298,-0.3581,-0.0035873092519213734,5.13,513.0,-1.0,TuShare index_daily,Archived FRED mirror (Hugging Face)
2016-08-25,3308.9721,3329.8631,-0.6274,-0.006293594682544413,5.14,514.0,1.0,TuShare index_daily,Archived FRED mirror (Hugging Face)
2016-08-26,3307.0902,3308.9721,-0.0569,-0.0005688882496628478,5.04,504.0,-10.0,TuShare index_daily,Archived FRED mirror (Hugging Face)
2016-08-29,3307.7812,3307.0902,0.0209,0.00020892318557031632,5.1,509.99999999999994,5.999999999999943,TuShare index_daily,Archived FRED mirror (Hugging Face)
2016-08-30,3311.9872,3307.7812,0.1272,0.0012707394917260413,5.07,507.0,-2.999999999999943,TuShare index_daily,Archived FRED mirror (Hugging Face)
2016-08-31,3327.7938,3311.9872,0.4773,0.004761190123554675,5.1,509.99999999999994,2.999999999999943,TuShare index_daily,Archived FRED mirror (Hugging Face)
2016-09-01,3301.5767,3327.7938,-0.7878,-0.007909419657862729,5.12,512.0,2.000000000000057,TuShare index_daily,Archived FRED mirror (Hugging Face)
2016-09-02,3314.1142,3301.5767,0.3797,0.003790236030935871,5.09,509.0,-3.0,TuShare index_daily,Archived FRED mirror (Hugging Face)
2016-09-05,3319.6803,3314.1142,0.168,0.0016781048331221168,5.09,509.0,0.0,TuShare index_daily,Archived FRED mirror (Hugging Face)
2016-09-06,3342.6259,3319.6803,0.6912,0.006888212590956062,5.09,509.0,0.0,TuShare index_daily,Archived FRED mirror (Hugging Face)
2016-09-07,3340.8172,3342.6259,-0.0541,-0.0005412479816442902,5.07,507.0,-2.0,TuShare index_daily,Archived FRED mirror (Hugging Face)
2016-09-08,3339.564,3340.8172,-0.0375,-0.0003751881748008009,4.99,499.0,-8.0,TuShare index_daily,Archived FRED mirror (Hugging Face)
2016-09-09,3318.044,3339.564,-0.6444,-0.006464806864577446,5.1,509.99999999999994,10.999999999999943,TuShare index_daily,Archived FRED mirror (Hugging Face)
2016-09-12,3262.6043,3318.044,-1.6709,-0.016849711194467095,5.18,518.0,8.000000000000057,TuShare index_daily,Archived FRED mirror (Hugging Face)
2016-09-13,3260.333,3262.6043,-0.0696,-0.0006964040852559073,5.24,524.0,6.0,TuShare index_daily,Archived FRED mirror (Hugging Face)
2016-09-14,3238.7299,3260.333,-0.6626,-0.006648090624313015,5.26,526.0,2.0,TuShare index_daily,Archived FRED mirror (Hugging Face)
2016-09-19,3263.1242,3238.7299,0.7532,0.007503833241994968,5.25,525.0,-2.0,TuShare index_daily,Archived FRED mirror (Hugging Face)
2016-09-20,3257.4034,3263.1242,-0.1753,-0.0017547050848636815,5.24,524.0,-1.0,TuShare index_daily,Archived FRED mirror (Hugging Face)
2016-09-21,3266.6363,3257.4034,0.2834,0.0028304261128174898,5.22,522.0,-2.0,TuShare index_daily,Archived FRED mirror (Hugging Face)
2016-09-22,3291.1211,3266.6363,0.7495,0.007467465563396537,5.09,509.0,-13.0,TuShare index_daily,Archived FRED mirror (Hugging Face)
2016-09-23,3275.6665,3291.1211,-0.4696,-0.004706906778287755,5.1,509.99999999999994,0.9999999999999432,TuShare index_daily,Archived FRED mirror (Hugging Face)
2016-09-26,3220.2838,3275.6665,-1.6907,-0.017051867513477082,5.16,516.0,6.000000000000057,TuShare index_daily,Archived FRED mirror (Hugging Face)
2016-09-27,3240.7546,3220.2838,0.6357,0.00633671160304996,5.18,518.0,2.0,TuShare index_daily,Archived FRED mirror (Hugging Face)
2016-09-28,3230.8904,3240.7546,-0.3044,-0.0030484390410734077,5.14,514.0,-4.0,TuShare index_daily,Archived FRED mirror (Hugging Face)
2016-09-29,3244.3874,3230.8904,0.4177,0.004168784711216974,5.09,509.0,-5.0,TuShare index_daily,Archived FRED mirror (Hugging Face)
2016-09-30,3253.2848,3244.3874,0.2742,0.00273864402116231,4.97,497.0,-12.0,TuShare index_daily,Archived FRED mirror (Hugging Face)
2016-10-10,3293.8689,3253.2848,1.2475,0.012397637714891285,4.76,476.0,0.0,TuShare index_daily,Archived FRED mirror (Hugging Face)
2016-10-11,3306.5573,3293.8689,0.3852,0.003844726157200156,4.75,475.0,-1.0,TuShare index_daily,Archived FRED mirror (Hugging Face)
2016-10-12,3300.0099,3306.5573,-0.198,-0.0019820890169864208,4.75,475.0,0.0,TuShare index_daily,Archived FRED mirror (Hugging Face)
2016-10-13,3302.6455,3300.0099,0.0799,0.0007983455080768248,4.82,482.0,7.0,TuShare index_daily,Archived FRED mirror (Hugging Face)
2016-10-14,3305.8481,3302.6455,0.097,0.0009692376037757813,4.72,472.0,-10.0,TuShare index_daily,Archived FRED mirror (Hugging Face)
2016-10-17,3277.8787,3305.8481,-0.8461,-0.008496576213721017,4.76,476.0,4.0,TuShare index_daily,Archived FRED mirror (Hugging Face)
2016-10-18,3321.3324,3277.8787,1.3257,0.013169552354076618,4.72,472.0,-4.0,TuShare index_daily,Archived FRED mirror (Hugging Face)
2016-10-19,3316.2407,3321.3324,-0.1533,-0.0015342056266713757,4.66,466.0,-6.0,TuShare index_daily,Archived FRED mirror (Hugging Face)
2016-10-20,3318.6044,3316.2407,0.0713,0.0007125110125025173,4.62,462.0,-4.0,TuShare index_daily,Archived FRED mirror (Hugging Face)
2016-10-21,3327.74,3318.6044,0.2753,0.0027490618010714697,4.62,462.0,0.0,TuShare index_daily,Archived FRED mirror (Hugging Face)
2016-10-24,3367.5778,3327.74,1.1971,0.01190033732074127,4.6,459.99999999999994,-2.000000000000057,TuShare index_daily,Archived FRED mirror (Hugging Face)
2016-10-25,3367.4547,3367.5778,-0.0037,-3.655513169800312e-05,4.6,459.99999999999994,0.0,TuShare index_daily,Archived FRED mirror (Hugging Face)
2016-10-26,3354.8003,3367.4547,-0.3758,-0.0037649315438644418,4.66,466.0,6.000000000000057,TuShare index_daily,Archived FRED mirror (Hugging Face)
2016-10-27,3345.695,3354.8003,-0.2714,-0.002717800758593384,4.69,469.00000000000006,3.000000000000057,TuShare index_daily,Archived FRED mirror (Hugging Face)
2016-10-28,3340.1262,3345.695,-0.1664,-0.0016658540876975168,4.76,476.0,6.999999999999943,TuShare index_daily,Archived FRED mirror (Hugging Face)
2016-10-31,3336.2778,3340.1262,-0.1152,-0.0011528362951734367,4.91,491.0,15.0,TuShare index_daily,Archived FRED mirror (Hugging Face)
2016-11-01,3359.0515,3336.2778,0.6826,0.006802888045893891,5.05,505.0,14.0,TuShare index_daily,Archived FRED mirror (Hugging Face)
2016-11-02,3333.3524,3359.0515,-0.7651,-0.007680118147076697,5.15,515.0,10.0,TuShare index_daily,Archived FRED mirror (Hugging Face)
2016-11-03,3365.085,3333.3524,0.952,0.00947469849780264,5.15,515.0,0.0,TuShare index_daily,Archived FRED mirror (Hugging Face)
2016-11-04,3354.1749,3365.085,-0.3242,-0.003247414075435183,5.2,520.0,5.0,TuShare index_daily,Archived FRED mirror (Hugging Face)
2016-11-07,3356.5916,3354.1749,0.0721,0.0007202456245417308,5.01,501.0,-19.0,TuShare index_daily,Archived FRED mirror (Hugging Face)
2016-11-08,3371.1177,3356.5916,0.4328,0.004318296741261629,4.98,498.00000000000006,-2.999999999999943,TuShare index_daily,Archived FRED mirror (Hugging Face)
2016-11-09,3353.0547,3371.1177,-0.5358,-0.0053725699978424205,4.94,494.00000000000006,-4.0,TuShare index_daily,Archived FRED mirror (Hugging Face)
2016-11-10,3390.6119,3353.0547,1.1201,0.01113862547894849,4.97,497.0,2.999999999999943,TuShare index_daily,Archived FRED mirror (Hugging Face)
2016-11-11,3417.2211,3390.6119,0.7848,0.007817270343318574,4.97,497.0,0.0,TuShare index_daily,Archived FRED mirror (Hugging Face)
2016-11-14,3430.2482,3417.2211,0.3812,0.0038049431537427606,5.11,511.00000000000006,14.000000000000057,TuShare index_daily,Archived FRED mirror (Hugging Face)
2016-11-15,3429.8697,3430.2482,-0.011,-0.00011034795783432362,4.94,494.00000000000006,-17.0,TuShare index_daily,Archived FRED mirror (Hugging Face)
2016-11-16,3429.5921,3429.8697,-0.0081,-8.093929472776848e-05,4.94,494.00000000000006,0.0,TuShare index_daily,Archived FRED mirror (Hugging Face)
2016-11-17,3436.535,3429.5921,0.2024,0.0020223634853321413,4.85,484.99999999999994,-9.000000000000114,TuShare index_daily,Archived FRED mirror (Hugging Face)
2016-11-18,3417.4554,3436.535,-0.5552,-0.005567457253369951,4.84,484.0,-0.9999999999999432,TuShare index_daily,Archived FRED mirror (Hugging Face)
2016-11-21,3441.1106,3417.4554,0.6922,0.006898029062729212,4.78,478.0,-6.0,TuShare index_daily,Archived FRED mirror (Hugging Face)
2016-11-22,3468.3637,3441.1106,0.792,0.007888658427169803,4.7,470.0,-8.0,TuShare index_daily,Archived FRED mirror (Hugging Face)
2016-11-23,3474.7289,3468.3637,0.1835,0.001833535039771207,4.66,466.0,-4.0,TuShare index_daily,Archived FRED mirror (Hugging Face)
2016-11-24,3488.7402,3474.7289,0.4032,0.004024235250442054,4.66,466.0,0.0,TuShare index_daily,Archived FRED mirror (Hugging Face)
2016-11-25,3521.2984,3488.7402,0.9332,0.009289088397475146,4.64,463.99999999999994,-2.000000000000057,TuShare index_daily,Archived FRED mirror (Hugging Face)
2016-11-28,3535.0807,3521.2984,0.3914,0.003906342709372829,4.66,466.0,2.000000000000057,TuShare index_daily,Archived FRED mirror (Hugging Face)
2016-11-29,3564.0404,3535.0807,0.8192,0.00815871718004215,4.69,469.00000000000006,3.000000000000057,TuShare index_daily,Archived FRED mirror (Hugging Face)
2016-11-30,3538.001,3564.0404,-0.7306,-0.007332966739201804,4.67,467.0,-2.000000000000057,TuShare index_daily,Archived FRED mirror (Hugging Face)
2016-12-01,3565.036,3538.001,0.7641,0.007612273608875042,4.62,462.0,-5.0,TuShare index_daily,Archived FRED mirror (Hugging Face)
2016-12-02,3528.9547,3565.036,-1.0121,-0.010172443878838089,4.64,463.99999999999994,1.9999999999999432,TuShare index_daily,Archived FRED mirror (Hugging Face)
2016-12-05,3469.4073,3528.9547,-1.6874,-0.01701793565997444,4.58,458.0,-5.999999999999943,TuShare index_daily,Archived FRED mirror (Hugging Face)
2016-12-06,3459.1533,3469.4073,-0.2956,-0.0029599243128228037,4.5,450.0,-8.0,TuShare index_daily,Archived FRED mirror (Hugging Face)
2016-12-07,3475.7473,3459.1533,0.4797,0.004785658116097955,4.42,442.0,-8.0,TuShare index_daily,Archived FRED mirror (Hugging Face)
2016-12-08,3470.1426,3475.7473,-0.1613,-0.0016138180412017936,4.38,438.0,-4.0,TuShare index_daily,Archived FRED mirror (Hugging Face)
2016-12-09,3493.7004,3470.1426,0.6789,0.006765772825280966,4.28,428.0,-10.0,TuShare index_daily,Archived FRED mirror (Hugging Face)
2016-12-12,3409.1794,3493.7004,-2.4192,-0.024489843866090665,4.25,425.0,-3.0,TuShare index_daily,Archived FRED mirror (Hugging Face)
2016-12-13,3405.0355,3409.1794,-0.1216,-0.0012162517829687064,4.2,420.0,-5.0,TuShare index_daily,Archived FRED mirror (Hugging Face)
2016-12-14,3378.9453,3405.0355,-0.7662,-0.00769174601171859,4.12,412.0,-8.0,TuShare index_daily,Archived FRED mirror (Hugging Face)
2016-12-15,3340.4338,3378.9453,-1.1397,-0.011462940585333025,4.2,420.0,8.0,TuShare index_daily,Archived FRED mirror (Hugging Face)
2016-12-16,3346.0305,3340.4338,0.1675,0.0016740390902915004,4.21,421.0,1.0,TuShare index_daily,Archived FRED mirror (Hugging Face)
2016-12-19,3328.9827,3346.0305,-0.5095,-0.00510795606111114,4.23,423.00000000000006,2.000000000000057,TuShare index_daily,Archived FRED mirror (Hugging Face)
2016-12-20,3309.0641,3328.9827,-0.5983,-0.006001361660447885,4.2,420.0,-3.000000000000057,TuShare index_daily,Archived FRED mirror (Hugging Face)
2016-12-21,3338.536,3309.0641,0.8906,0.008866987380399797,4.19,419.00000000000006,-0.9999999999999432,TuShare index_daily,Archived FRED mirror (Hugging Face)
2016-12-22,3335.672,3338.536,-0.0858,-0.0008582292238395543,4.17,417.0,-2.000000000000057,TuShare index_daily,Archived FRED mirror (Hugging Face)
2016-12-23,3307.5991,3335.672,-0.8416,-0.008451579554493814,4.16,416.0,-1.0,TuShare index_daily,Archived FRED mirror (Hugging Face)
2016-12-27,3316.3852,3322.4006,-0.1811,-0.001812199347129835,4.11,411.00000000000006,-4.999999999999943,TuShare index_daily,Archived FRED mirror (Hugging Face)
2016-12-28,3301.8887,3316.3852,-0.4371,-0.004380756494092432,4.15,415.00000000000006,4.0,TuShare index_daily,Archived FRED mirror (Hugging Face)
2016-12-29,3297.7648,3301.8887,-0.1249,-0.0012497324402671603,4.18,418.0,2.999999999999943,TuShare index_daily,Archived FRED mirror (Hugging Face)
2016-12-30,3310.0808,3297.7648,0.3735,0.003727694321920061,4.21,421.0,3.0,TuShare index_daily,Archived FRED mirror (Hugging Face)
2017-01-03,3342.2272,3310.0808,0.9712,0.009664811138848765,4.13,413.0,-9.0,TuShare index_daily,Archived FRED mirror (Hugging Face)
2017-01-04,3368.3117,3342.2272,0.7805,0.007774228497749764,4.02,401.99999999999994,-11.000000000000057,TuShare index_daily,Archived FRED mirror (Hugging Face)
2017-01-05,3367.7892,3368.3117,-0.0155,-0.0001551342560940013,4.04,404.0,2.000000000000057,TuShare index_daily,Archived FRED mirror (Hugging Face)
2017-01-06,3347.6665,3367.7892,-0.5975,-0.005992969390497952,3.98,398.0,-6.0,TuShare index_daily,Archived FRED mirror (Hugging Face)
2017-01-09,3363.9014,3347.6665,0.485,0.004837895379147162,4.02,401.99999999999994,3.999999999999943,TuShare index_daily,Archived FRED mirror (Hugging Face)
2017-01-10,3358.2716,3363.9014,-0.1674,-0.0016749944746291014,4.0,400.0,-1.9999999999999432,TuShare index_daily,Archived FRED mirror (Hugging Face)
2017-01-11,3334.4954,3358.2716,-0.708,-0.007105073289585152,4.03,403.0,3.0,TuShare index_daily,Archived FRED mirror (Hugging Face)
2017-01-12,3317.6241,3334.4954,-0.506,-0.005072469361016922,4.05,405.0,2.0,TuShare index_daily,Archived FRED mirror (Hugging Face)
2017-01-13,3319.9122,3317.6241,0.069,0.0006894425844824638,4.02,401.99999999999994,-3.000000000000057,TuShare index_daily,Archived FRED mirror (Hugging Face)
2017-01-16,3319.4455,3319.9122,-0.0141,-0.0001405858885322311,4.0,400.0,-1.9999999999999432,TuShare index_daily,Archived FRED mirror (Hugging Face)
2017-01-17,3326.3563,3319.4455,0.2082,0.002079749802642117,4.06,405.99999999999994,5.999999999999943,TuShare index_daily,Archived FRED mirror (Hugging Face)
2017-01-18,3339.3653,3326.3563,0.3911,0.0039032582808338225,4.01,401.0,-4.999999999999943,TuShare index_daily,Archived FRED mirror (Hugging Face)
2017-01-19,3329.2891,3339.3653,-0.3017,-0.003021961272486019,3.99,399.0,-2.0,TuShare index_daily,Archived FRED mirror (Hugging Face)
2017-01-20,3354.8891,3329.2891,0.7689,0.007659917017705633,4.02,401.99999999999994,2.999999999999943,TuShare index_daily,Archived FRED mirror (Hugging Face)
2017-01-23,3364.0808,3354.8891,0.274,0.0027360461114876037,4.1,409.99999999999994,8.0,TuShare index_daily,Archived FRED mirror (Hugging Face)
2017-01-24,3364.4509,3364.0808,0.011,0.00011000914222430327,4.02,401.99999999999994,-8.0,TuShare index_daily,Archived FRED mirror (Hugging Face)
2017-01-25,3375.9042,3364.4509,0.3404,0.0033984295643869795,3.93,393.0,-8.999999999999943,TuShare index_daily,Archived FRED mirror (Hugging Face)
2017-01-26,3387.9606,3375.9042,0.3571,0.003564947888545204,3.93,393.0,0.0,TuShare index_daily,Archived FRED mirror (Hugging Face)
2017-02-03,3364.4923,3387.9606,-0.6927,-0.006951072400334702,3.86,386.0,-7.0,TuShare index_daily,Archived FRED mirror (Hugging Face)
2017-02-06,3373.2051,3364.4923,0.259,0.002586285592632144,3.91,391.0,5.0,TuShare index_daily,Archived FRED mirror (Hugging Face)
2017-02-07,3365.6849,3373.2051,-0.2229,-0.0022318818445456945,3.93,393.0,2.0,TuShare index_daily,Archived FRED mirror (Hugging Face)
2017-02-08,3383.2878,3365.6849,0.523,0.005216479810918396,3.98,398.0,5.0,TuShare index_daily,Archived FRED mirror (Hugging Face)
2017-02-09,3396.2924,3383.2878,0.3844,0.003836407437192441,3.93,393.0,-5.0,TuShare index_daily,Archived FRED mirror (Hugging Face)
2017-02-10,3413.4868,3396.2924,0.5063,0.005049924831800413,3.9,390.0,-3.0,TuShare index_daily,Archived FRED mirror (Hugging Face)
2017-02-13,3436.275,3413.4868,0.6676,0.006653744973676488,3.86,386.0,-4.0,TuShare index_daily,Archived FRED mirror (Hugging Face)
2017-02-14,3435.8042,3436.275,-0.0137,-0.00013701821152957766,3.8,380.0,-6.0,TuShare index_daily,Archived FRED mirror (Hugging Face)
2017-02-15,3421.7131,3435.8042,-0.4101,-0.004109685536673305,3.77,377.0,-3.0,TuShare index_daily,Archived FRED mirror (Hugging Face)
2017-02-16,3440.9331,3421.7131,0.5617,0.005601352508163811,3.83,383.0,6.0,TuShare index_daily,Archived FRED mirror (Hugging Face)
2017-02-17,3421.4419,3440.9331,-0.5665,-0.005680614193787631,3.86,386.0,3.0,TuShare index_daily,Archived FRED mirror (Hugging Face)
2017-02-20,3471.3926,3421.4419,1.4599,0.014493768687695141,3.86,386.0,0.0,TuShare index_daily,Archived FRED mirror (Hugging Face)
2017-02-21,3482.823,3471.3926,0.3293,0.0032873327348675757,3.81,381.0,-5.0,TuShare index_daily,Archived FRED mirror (Hugging Face)
2017-02-22,3489.7567,3482.823,0.1991,0.0019888484847383437,3.78,378.0,-3.0,TuShare index_daily,Archived FRED mirror (Hugging Face)
2017-02-23,3473.3236,3489.7567,-0.4709,-0.004720074967268536,3.77,377.0,-1.0,TuShare index_daily,Archived FRED mirror (Hugging Face)
2017-02-24,3473.8517,3473.3236,0.0152,0.00015203301434385405,3.84,384.0,7.0,TuShare index_daily,Archived FRED mirror (Hugging Face)
2017-02-27,3446.2228,3473.8517,-0.7953,-0.007985187676467454,3.75,375.0,-9.0,TuShare index_daily,Archived FRED mirror (Hugging Face)
2017-02-28,3452.8103,3446.2228,0.1912,0.0019096884756218898,3.74,374.0,-1.0,TuShare index_daily,Archived FRED mirror (Hugging Face)
2017-03-01,3458.4376,3452.8103,0.163,0.0016284472283388108,3.57,357.0,-17.0,TuShare index_daily,Archived FRED mirror (Hugging Face)
2017-03-02,3435.0963,3458.4376,-0.6749,-0.0067719661759197015,3.55,355.0,-2.0,TuShare index_daily,Archived FRED mirror (Hugging Face)
2017-03-03,3427.8628,3435.0963,-0.2106,-0.0021079836184837606,3.6,360.0,5.0,TuShare index_daily,Archived FRED mirror (Hugging Face)
2017-03-06,3446.484,3427.8628,0.5432,0.005417604344606997,3.66,366.0,6.0,TuShare index_daily,Archived FRED mirror (Hugging Face)
2017-03-07,3453.9565,3446.484,0.2168,0.0021658046094139493,3.73,373.0,7.0,TuShare index_daily,Archived FRED mirror (Hugging Face)
2017-03-08,3448.7313,3453.9565,-0.1513,-0.0015139612711579506,3.79,379.0,6.0,TuShare index_daily,Archived FRED mirror (Hugging Face)
2017-03-09,3426.9438,3448.7313,-0.6318,-0.0063375807051733735,3.88,388.0,9.0,TuShare index_daily,Archived FRED mirror (Hugging Face)
2017-03-10,3427.8916,3426.9438,0.0277,0.00027653472351488564,3.89,389.0,1.0,TuShare index_daily,Archived FRED mirror (Hugging Face)
2017-03-13,3458.098,3427.8916,0.8812,0.00877334864193802,3.94,394.0,5.0,TuShare index_daily,Archived FRED mirror (Hugging Face)
2017-03-14,3456.6934,3458.098,-0.0406,-0.00040625954944027487,4.05,405.0,11.0,TuShare index_daily,Archived FRED mirror (Hugging Face)
2017-03-15,3463.6436,3456.6934,0.2011,0.0020086311798897453,4.02,401.99999999999994,-3.000000000000057,TuShare index_daily,Archived FRED mirror (Hugging Face)
2017-03-16,3481.5066,3463.6436,0.5157,0.005144032562317347,3.88,388.0,-13.999999999999943,TuShare index_daily,Archived FRED mirror (Hugging Face)
2017-03-17,3445.8051,3481.5066,-1.0255,-0.010307552955506163,3.91,391.0,3.0,TuShare index_daily,Archived FRED mirror (Hugging Face)
2017-03-20,3449.6126,3445.8051,0.1105,0.0011043567054596322,3.97,397.0,6.0,TuShare index_daily,Archived FRED mirror (Hugging Face)
2017-03-21,3466.3468,3449.6126,0.4851,0.004839309108162561,4.04,404.0,7.0,TuShare index_daily,Archived FRED mirror (Hugging Face)
2017-03-22,3450.0502,3466.3468,-0.4701,-0.0047124623293353035,4.16,416.0,12.0,TuShare index_daily,Archived FRED mirror (Hugging Face)
2017-03-23,3461.9782,3450.0502,0.3457,0.003451378133960319,4.11,411.00000000000006,-4.999999999999943,TuShare index_daily,Archived FRED mirror (Hugging Face)
2017-03-24,3489.5997,3461.9782,0.7979,0.00794687069947966,4.07,407.0,-4.000000000000057,TuShare index_daily,Archived FRED mirror (Hugging Face)
2017-03-27,3478.0385,3489.5997,-0.3313,-0.0033185450444427754,4.12,412.0,5.0,TuShare index_daily,Archived FRED mirror (Hugging Face)
2017-03-28,3469.8093,3478.0385,-0.2366,-0.002368849774787695,4.01,401.0,-11.0,TuShare index_daily,Archived FRED mirror (Hugging Face)
2017-03-29,3465.1933,3469.8093,-0.133,-0.001331218154607123,3.94,394.0,-7.0,TuShare index_daily,Archived FRED mirror (Hugging Face)
2017-03-30,3436.758,3465.1933,-0.8206,-0.008239832374357891,3.85,385.0,-9.0,TuShare index_daily,Archived FRED mirror (Hugging Face)
2017-03-31,3456.0455,3436.758,0.5612,0.005596431217114241,3.92,392.0,7.0,TuShare index_daily,Archived FRED mirror (Hugging Face)
2017-04-05,3503.8932,3456.0455,1.3845,0.013749676793178263,3.91,391.0,-7.0,TuShare index_daily,Archived FRED mirror (Hugging Face)
2017-04-06,3514.0469,3503.8932,0.2898,0.0028936431318037823,3.93,393.0,2.0,TuShare index_daily,Archived FRED mirror (Hugging Face)
2017-04-07,3517.4634,3514.0469,0.0972,0.0009717685456167432,3.86,386.0,-7.0,TuShare index_daily,Archived FRED mirror (Hugging Face)
2017-04-10,3505.1392,3517.4634,-0.3504,-0.003509870443761566,3.86,386.0,0.0,TuShare index_daily,Archived FRED mirror (Hugging Face)
2017-04-11,3517.328,3505.1392,0.3477,0.0034713760542855474,3.94,394.0,8.0,TuShare index_daily,Archived FRED mirror (Hugging Face)
2017-04-12,3509.4387,3517.328,-0.2243,-0.0022455002853585654,3.96,396.0,2.0,TuShare index_daily,Archived FRED mirror (Hugging Face)
2017-04-13,3514.5662,3509.4387,0.1461,0.001459993546077126,4.03,403.0,7.0,TuShare index_daily,Archived FRED mirror (Hugging Face)
2017-04-17,3479.9417,3486.5045,-0.1882,-0.0018841175982784407,4.0,400.0,-3.0,TuShare index_daily,Archived FRED mirror (Hugging Face)
2017-04-18,3462.7429,3479.9417,-0.4942,-0.004954520094993246,4.07,407.0,7.0,TuShare index_daily,Archived FRED mirror (Hugging Face)
2017-04-19,3445.8761,3462.7429,-0.4871,-0.004882837948266378,4.01,401.0,-6.0,TuShare index_daily,Archived FRED mirror (Hugging Face)
2017-04-20,3461.5481,3445.8761,0.4548,0.0045377340201217834,3.98,398.0,-3.0,TuShare index_daily,Archived FRED mirror (Hugging Face)
2017-04-21,3466.7865,3461.5481,0.1513,0.0015121674401230765,3.97,397.0,-1.0,TuShare index_daily,Archived FRED mirror (Hugging Face)
2017-04-24,3431.2587,3466.7865,-1.0248,-0.010300922397859099,3.86,386.0,-11.0,TuShare index_daily,Archived FRED mirror (Hugging Face)
2017-04-25,3440.9743,3431.2587,0.2831,0.0028274962367554088,3.78,378.0,-8.0,TuShare index_daily,Archived FRED mirror (Hugging Face)
2017-04-26,3445.1832,3440.9743,0.1223,0.0012224235429179387,3.76,376.0,-2.0,TuShare index_daily,Archived FRED mirror (Hugging Face)
2017-04-27,3446.7202,3445.1832,0.0446,0.0004460306351600045,3.78,378.0,2.0,TuShare index_daily,Archived FRED mirror (Hugging Face)
2017-04-28,3439.753,3446.7202,-0.2021,-0.0020234457246328286,3.75,375.0,-3.0,TuShare index_daily,Archived FRED mirror (Hugging Face)
2017-05-02,3426.5766,3439.753,-0.3831,-0.003837979515030131,3.79,379.0,1.0,TuShare index_daily,Archived FRED mirror (Hugging Face)
2017-05-03,3413.1282,3426.5766,-0.3925,-0.003932455485719591,3.76,376.0,-3.0,TuShare index_daily,Archived FRED mirror (Hugging Face)
2017-05-04,3404.3864,3413.1282,-0.2561,-0.0025645136985957425,3.8,380.0,4.0,TuShare index_daily,Archived FRED mirror (Hugging Face)
2017-05-05,3382.5502,3404.3864,-0.6414,-0.006434795735926154,3.82,382.0,2.0,TuShare index_daily,Archived FRED mirror (Hugging Face)
2017-05-08,3358.8125,3382.5502,-0.7018,-0.007042433158971218,3.8,380.0,-2.0,TuShare index_daily,Archived FRED mirror (Hugging Face)
2017-05-09,3352.5324,3358.8125,-0.187,-0.0018714883310459937,3.74,374.0,-6.0,TuShare index_daily,Archived FRED mirror (Hugging Face)
2017-05-10,3337.7007,3352.5324,-0.4424,-0.004433843806724372,3.72,372.0,-2.0,TuShare index_daily,Archived FRED mirror (Hugging Face)
2017-05-11,3356.6459,3337.7007,0.5676,0.005660074600273593,3.72,372.0,0.0,TuShare index_daily,Archived FRED mirror (Hugging Face)
2017-05-12,3385.3787,3356.6459,0.856,0.008523544679708842,3.77,377.0,5.0,TuShare index_daily,Archived FRED mirror (Hugging Face)
2017-05-15,3399.1937,3385.3787,0.4081,0.004072480409697438,3.72,372.0,-5.0,TuShare index_daily,Archived FRED mirror (Hugging Face)
2017-05-16,3428.6491,3399.1937,0.8665,0.008628078763215188,3.71,371.0,-1.0,TuShare index_daily,Archived FRED mirror (Hugging Face)
2017-05-17,3409.9656,3428.6491,-0.5449,-0.005464131934695424,3.84,384.0,13.0,TuShare index_daily,Archived FRED mirror (Hugging Face)
2017-05-18,3398.1127,3409.9656,-0.3476,-0.0034820139996903057,3.85,385.0,1.0,TuShare index_daily,Archived FRED mirror (Hugging Face)
2017-05-19,3403.8492,3398.1127,0.1688,0.0016867196389440404,3.78,378.0,-7.0,TuShare index_daily,Archived FRED mirror (Hugging Face)
2017-05-22,3411.2387,3403.8492,0.2171,0.002168571558962522,3.72,372.0,-6.0,TuShare index_daily,Archived FRED mirror (Hugging Face)
2017-05-23,3424.194,3411.2387,0.3798,0.0037906350867286664,3.67,367.0,-5.0,TuShare index_daily,Archived FRED mirror (Hugging Face)
2017-05-24,3424.1669,3424.194,-0.0008,-7.91430253039329e-06,3.68,368.0,1.0,TuShare index_daily,Archived FRED mirror (Hugging Face)
2017-05-25,3485.6581,3424.1669,1.7958,0.017798663011057387,3.67,367.0,-1.0,TuShare index_daily,Archived FRED mirror (Hugging Face)
2017-05-26,3480.4345,3485.6581,-0.1499,-0.0014997219471536538,3.67,367.0,0.0,TuShare index_daily,Archived FRED mirror (Hugging Face)
2017-05-31,3492.8845,3480.4345,0.3577,0.0035707568314135704,3.74,374.0,6.0,TuShare index_daily,Archived FRED mirror (Hugging Face)
2017-06-01,3497.7382,3492.8845,0.139,0.0013886318825212262,3.69,369.0,-5.0,TuShare index_daily,Archived FRED mirror (Hugging Face)
2017-06-02,3486.5074,3497.7382,-0.3211,-0.0032160408791855996,3.69,369.0,0.0,TuShare index_daily,Archived FRED mirror (Hugging Face)
2017-06-05,3468.7538,3486.5074,-0.5092,-0.0051050961415664035,3.68,368.0,-1.0,TuShare index_daily,Archived FRED mirror (Hugging Face)
2017-06-06,3492.8816,3468.7538,0.6956,0.006931674878540226,3.72,372.0,4.0,TuShare index_daily,Archived FRED mirror (Hugging Face)
2017-06-07,3533.8718,3492.8816,1.1735,0.011667028179158117,3.73,373.0,1.0,TuShare index_daily,Archived FRED mirror (Hugging Face)
2017-06-08,3560.9786,3533.8718,0.7671,0.007641297664501799,3.76,376.0,3.0,TuShare index_daily,Archived FRED mirror (Hugging Face)
2017-06-09,3576.1703,3560.9786,0.4266,0.004257084490128767,3.73,373.0,-3.0,TuShare index_daily,Archived FRED mirror (Hugging Face)
2017-06-12,3574.3894,3576.1703,-0.0498,-0.0004981148641617354,3.71,371.0,-2.0,TuShare index_daily,Archived FRED mirror (Hugging Face)
2017-06-13,3582.2674,3574.3894,0.2204,0.0022015875295422825,3.68,368.0,-3.0,TuShare index_daily,Archived FRED mirror (Hugging Face)
2017-06-14,3535.2987,3582.2674,-1.3111,-0.0131981582280622,3.7,370.0,2.0,TuShare index_daily,Archived FRED mirror (Hugging Face)
2017-06-15,3528.7926,3535.2987,-0.184,-0.0018420208809083619,3.72,372.0,2.0,TuShare index_daily,Archived FRED mirror (Hugging Face)
2017-06-16,3518.7611,3528.7926,-0.2843,-0.0028468053460470708,3.76,376.0,4.0,TuShare index_daily,Archived FRED mirror (Hugging Face)
2017-06-19,3553.6653,3518.7611,0.9919,0.009870582290651478,3.7,370.0,-6.0,TuShare index_daily,Archived FRED mirror (Hugging Face)
2017-06-20,3546.494,3553.6653,-0.2018,-0.0020200398710990114,3.77,377.0,7.0,TuShare index_daily,Archived FRED mirror (Hugging Face)
2017-06-21,3587.955,3546.494,1.1691,0.011622892462132673,3.85,385.0,8.0,TuShare index_daily,Archived FRED mirror (Hugging Face)
2017-06-22,3590.3425,3587.955,0.0665,0.000665199537365851,3.87,387.0,2.0,TuShare index_daily,Archived FRED mirror (Hugging Face)
2017-06-23,3622.8831,3590.3425,0.9063,0.009022543465296705,3.86,386.0,-1.0,TuShare index_daily,Archived FRED mirror (Hugging Face)
2017-06-26,3668.0919,3622.8831,1.2479,0.012401463291442894,3.83,383.0,-3.0,TuShare index_daily,Archived FRED mirror (Hugging Face)
2017-06-27,3674.7152,3668.0919,0.1806,0.0018040244571579066,3.77,377.0,-6.0,TuShare index_daily,Archived FRED mirror (Hugging Face)
2017-06-28,3646.1666,3674.7152,-0.7769,-0.0077992639394721675,3.77,377.0,0.0,TuShare index_daily,Archived FRED mirror (Hugging Face)
2017-06-29,3668.8279,3646.1666,0.6215,0.006195868635291732,3.76,376.0,-1.0,TuShare index_daily,Archived FRED mirror (Hugging Face)
2017-06-30,3666.7977,3668.8279,-0.0553,-0.000553517903594956,3.77,377.0,1.0,TuShare index_daily,Archived FRED mirror (Hugging Face)
2017-07-03,3650.8463,3666.7977,-0.435,-0.004359716123344102,3.72,372.0,-5.0,TuShare index_daily,Archived FRED mirror (Hugging Face)
2017-07-04,3619.9841,3650.8463,-0.8453,-0.00848937016918417,3.72,372.0,0.0,TuShare index_daily,Archived FRED mirror (Hugging Face)
2017-07-05,3659.6795,3619.9841,1.0966,0.010905941710095658,3.73,373.0,1.0,TuShare index_daily,Archived FRED mirror (Hugging Face)
2017-07-06,3660.0967,3659.6795,0.0114,0.00011399255634387506,3.78,378.0,5.0,TuShare index_daily,Archived FRED mirror (Hugging Face)
2017-07-07,3655.9293,3660.0967,-0.1139,-0.0011392524987576937,3.83,383.0,5.0,TuShare index_daily,Archived FRED mirror (Hugging Face)
2017-07-10,3653.6868,3655.9293,-0.0613,-0.0006135753341008933,3.83,383.0,0.0,TuShare index_daily,Archived FRED mirror (Hugging Face)
2017-07-11,3670.8086,3653.6868,0.4686,0.004675224777110892,3.85,385.0,2.0,TuShare index_daily,Archived FRED mirror (Hugging Face)
2017-07-12,3658.8236,3670.8086,-0.3265,-0.003270289792010191,3.81,381.0,-4.0,TuShare index_daily,Archived FRED mirror (Hugging Face)
2017-07-13,3686.9205,3658.8236,0.7679,0.0076498817922887085,3.77,377.0,-4.0,TuShare index_daily,Archived FRED mirror (Hugging Face)
2017-07-14,3703.094,3686.9205,0.4387,0.004377129658592193,3.73,373.0,-4.0,TuShare index_daily,Archived FRED mirror (Hugging Face)
2017-07-17,3663.5575,3703.094,-1.0677,-0.010734016564415513,3.69,369.0,-4.0,TuShare index_daily,Archived FRED mirror (Hugging Face)
2017-07-18,3667.1807,3663.5575,0.0989,0.0009884953455373269,3.69,369.0,0.0,TuShare index_daily,Archived FRED mirror (Hugging Face)
2017-07-19,3729.7466,3667.1807,1.7061,0.016917130477631895,3.64,364.0,-5.0,TuShare index_daily,Archived FRED mirror (Hugging Face)
2017-07-20,3747.8843,3729.7466,0.4863,0.004851198411312107,3.61,361.0,-3.0,TuShare index_daily,Archived FRED mirror (Hugging Face)
2017-07-21,3728.5976,3747.8843,-0.5146,-0.005159309696680246,3.64,364.0,3.0,TuShare index_daily,Archived FRED mirror (Hugging Face)
2017-07-24,3743.4686,3728.5976,0.3988,0.003980430375324101,3.63,363.0,-1.0,TuShare index_daily,Archived FRED mirror (Hugging Face)
2017-07-25,3719.559,3743.4686,-0.6387,-0.006407501910569485,3.55,355.0,-8.0,TuShare index_daily,Archived FRED mirror (Hugging Face)
2017-07-26,3705.3884,3719.559,-0.381,-0.0038170283078687544,3.56,356.0,1.0,TuShare index_daily,Archived FRED mirror (Hugging Face)
2017-07-27,3712.1947,3705.3884,0.1837,0.0018351804943682085,3.55,355.0,-1.0,TuShare index_daily,Archived FRED mirror (Hugging Face)
2017-07-28,3721.8914,3712.1947,0.2612,0.0026087148759696005,3.59,359.0,4.0,TuShare index_daily,Archived FRED mirror (Hugging Face)
2017-07-31,3737.8732,3721.8914,0.4294,0.004284806641638821,3.61,361.0,2.0,TuShare index_daily,Archived FRED mirror (Hugging Face)
2017-08-01,3770.3828,3737.8732,0.8697,0.008659748192126341,3.6,360.0,-1.0,TuShare index_daily,Archived FRED mirror (Hugging Face)
2017-08-02,3760.8525,3770.3828,-0.2528,-0.0025308743406424234,3.59,359.0,-1.0,TuShare index_daily,Archived FRED mirror (Hugging Face)
2017-08-03,3727.8264,3760.8525,-0.8782,-0.008820331210649436,3.63,363.0,4.0,TuShare index_daily,Archived FRED mirror (Hugging Face)
2017-08-04,3707.5796,3727.8264,-0.5431,-0.005446064422755287,3.63,363.0,0.0,TuShare index_daily,Archived FRED mirror (Hugging Face)
2017-08-07,3726.7948,3707.5796,0.5183,0.0051692965015135515,3.64,364.0,1.0,TuShare index_daily,Archived FRED mirror (Hugging Face)
2017-08-08,3732.2129,3726.7948,0.1454,0.0014527672234264035,3.64,364.0,0.0,TuShare index_daily,Archived FRED mirror (Hugging Face)
2017-08-09,3731.044,3732.2129,-0.0313,-0.00031324126322330027,3.81,381.0,17.0,TuShare index_daily,Archived FRED mirror (Hugging Face)
2017-08-10,3715.9208,3731.044,-0.4053,-0.004061579770028071,3.92,392.0,11.0,TuShare index_daily,Archived FRED mirror (Hugging Face)
2017-08-11,3647.3503,3715.9208,-1.8453,-0.018625548721311613,4.0,400.0,8.0,TuShare index_daily,Archived FRED mirror (Hugging Face)
2017-08-14,3694.6831,3647.3503,1.2977,0.012893827412384441,3.89,389.0,-11.0,TuShare index_daily,Archived FRED mirror (Hugging Face)
2017-08-15,3706.0566,3694.6831,0.3078,0.003073614102083343,3.87,387.0,-2.0,TuShare index_daily,Archived FRED mirror (Hugging Face)
2017-08-16,3701.4207,3706.0566,-0.1251,-0.001251681353180175,3.88,388.0,1.0,TuShare index_daily,Archived FRED mirror (Hugging Face)
2017-08-17,3721.277,3701.4207,0.5365,0.005350170023601936,3.93,393.0,5.0,TuShare index_daily,Archived FRED mirror (Hugging Face)
2017-08-18,3724.6748,3721.277,0.0913,0.0009126570590606256,3.98,398.0,5.0,TuShare index_daily,Archived FRED mirror (Hugging Face)
2017-08-21,3740.9941,3724.6748,0.4381,0.004371832239290388,4.0,400.0,2.0,TuShare index_daily,Archived FRED mirror (Hugging Face)
2017-08-22,3752.298,3740.9941,0.3022,0.0030170740507233697,3.93,393.0,-7.0,TuShare index_daily,Archived FRED mirror (Hugging Face)
2017-08-23,3756.0884,3752.298,0.101,0.0010096444482368895,3.95,395.0,2.0,TuShare index_daily,Archived FRED mirror (Hugging Face)
2017-08-24,3734.6458,3756.0884,-0.5709,-0.005725115321418205,3.91,391.0,-4.0,TuShare index_daily,Archived FRED mirror (Hugging Face)
2017-08-25,3795.7544,3734.6458,1.6363,0.0162301975467989,3.89,389.0,-2.0,TuShare index_daily,Archived FRED mirror (Hugging Face)
2017-08-28,3842.7119,3795.7544,1.2371,0.012295162328488495,3.88,388.0,-1.0,TuShare index_daily,Archived FRED mirror (Hugging Face)
2017-08-29,3834.5376,3842.7119,-0.2127,-0.002129487413170702,3.9,390.0,2.0,TuShare index_daily,Archived FRED mirror (Hugging Face)
2017-08-30,3834.3005,3834.5376,-0.0062,-6.183466047503646e-05,3.86,386.0,-4.0,TuShare index_daily,Archived FRED mirror (Hugging Face)
2017-08-31,3822.0928,3834.3005,-0.3184,-0.003188893220792988,3.85,385.0,-1.0,TuShare index_daily,Archived FRED mirror (Hugging Face)
2017-09-01,3830.5383,3822.0928,0.221,0.0022072156147009,3.82,382.0,-3.0,TuShare index_daily,Archived FRED mirror (Hugging Face)
2017-09-04,3845.6163,3830.5383,0.3936,0.003928534579551534,3.82,382.0,0.0,TuShare index_daily,Archived FRED mirror (Hugging Face)
2017-09-05,3857.0464,3845.6163,0.2972,0.0029678330299271072,3.91,391.0,9.0,TuShare index_daily,Archived FRED mirror (Hugging Face)
2017-09-06,3849.4499,3857.0464,-0.197,-0.0019714542548732172,3.84,384.0,-7.0,TuShare index_daily,Archived FRED mirror (Hugging Face)
2017-09-07,3829.8713,3849.4499,-0.5086,-0.0050990554792473795,3.88,388.0,4.0,TuShare index_daily,Archived FRED mirror (Hugging Face)
2017-09-08,3825.9895,3829.8713,-0.1014,-0.0010140728610560975,3.92,392.0,4.0,TuShare index_daily,Archived FRED mirror (Hugging Face)
2017-09-11,3825.6453,3825.9895,-0.009,-8.996770212613721e-05,3.85,385.0,-7.0,TuShare index_daily,Archived FRED mirror (Hugging Face)
2017-09-12,3837.9341,3825.6453,0.3212,0.003207068105229335,3.81,381.0,-4.0,TuShare index_daily,Archived FRED mirror (Hugging Face)
2017-09-13,3842.6061,3837.9341,0.1217,0.001216581244178713,3.78,378.0,-3.0,TuShare index_daily,Archived FRED mirror (Hugging Face)
2017-09-14,3829.9554,3842.6061,-0.3292,-0.0032976500648873265,3.74,374.0,-4.0,TuShare index_daily,Archived FRED mirror (Hugging Face)
2017-09-15,3831.2965,3829.9554,0.035,0.000350099443590409,3.73,373.0,-1.0,TuShare index_daily,Archived FRED mirror (Hugging Face)
2017-09-18,3843.1428,3831.2965,0.3092,0.003087211702567067,3.68,368.0,-5.0,TuShare index_daily,Archived FRED mirror (Hugging Face)
2017-09-19,3832.1161,3843.1428,-0.2869,-0.0028733122178582586,3.66,366.0,-2.0,TuShare index_daily,Archived FRED mirror (Hugging Face)
2017-09-20,3842.4353,3832.1161,0.2693,0.00268920114832173,3.6,360.0,-6.0,TuShare index_daily,Archived FRED mirror (Hugging Face)
2017-09-21,3837.8176,3842.4353,-0.1202,-0.0012024865890608793,3.62,362.0,2.0,TuShare index_daily,Archived FRED mirror (Hugging Face)
2017-09-22,3837.7304,3837.8176,-0.0023,-2.2721504706530016e-05,3.64,364.0,2.0,TuShare index_daily,Archived FRED mirror (Hugging Face)
2017-09-25,3817.7915,3837.7304,-0.5195,-0.005209036129921053,3.66,366.0,2.0,TuShare index_daily,Archived FRED mirror (Hugging Face)
2017-09-26,3820.7816,3817.7915,0.0783,0.0007828949500334316,3.62,362.0,-4.0,TuShare index_daily,Archived FRED mirror (Hugging Face)
2017-09-27,3821.2,3820.7816,0.011,0.00010950039461436072,3.57,357.0,-5.0,TuShare index_daily,Archived FRED mirror (Hugging Face)
2017-09-28,3822.5386,3821.2,0.035,0.00035024745971412797,3.57,357.0,0.0,TuShare index_daily,Archived FRED mirror (Hugging Face)
2017-09-29,3836.5013,3822.5386,0.3653,0.003646074612610034,3.54,354.0,-3.0,TuShare index_daily,Archived FRED mirror (Hugging Face)
2017-10-09,3882.2076,3836.5013,1.1914,0.01184312941977477,3.51,351.0,-1.0,TuShare index_daily,Archived FRED mirror (Hugging Face)
2017-10-10,3889.8637,3882.2076,0.1972,0.001970157550263779,3.52,352.0,1.0,TuShare index_daily,Archived FRED mirror (Hugging Face)
2017-10-11,3902.6868,3889.8637,0.3297,0.003291120557876686,3.52,352.0,0.0,TuShare index_daily,Archived FRED mirror (Hugging Face)
2017-10-12,3912.9536,3902.6868,0.2631,0.002627246234481852,3.56,356.0,4.0,TuShare index_daily,Archived FRED mirror (Hugging Face)
2017-10-13,3921.0017,3912.9536,0.2057,0.0020546716245297427,3.6,360.0,4.0,TuShare index_daily,Archived FRED mirror (Hugging Face)
2017-10-16,3913.4462,3921.0017,-0.1927,-0.0019287899897451727,3.53,353.0,-7.0,TuShare index_daily,Archived FRED mirror (Hugging Face)
2017-10-17,3913.0688,3913.4462,-0.0096,-9.644139193307079e-05,3.5,350.0,-3.0,TuShare index_daily,Archived FRED mirror (Hugging Face)
2017-10-18,3944.1626,3913.0688,0.7946,0.007914737579810524,3.46,346.0,-4.0,TuShare index_daily,Archived FRED mirror (Hugging Face)
2017-10-19,3931.2495,3944.1626,-0.3274,-0.0032793487905036084,3.48,348.0,2.0,TuShare index_daily,Archived FRED mirror (Hugging Face)
2017-10-20,3926.852,3931.2495,-0.1119,-0.0011192271973201407,3.42,342.0,-6.0,TuShare index_daily,Archived FRED mirror (Hugging Face)
2017-10-23,3930.7981,3926.852,0.1005,0.0010043970605767502,3.4,340.0,-2.0,TuShare index_daily,Archived FRED mirror (Hugging Face)
2017-10-24,3959.3953,3930.7981,0.7275,0.007248827442194198,3.38,338.0,-2.0,TuShare index_daily,Archived FRED mirror (Hugging Face)
2017-10-25,3976.949,3959.3953,0.4433,0.004423630820797213,3.42,342.0,4.0,TuShare index_daily,Archived FRED mirror (Hugging Face)
2017-10-26,3993.5752,3976.949,0.4181,0.004171927390893789,3.41,341.0,-1.0,TuShare index_daily,Archived FRED mirror (Hugging Face)
2017-10-27,4021.9676,3993.5752,0.711,0.0070843658265906375,3.44,344.0,3.0,TuShare index_daily,Archived FRED mirror (Hugging Face)
2017-10-30,4009.7218,4021.9676,-0.3045,-0.0030493732711187656,3.49,349.0,5.0,TuShare index_daily,Archived FRED mirror (Hugging Face)
2017-10-31,4006.7179,4009.7218,-0.0749,-0.0007494349743803357,3.51,351.0,2.0,TuShare index_daily,Archived FRED mirror (Hugging Face)
2017-11-01,3996.6221,4006.7179,-0.252,-0.002522898028820987,3.48,348.0,-3.0,TuShare index_daily,Archived FRED mirror (Hugging Face)
2017-11-02,3997.1343,3996.6221,0.0128,0.00012815001485439733,3.52,352.0,4.0,TuShare index_daily,Archived FRED mirror (Hugging Face)
2017-11-03,3992.6979,3997.1343,-0.111,-0.001110511546394529,3.52,352.0,0.0,TuShare index_daily,Archived FRED mirror (Hugging Face)
2017-11-06,4020.8896,3992.6979,0.7061,0.007036003862998055,3.55,355.0,3.0,TuShare index_daily,Archived FRED mirror (Hugging Face)
2017-11-07,4054.2465,4020.8896,0.8296,0.008261678643900625,3.57,357.0,2.0,TuShare index_daily,Archived FRED mirror (Hugging Face)
2017-11-08,4048.0057,4054.2465,-0.1539,-0.0015405102384266635,3.67,367.0,10.0,TuShare index_daily,Archived FRED mirror (Hugging Face)
2017-11-09,4075.8998,4048.0057,0.6891,0.006867192046937809,3.79,379.0,12.0,TuShare index_daily,Archived FRED mirror (Hugging Face)
2017-11-10,4111.9112,4075.8998,0.8835,0.008796400455064404,3.76,376.0,-3.0,TuShare index_daily,Archived FRED mirror (Hugging Face)
2017-11-13,4128.0733,4111.9112,0.3931,0.0039228522156154084,3.77,377.0,1.0,TuShare index_daily,Archived FRED mirror (Hugging Face)
2017-11-14,4099.351,4128.0733,-0.6958,-0.006982116306831353,3.84,384.0,7.0,TuShare index_daily,Archived FRED mirror (Hugging Face)
2017-11-15,4073.6696,4099.351,-0.6265,-0.006284453638224415,3.97,397.0,13.0,TuShare index_daily,Archived FRED mirror (Hugging Face)
2017-11-16,4105.0122,4073.6696,0.7694,0.0076645000258571145,3.79,379.0,-18.0,TuShare index_daily,Archived FRED mirror (Hugging Face)
2017-11-17,4120.8508,4105.0122,0.3858,0.0038509320112525168,3.76,376.0,-3.0,TuShare index_daily,Archived FRED mirror (Hugging Face)
2017-11-20,4143.8334,4120.8508,0.5577,0.005561654549717554,3.7,370.0,-6.0,TuShare index_daily,Archived FRED mirror (Hugging Face)
2017-11-21,4217.7015,4143.8334,1.7826,0.01766900996951351,3.66,366.0,-4.0,TuShare index_daily,Archived FRED mirror (Hugging Face)
2017-11-22,4227.5666,4217.7015,0.2339,0.0023362442423838147,3.7,370.0,4.0,TuShare index_daily,Archived FRED mirror (Hugging Face)
2017-11-23,4102.3966,4227.5666,-2.9608,-0.03005521613756193,3.7,370.0,0.0,TuShare index_daily,Archived FRED mirror (Hugging Face)
2017-11-24,4104.2034,4102.3966,0.044,0.00044032852318716474,3.67,367.0,-3.0,TuShare index_daily,Archived FRED mirror (Hugging Face)
2017-11-27,4049.9475,4104.2034,-1.322,-0.013307749972386596,3.66,366.0,-1.0,TuShare index_daily,Archived FRED mirror (Hugging Face)
2017-11-28,4055.8235,4049.9475,0.1451,0.0014498314914854682,3.67,367.0,1.0,TuShare index_daily,Archived FRED mirror (Hugging Face)
2017-11-29,4053.7529,4055.8235,-0.0511,-0.000510655536828198,3.64,364.0,-3.0,TuShare index_daily,Archived FRED mirror (Hugging Face)
2017-11-30,4006.0993,4053.7529,-1.1755,-0.011825069271435942,3.61,361.0,-3.0,TuShare index_daily,Archived FRED mirror (Hugging Face)
2017-12-01,3998.1365,4006.0993,-0.1988,-0.0019896471882695846,3.63,363.0,2.0,TuShare index_daily,Archived FRED mirror (Hugging Face)
2017-12-04,4018.8571,3998.1365,0.5183,0.005169181160029381,3.58,358.0,-5.0,TuShare index_daily,Archived FRED mirror (Hugging Face)
2017-12-05,4040.1704,4018.8571,0.5303,0.005289310574958369,3.57,357.0,-1.0,TuShare index_daily,Archived FRED mirror (Hugging Face)
2017-12-06,4015.8211,4040.1704,-0.6027,-0.006045034716964068,3.63,363.0,6.0,TuShare index_daily,Archived FRED mirror (Hugging Face)
2017-12-07,3971.0569,4015.8211,-1.1147,-0.011209553653571425,3.63,363.0,0.0,TuShare index_daily,Archived FRED mirror (Hugging Face)
2017-12-08,4003.3792,3971.0569,0.8139,0.008106523546348764,3.63,363.0,0.0,TuShare index_daily,Archived FRED mirror (Hugging Face)
2017-12-11,4069.4997,4003.3792,1.6516,0.016381263588608606,3.61,361.0,-2.0,TuShare index_daily,Archived FRED mirror (Hugging Face)
2017-12-12,4016.0163,4069.4997,-1.3143,-0.013229626919694766,3.58,358.0,-3.0,TuShare index_daily,Archived FRED mirror (Hugging Face)
2017-12-13,4050.0927,4016.0163,0.8485,0.008449328599258595,3.64,364.0,6.0,TuShare index_daily,Archived FRED mirror (Hugging Face)
2017-12-14,4026.1516,4050.0927,-0.5911,-0.005928787995797188,3.63,363.0,-1.0,TuShare index_daily,Archived FRED mirror (Hugging Face)
2017-12-15,3980.8558,4026.1516,-1.125,-0.011314160442207443,3.64,364.0,1.0,TuShare index_daily,Archived FRED mirror (Hugging Face)
2017-12-18,3985.2914,3980.8558,0.1114,0.001113612477157036,3.64,364.0,0.0,TuShare index_daily,Archived FRED mirror (Hugging Face)
2017-12-19,4035.3294,3985.2914,1.2556,0.012477500293090553,3.6,360.0,-4.0,TuShare index_daily,Archived FRED mirror (Hugging Face)
2017-12-20,4030.4898,4035.3294,-0.1199,-0.0012000270427034853,3.58,358.0,-2.0,TuShare index_daily,Archived FRED mirror (Hugging Face)
2017-12-21,4067.8485,4030.4898,0.9269,0.009226328569982019,3.57,357.0,-1.0,TuShare index_daily,Archived FRED mirror (Hugging Face)
2017-12-22,4054.5984,4067.8485,-0.3257,-0.003262591166558445,3.56,356.0,-1.0,TuShare index_daily,Archived FRED mirror (Hugging Face)
2017-12-26,4053.6224,4041.5401,0.299,0.0029850689153547018,3.57,357.0,1.0,TuShare index_daily,Archived FRED mirror (Hugging Face)
2017-12-27,3991.2075,4053.6224,-1.5397,-0.01551708441951503,3.59,359.0,2.0,TuShare index_daily,Archived FRED mirror (Hugging Face)
2017-12-28,4018.8974,3991.2075,0.6938,0.00691376970568803,3.55,355.0,-4.0,TuShare index_daily,Archived FRED mirror (Hugging Face)
2017-12-29,4030.8549,4018.8974,0.2975,0.002970901053686374,3.58,358.0,3.0,TuShare index_daily,Archived FRED mirror (Hugging Face)
2018-01-02,4087.4012,4030.8549,1.4028,0.013930877221025127,3.55,355.0,-8.0,TuShare index_daily,Archived FRED mirror (Hugging Face)
2018-01-03,4111.3925,4087.4012,0.587,0.005852414234214498,3.48,348.0,-7.0,TuShare index_daily,Archived FRED mirror (Hugging Face)
2018-01-04,4128.8119,4111.3925,0.4237,0.004227911129966085,3.4,340.0,-8.0,TuShare index_daily,Archived FRED mirror (Hugging Face)
2018-01-05,4138.7505,4128.8119,0.2407,0.0024042406471347275,3.36,336.0,-4.0,TuShare index_daily,Archived FRED mirror (Hugging Face)
2018-01-08,4160.1595,4138.7505,0.5173,0.0051594841955802774,3.35,335.0,-1.0,TuShare index_daily,Archived FRED mirror (Hugging Face)
2018-01-09,4189.2977,4160.1595,0.7004,0.006979691635886268,3.33,333.0,-2.0,TuShare index_daily,Archived FRED mirror (Hugging Face)
2018-01-10,4207.8132,4189.2977,0.442,0.004409976294888542,3.42,342.0,9.0,TuShare index_daily,Archived FRED mirror (Hugging Face)
2018-01-11,4205.5863,4207.8132,-0.0529,-0.000529369858641328,3.4,340.0,-2.0,TuShare index_daily,Archived FRED mirror (Hugging Face)
2018-01-12,4225.001,4205.5863,0.4616,0.004605784539051153,3.37,337.0,-3.0,TuShare index_daily,Archived FRED mirror (Hugging Face)
2018-01-15,4225.2393,4225.001,0.0056,5.640076296140589e-05,3.35,335.0,-2.0,TuShare index_daily,Archived FRED mirror (Hugging Face)
2018-01-16,4258.473,4225.2393,0.7866,0.0078347470597828,3.34,334.0,-1.0,TuShare index_daily,Archived FRED mirror (Hugging Face)
2018-01-17,4248.1164,4258.473,-0.2432,-0.002434960624066686,3.34,334.0,0.0,TuShare index_daily,Archived FRED mirror (Hugging Face)
2018-01-18,4271.4168,4248.1164,0.5485,0.0054698907905102205,3.35,335.0,1.0,TuShare index_daily,Archived FRED mirror (Hugging Face)
2018-01-19,4285.395,4271.4168,0.3272,0.003267154346892089,3.35,335.0,0.0,TuShare index_daily,Archived FRED mirror (Hugging Face)
2018-01-22,4336.5974,4285.395,1.1948,0.011877301568188106,3.32,332.0,-3.0,TuShare index_daily,Archived FRED mirror (Hugging Face)
2018-01-23,4382.6129,4336.5974,1.0611,0.010555067633287804,3.31,331.0,-1.0,TuShare index_daily,Archived FRED mirror (Hugging Face)
2018-01-24,4389.8853,4382.6129,0.1659,0.0016580001500516833,3.28,328.0,-3.0,TuShare index_daily,Archived FRED mirror (Hugging Face)
2018-01-25,4365.0794,4389.8853,-0.5651,-0.005666719908068406,3.28,328.0,0.0,TuShare index_daily,Archived FRED mirror (Hugging Face)
2018-01-26,4381.2996,4365.0794,0.3716,0.003709013431685871,3.23,323.0,-5.0,TuShare index_daily,Archived FRED mirror (Hugging Face)
2018-01-29,4302.0181,4381.2996,-1.8095,-0.018261154524616036,3.26,326.0,3.0,TuShare index_daily,Archived FRED mirror (Hugging Face)
2018-01-30,4256.1021,4302.0181,-1.0673,-0.010730496768858172,3.33,333.0,7.0,TuShare index_daily,Archived FRED mirror (Hugging Face)
2018-01-31,4275.8986,4256.1021,0.4651,0.0046405377172039795,3.29,329.0,-4.0,TuShare index_daily,Archived FRED mirror (Hugging Face)
2018-02-01,4245.8978,4275.8986,-0.7016,-0.007040985851740781,3.29,329.0,0.0,TuShare index_daily,Archived FRED mirror (Hugging Face)
2018-02-02,4271.2326,4245.8978,0.5967,0.005949157411450897,3.36,336.0,7.0,TuShare index_daily,Archived FRED mirror (Hugging Face)
2018-02-05,4274.1464,4271.2326,0.0682,0.0006819592467287383,3.48,348.0,12.0,TuShare index_daily,Archived FRED mirror (Hugging Face)
2018-02-06,4148.8856,4274.1464,-2.9307,-0.02974464187543662,3.6,360.0,12.0,TuShare index_daily,Archived FRED mirror (Hugging Face)
2018-02-07,4050.4972,4148.8856,-2.3714,-0.024000129045968894,3.46,346.0,-14.0,TuShare index_daily,Archived FRED mirror (Hugging Face)
2018-02-08,4012.0472,4050.4972,-0.9493,-0.009538004279119664,3.59,359.0,13.0,TuShare index_daily,Archived FRED mirror (Hugging Face)
2018-02-09,3840.6527,4012.0472,-4.272,-0.04365930862233555,3.82,382.0,23.0,TuShare index_daily,Archived FRED mirror (Hugging Face)
2018-02-12,3890.1046,3840.6527,1.2876,0.012793720614961816,3.71,371.0,-11.0,TuShare index_daily,Archived FRED mirror (Hugging Face)
2018-02-13,3935.6324,3890.1046,1.1703,0.011635533790549657,3.78,378.0,7.0,TuShare index_daily,Archived FRED mirror (Hugging Face)
2018-02-14,3966.9614,3935.6324,0.796,0.007928830690543,3.69,369.0,-9.0,TuShare index_daily,Archived FRED mirror (Hugging Face)
2018-02-22,4052.7332,3966.9614,2.1622,0.021391106487451253,3.53,353.0,7.0,TuShare index_daily,Archived FRED mirror (Hugging Face)
2018-02-23,4071.0889,4052.7332,0.4529,0.004518988971263035,3.58,358.0,5.0,TuShare index_daily,Archived FRED mirror (Hugging Face)
2018-02-26,4118.4186,4071.0889,1.1626,0.011558748057687147,3.5,350.0,-8.0,TuShare index_daily,Archived FRED mirror (Hugging Face)
2018-02-27,4058.9806,4118.4186,-1.4432,-0.01453739638348993,3.47,347.0,-3.0,TuShare index_daily,Archived FRED mirror (Hugging Face)
2018-02-28,4023.6415,4058.9806,-0.8706,-0.008744519971607157,3.47,347.0,0.0,TuShare index_daily,Archived FRED mirror (Hugging Face)
2018-03-01,4049.0863,4023.6415,0.6324,0.006303912356162683,3.59,359.0,12.0,TuShare index_daily,Archived FRED mirror (Hugging Face)
2018-03-02,4016.461,4049.0863,-0.8057,-0.008090084089436332,3.65,365.0,6.0,TuShare index_daily,Archived FRED mirror (Hugging Face)
2018-03-05,4018.097,4016.461,0.0407,0.0004072408270897777,3.59,359.0,-6.0,TuShare index_daily,Archived FRED mirror (Hugging Face)
2018-03-06,4066.5647,4018.097,1.2062,0.011990181521049881,3.53,353.0,-6.0,TuShare index_daily,Archived FRED mirror (Hugging Face)
2018-03-07,4036.6536,4066.5647,-0.7355,-0.0073825570888245776,3.56,356.0,3.0,TuShare index_daily,Archived FRED mirror (Hugging Face)
2018-03-08,4077.6001,4036.6536,1.0144,0.01009257267049201,3.56,356.0,0.0,TuShare index_daily,Archived FRED mirror (Hugging Face)
2018-03-09,4108.8652,4077.6001,0.7668,0.007638278759686679,3.53,353.0,-3.0,TuShare index_daily,Archived FRED mirror (Hugging Face)
2018-03-12,4127.6662,4108.8652,0.4576,0.0045652791790092165,3.55,355.0,2.0,TuShare index_daily,Archived FRED mirror (Hugging Face)
2018-03-13,4091.2533,4127.6662,-0.8822,-0.00886080907424242,3.58,358.0,3.0,TuShare index_daily,Archived FRED mirror (Hugging Face)
2018-03-14,4073.3447,4091.2533,-0.4377,-0.0043868978535668065,3.62,362.0,4.0,TuShare index_daily,Archived FRED mirror (Hugging Face)
2018-03-15,4096.1627,4073.3447,0.5602,0.005586153049198009,3.62,362.0,0.0,TuShare index_daily,Archived FRED mirror (Hugging Face)
2018-03-16,4056.4226,4096.1627,-0.9702,-0.00974915644516685,3.6,360.0,-2.0,TuShare index_daily,Archived FRED mirror (Hugging Face)
2018-03-19,4074.2479,4056.4226,0.4394,0.004384713058697811,3.65,365.0,5.0,TuShare index_daily,Archived FRED mirror (Hugging Face)
2018-03-20,4077.7041,4074.2479,0.0848,0.0008479441996437564,3.62,362.0,-3.0,TuShare index_daily,Archived FRED mirror (Hugging Face)
2018-03-21,4061.0502,4077.7041,-0.4084,-0.004092499326107085,3.6,360.0,-2.0,TuShare index_daily,Archived FRED mirror (Hugging Face)
2018-03-22,4020.349,4061.0502,-1.0022,-0.01007289533203283,3.7,370.0,10.0,TuShare index_daily,Archived FRED mirror (Hugging Face)
2018-03-23,3904.9355,4020.349,-2.8707,-0.029127448913337784,3.74,374.0,4.0,TuShare index_daily,Archived FRED mirror (Hugging Face)
2018-03-26,3879.893,3904.9355,-0.6413,-0.006433689934372874,3.73,373.0,-1.0,TuShare index_daily,Archived FRED mirror (Hugging Face)
2018-03-27,3913.2689,3879.893,0.8602,0.008565484584295732,3.75,375.0,2.0,TuShare index_daily,Archived FRED mirror (Hugging Face)
2018-03-28,3842.7155,3913.2689,-1.8029,-0.018193782382508124,3.77,377.0,2.0,TuShare index_daily,Archived FRED mirror (Hugging Face)
2018-03-29,3894.0498,3842.7155,1.3359,0.013270417637119006,3.79,379.0,2.0,TuShare index_daily,Archived FRED mirror (Hugging Face)
2018-04-02,3886.9189,3898.4977,-0.297,-0.0029744865642820487,3.77,377.0,5.0,TuShare index_daily,Archived FRED mirror (Hugging Face)
2018-04-03,3862.4796,3886.9189,-0.6288,-0.0063074265760417105,3.71,371.0,-6.0,TuShare index_daily,Archived FRED mirror (Hugging Face)
2018-04-04,3854.8625,3862.4796,-0.1972,-0.001974022241025953,3.71,371.0,0.0,TuShare index_daily,Archived FRED mirror (Hugging Face)
2018-04-09,3852.9292,3854.8625,-0.0502,-0.0005016482322799196,3.61,361.0,-3.0,TuShare index_daily,Archived FRED mirror (Hugging Face)
2018-04-10,3927.1729,3852.9292,1.9269,0.01908611296393232,3.52,352.0,-9.0,TuShare index_daily,Archived FRED mirror (Hugging Face)
2018-04-11,3938.3434,3927.1729,0.2844,0.0028403748931388356,3.5,350.0,-2.0,TuShare index_daily,Archived FRED mirror (Hugging Face)
2018-04-12,3898.6354,3938.3434,-1.0082,-0.010133583568970973,3.42,342.0,-8.0,TuShare index_daily,Archived FRED mirror (Hugging Face)
2018-04-13,3871.1443,3898.6354,-0.7051,-0.007076446381222022,3.38,338.0,-4.0,TuShare index_daily,Archived FRED mirror (Hugging Face)
2018-04-16,3808.863,3871.1443,-1.6089,-0.016219428685991556,3.33,333.0,-5.0,TuShare index_daily,Archived FRED mirror (Hugging Face)
2018-04-17,3748.6412,3808.863,-1.5811,-0.015937291751862186,3.29,329.0,-4.0,TuShare index_daily,Archived FRED mirror (Hugging Face)
2018-04-18,3766.282,3748.6412,0.4706,0.0046948802891430465,3.24,324.0,-5.0,TuShare index_daily,Archived FRED mirror (Hugging Face)
2018-04-19,3811.843,3766.282,1.2097,0.012024491273144259,3.33,333.0,9.0,TuShare index_daily,Archived FRED mirror (Hugging Face)
2018-04-20,3760.8543,3811.843,-1.3376,-0.013466660173615443,3.33,333.0,0.0,TuShare index_daily,Archived FRED mirror (Hugging Face)
2018-04-23,3766.3257,3760.8543,0.1455,0.0014537717880077582,3.36,336.0,3.0,TuShare index_daily,Archived FRED mirror (Hugging Face)
2018-04-24,3843.4886,3766.3257,2.0488,0.020280532927162264,3.41,341.0,5.0,TuShare index_daily,Archived FRED mirror (Hugging Face)
2018-04-25,3828.7015,3843.4886,-0.3847,-0.0038547319910832763,3.47,347.0,6.0,TuShare index_daily,Archived FRED mirror (Hugging Face)
2018-04-26,3755.4941,3828.7015,-1.9121,-0.01930585065145748,3.43,343.0,-4.0,TuShare index_daily,Archived FRED mirror (Hugging Face)
2018-04-27,3756.8765,3755.4941,0.0368,0.0003680329656801829,3.44,344.0,1.0,TuShare index_daily,Archived FRED mirror (Hugging Face)
2018-05-02,3763.6461,3756.8765,0.1802,0.0018003009068554776,3.45,345.0,-2.0,TuShare index_daily,Archived FRED mirror (Hugging Face)
2018-05-03,3793.0001,3763.6461,0.7799,0.0077690940850433,3.5,350.0,5.0,TuShare index_daily,Archived FRED mirror (Hugging Face)
2018-05-04,3774.5981,3793.0001,-0.4852,-0.0048633756139366815,3.49,349.0,-1.0,TuShare index_daily,Archived FRED mirror (Hugging Face)
2018-05-07,3834.1877,3774.5981,1.5787,0.015663686671114112,3.46,346.0,-3.0,TuShare index_daily,Archived FRED mirror (Hugging Face)
2018-05-08,3878.6767,3834.1877,1.1603,0.011536438632792785,3.46,346.0,0.0,TuShare index_daily,Archived FRED mirror (Hugging Face)
2018-05-09,3871.6152,3878.6767,-0.1821,-0.00182225445058165,3.43,343.0,-3.0,TuShare index_daily,Archived FRED mirror (Hugging Face)
2018-05-10,3893.0565,3871.6152,0.5538,0.00552279744136965,3.41,341.0,-2.0,TuShare index_daily,Archived FRED mirror (Hugging Face)
2018-05-11,3872.8383,3893.0565,-0.5193,-0.005206932671784782,3.4,340.0,-1.0,TuShare index_daily,Archived FRED mirror (Hugging Face)
2018-05-14,3909.2933,3872.8383,0.9413,0.009368966893457287,3.37,337.0,-3.0,TuShare index_daily,Archived FRED mirror (Hugging Face)
2018-05-15,3924.0975,3909.2933,0.3787,0.0037797725156862973,3.36,336.0,-1.0,TuShare index_daily,Archived FRED mirror (Hugging Face)
2018-05-16,3892.8442,3924.0975,-0.7964,-0.007996341211463335,3.37,337.0,1.0,TuShare index_daily,Archived FRED mirror (Hugging Face)
2018-05-17,3864.0507,3892.8442,-0.7397,-0.007424009895567731,3.36,336.0,-1.0,TuShare index_daily,Archived FRED mirror (Hugging Face)
2018-05-18,3903.0637,3864.0507,1.0096,0.010045771461980648,3.41,341.0,5.0,TuShare index_daily,Archived FRED mirror (Hugging Face)
2018-05-21,3921.2421,3903.0637,0.4657,0.004646657012846476,3.4,340.0,-1.0,TuShare index_daily,Archived FRED mirror (Hugging Face)
2018-05-22,3906.2081,3921.2421,-0.3834,-0.0038413578119837126,3.39,339.0,-1.0,TuShare index_daily,Archived FRED mirror (Hugging Face)
2018-05-23,3854.5825,3906.2081,-1.3216,-0.013304407802632041,3.48,348.0,9.0,TuShare index_daily,Archived FRED mirror (Hugging Face)
2018-05-24,3827.217,3854.5825,-0.7099,-0.007124793028526381,3.49,349.0,1.0,TuShare index_daily,Archived FRED mirror (Hugging Face)
2018-05-25,3816.498,3827.217,-0.2801,-0.0028046589979882457,3.53,353.0,4.0,TuShare index_daily,Archived FRED mirror (Hugging Face)
2018-05-28,3833.2599,3816.498,0.4392,0.004382341779967459,3.53,353.0,0.0,TuShare index_daily,Archived FRED mirror (Hugging Face)
2018-05-29,3804.0093,3833.2599,-0.7631,-0.007660000520758945,3.75,375.0,22.0,TuShare index_daily,Archived FRED mirror (Hugging Face)
2018-05-30,3723.3724,3804.0093,-2.1198,-0.02142577272682183,3.64,364.0,-11.0,TuShare index_daily,Archived FRED mirror (Hugging Face)
2018-05-31,3802.3759,3723.3724,2.1218,0.02099629144703934,3.63,363.0,-1.0,TuShare index_daily,Archived FRED mirror (Hugging Face)
2018-06-01,3770.5891,3802.3759,-0.836,-0.008394858995770414,3.55,355.0,-8.0,TuShare index_daily,Archived FRED mirror (Hugging Face)
2018-06-04,3807.5781,3770.5891,0.981,0.009762068524331617,3.49,349.0,-6.0,TuShare index_daily,Archived FRED mirror (Hugging Face)
2018-06-05,3845.3164,3807.5781,0.9911,0.009862570534798203,3.5,350.0,1.0,TuShare index_daily,Archived FRED mirror (Hugging Face)
2018-06-06,3837.3511,3845.3164,-0.2071,-0.002073577401091168,3.44,344.0,-6.0,TuShare index_daily,Archived FRED mirror (Hugging Face)
2018-06-07,3831.0128,3837.3511,-0.1652,-0.0016531039804767416,3.44,344.0,0.0,TuShare index_daily,Archived FRED mirror (Hugging Face)
2018-06-08,3779.6159,3831.0128,-1.3416,-0.013506816165262114,3.45,345.0,1.0,TuShare index_daily,Archived FRED mirror (Hugging Face)
2018-06-11,3779.9818,3779.6159,0.0097,9.680409323518328e-05,3.39,339.0,-6.0,TuShare index_daily,Archived FRED mirror (Hugging Face)
2018-06-12,3825.9534,3779.9818,1.2162,0.012088496316527605,3.38,338.0,-1.0,TuShare index_daily,Archived FRED mirror (Hugging Face)
2018-06-13,3788.3391,3825.9534,-0.9831,-0.00988000026904556,3.33,333.0,-5.0,TuShare index_daily,Archived FRED mirror (Hugging Face)
2018-06-14,3773.3655,3788.3391,-0.3953,-0.003960382046998095,3.31,331.0,-2.0,TuShare index_daily,Archived FRED mirror (Hugging Face)
2018-06-15,3753.4338,3773.3655,-0.5282,-0.0052962078024381964,3.33,333.0,2.0,TuShare index_daily,Archived FRED mirror (Hugging Face)
2018-06-19,3621.1166,3753.4338,-3.5252,-0.035888669688640594,3.4,340.0,6.0,TuShare index_daily,Archived FRED mirror (Hugging Face)
2018-06-20,3635.4436,3621.1166,0.3957,0.00394870798864066,3.34,334.0,-6.0,TuShare index_daily,Archived FRED mirror (Hugging Face)
2018-06-21,3592.965,3635.4436,-1.1685,-0.011753372382572898,3.39,339.0,5.0,TuShare index_daily,Archived FRED mirror (Hugging Face)
2018-06-22,3608.9046,3592.965,0.4436,0.00442652447549438,3.39,339.0,0.0,TuShare index_daily,Archived FRED mirror (Hugging Face)
2018-06-25,3560.4777,3608.9046,-1.3419,-0.01350957014091455,3.47,347.0,8.0,TuShare index_daily,Archived FRED mirror (Hugging Face)
2018-06-26,3531.1112,3560.4777,-0.8248,-0.008282112309727857,3.48,348.0,1.0,TuShare index_daily,Archived FRED mirror (Hugging Face)
2018-06-27,3459.2621,3531.1112,-2.0347,-0.02055730851614087,3.56,356.0,8.0,TuShare index_daily,Archived FRED mirror (Hugging Face)
2018-06-28,3423.5255,3459.2621,-1.0331,-0.0103844323604346,3.64,364.0,8.0,TuShare index_daily,Archived FRED mirror (Hugging Face)
2018-06-29,3510.9845,3423.5255,2.5546,0.025225614411043255,3.61,361.0,-3.0,TuShare index_daily,Archived FRED mirror (Hugging Face)
2018-07-02,3407.9638,3510.9845,-2.9342,-0.029781495634955715,3.78,378.0,7.0,TuShare index_daily,Archived FRED mirror (Hugging Face)
2018-07-03,3409.2801,3407.9638,0.0386,0.0003861677932213714,3.77,377.0,-1.0,TuShare index_daily,Archived FRED mirror (Hugging Face)
2018-07-04,3363.7473,3409.2801,-1.3356,-0.013445534255077423,3.77,377.0,0.0,TuShare index_daily,Archived FRED mirror (Hugging Face)
2018-07-05,3342.4379,3363.7473,-0.6335,-0.0063551694697030125,3.74,374.0,-3.0,TuShare index_daily,Archived FRED mirror (Hugging Face)
2018-07-06,3365.1227,3342.4379,0.6787,0.006763975114381641,3.74,374.0,0.0,TuShare index_daily,Archived FRED mirror (Hugging Face)
2018-07-09,3459.1837,3365.1227,2.7952,0.027568210351744886,3.65,365.0,-9.0,TuShare index_daily,Archived FRED mirror (Hugging Face)
2018-07-10,3467.5155,3459.1837,0.2409,0.002405706896671865,3.59,359.0,-6.0,TuShare index_daily,Archived FRED mirror (Hugging Face)
2018-07-11,3407.5297,3467.5155,-1.7299,-0.017450742658102533,3.66,366.0,7.0,TuShare index_daily,Archived FRED mirror (Hugging Face)
2018-07-12,3481.0559,3407.5297,2.1578,0.021348066686149133,3.61,361.0,-5.0,TuShare index_daily,Archived FRED mirror (Hugging Face)
2018-07-13,3492.6897,3481.0559,0.3342,0.0033364597619537804,3.62,362.0,1.0,TuShare index_daily,Archived FRED mirror (Hugging Face)
2018-07-16,3472.0859,3492.6897,-0.5899,-0.005916589790701419,3.59,359.0,-3.0,TuShare index_daily,Archived FRED mirror (Hugging Face)
2018-07-17,3449.3773,3472.0859,-0.654,-0.0065618152765978205,3.58,358.0,-1.0,TuShare index_daily,Archived FRED mirror (Hugging Face)
2018-07-18,3431.3227,3449.3773,-0.5234,-0.005247908333775128,3.56,356.0,-2.0,TuShare index_daily,Archived FRED mirror (Hugging Face)
2018-07-19,3428.343,3431.3227,-0.0868,-0.000868759592004376,3.59,359.0,3.0,TuShare index_daily,Archived FRED mirror (Hugging Face)
2018-07-20,3492.8938,3428.343,1.8829,0.018653507624934004,3.55,355.0,-4.0,TuShare index_daily,Archived FRED mirror (Hugging Face)
2018-07-23,3525.7503,3492.8938,0.9407,0.009362702980465857,3.5,350.0,-5.0,TuShare index_daily,Archived FRED mirror (Hugging Face)
2018-07-24,3581.7057,3525.7503,1.587,0.015745874780628118,3.47,347.0,-3.0,TuShare index_daily,Archived FRED mirror (Hugging Face)
2018-07-25,3577.7522,3581.7057,-0.1104,-0.001104413338850653,3.48,348.0,1.0,TuShare index_daily,Archived FRED mirror (Hugging Face)
2018-07-26,3536.2456,3577.7522,-1.1601,-0.011669126743320535,3.42,342.0,-6.0,TuShare index_daily,Archived FRED mirror (Hugging Face)
2018-07-27,3521.2269,3536.2456,-0.4247,-0.004256119360411777,3.42,342.0,0.0,TuShare index_daily,Archived FRED mirror (Hugging Face)
2018-07-30,3515.0794,3521.2269,-0.1746,-0.0017473661043363438,3.43,343.0,1.0,TuShare index_daily,Archived FRED mirror (Hugging Face)
2018-07-31,3517.6568,3515.0794,0.0733,0.0007329722151080376,3.46,346.0,3.0,TuShare index_daily,Archived FRED mirror (Hugging Face)
2018-08-01,3447.3882,3517.6568,-1.9976,-0.020178185264417878,3.43,343.0,-3.0,TuShare index_daily,Archived FRED mirror (Hugging Face)
2018-08-02,3370.9579,3447.3882,-2.217,-0.022419953564654645,3.43,343.0,0.0,TuShare index_daily,Archived FRED mirror (Hugging Face)
2018-08-03,3315.2839,3370.9579,-1.6516,-0.01665368630174887,3.43,343.0,0.0,TuShare index_daily,Archived FRED mirror (Hugging Face)
2018-08-06,3273.2728,3315.2839,-1.2672,-0.012752920340904368,3.43,343.0,0.0,TuShare index_daily,Archived FRED mirror (Hugging Face)
2018-08-07,3368.8695,3273.2728,2.9205,0.028786887488765636,3.35,335.0,-8.0,TuShare index_daily,Archived FRED mirror (Hugging Face)
2018-08-08,3314.5075,3368.8695,-1.6137,-0.016268182662861997,3.37,337.0,2.0,TuShare index_daily,Archived FRED mirror (Hugging Face)
2018-08-09,3397.5298,3314.5075,2.5048,0.02473959267847368,3.38,338.0,1.0,TuShare index_daily,Archived FRED mirror (Hugging Face)
2018-08-10,3405.0191,3397.5298,0.2204,0.0022019108237307785,3.5,350.0,12.0,TuShare index_daily,Archived FRED mirror (Hugging Face)
2018-08-13,3390.3441,3405.0191,-0.431,-0.004319128317775212,3.52,352.0,2.0,TuShare index_daily,Archived FRED mirror (Hugging Face)
2018-08-14,3372.9137,3390.3441,-0.5141,-0.005154450445881381,3.48,348.0,-4.0,TuShare index_daily,Archived FRED mirror (Hugging Face)
2018-08-15,3291.976,3372.9137,-2.3996,-0.024288977832754376,3.55,355.0,7.0,TuShare index_daily,Archived FRED mirror (Hugging Face)
2018-08-16,3276.7276,3291.976,-0.4632,-0.0046427509349338284,3.49,349.0,-6.0,TuShare index_daily,Archived FRED mirror (Hugging Face)
2018-08-17,3229.6198,3276.7276,-1.4376,-0.014480820124350875,3.49,349.0,0.0,TuShare index_daily,Archived FRED mirror (Hugging Face)
2018-08-20,3267.2498,3229.6198,1.1652,0.01158416995345613,3.52,352.0,3.0,TuShare index_daily,Archived FRED mirror (Hugging Face)
2018-08-21,3326.6489,3267.2498,1.818,0.018016869678191053,3.48,348.0,-4.0,TuShare index_daily,Archived FRED mirror (Hugging Face)
2018-08-22,3307.9545,3326.6489,-0.562,-0.005635438427250307,3.48,348.0,0.0,TuShare index_daily,Archived FRED mirror (Hugging Face)
2018-08-23,3320.0257,3307.9545,0.3649,0.003642501329903129,3.47,347.0,-1.0,TuShare index_daily,Archived FRED mirror (Hugging Face)
2018-08-24,3325.3347,3320.0257,0.1599,0.0015978068336168277,3.46,346.0,-1.0,TuShare index_daily,Archived FRED mirror (Hugging Face)
2018-08-27,3406.5735,3325.3347,2.443,0.024136616700972842,3.43,343.0,-3.0,TuShare index_daily,Archived FRED mirror (Hugging Face)
2018-08-28,3400.1705,3406.5735,-0.188,-0.0018813699732636035,3.4,340.0,-3.0,TuShare index_daily,Archived FRED mirror (Hugging Face)
2018-08-29,3386.5736,3400.1705,-0.3999,-0.004006904633942815,3.39,339.0,-1.0,TuShare index_daily,Archived FRED mirror (Hugging Face)
2018-08-30,3351.0942,3386.5736,-1.0476,-0.010531753417970224,3.44,344.0,5.0,TuShare index_daily,Archived FRED mirror (Hugging Face)
2018-08-31,3334.5036,3351.0942,-0.4951,-0.0049630966599312565,3.49,349.0,5.0,TuShare index_daily,Archived FRED mirror (Hugging Face)
2018-09-03,3321.8248,3334.5036,-0.3802,-0.0038095522251032424,3.49,349.0,0.0,TuShare index_daily,Archived FRED mirror (Hugging Face)
2018-09-04,3363.8984,3321.8248,1.2666,0.012586269027628546,3.46,346.0,-3.0,TuShare index_daily,Archived FRED mirror (Hugging Face)
2018-09-05,3298.1412,3363.8984,-1.9548,-0.019741502466815615,3.49,349.0,3.0,TuShare index_daily,Archived FRED mirror (Hugging Face)
2018-09-06,3262.8808,3298.1412,-1.0691,-0.01074855090344283,3.52,352.0,3.0,TuShare index_daily,Archived FRED mirror (Hugging Face)
2018-09-07,3277.6438,3262.8808,0.4525,0.004514324453855149,3.48,348.0,-4.0,TuShare index_daily,Archived FRED mirror (Hugging Face)
2018-09-10,3230.0681,3277.6438,-1.4515,-0.014621589994254605,3.46,346.0,-2.0,TuShare index_daily,Archived FRED mirror (Hugging Face)
2018-09-11,3224.2116,3230.0681,-0.1813,-0.0018147653586513468,3.4,340.0,-6.0,TuShare index_daily,Archived FRED mirror (Hugging Face)
2018-09-12,3202.0248,3224.2116,-0.6881,-0.006905095541184463,3.38,338.0,-2.0,TuShare index_daily,Archived FRED mirror (Hugging Face)
2018-09-13,3236.5662,3202.0248,1.0787,0.010729593284784572,3.35,335.0,-3.0,TuShare index_daily,Archived FRED mirror (Hugging Face)
2018-09-14,3242.0902,3236.5662,0.1707,0.001705292269754922,3.29,329.0,-6.0,TuShare index_daily,Archived FRED mirror (Hugging Face)
2018-09-17,3204.9224,3242.0902,-1.1464,-0.01153036734731709,3.29,329.0,0.0,TuShare index_daily,Archived FRED mirror (Hugging Face)
2018-09-18,3269.4319,3204.9224,2.0128,0.01992836101832585,3.24,324.0,-5.0,TuShare index_daily,Archived FRED mirror (Hugging Face)
2018-09-19,3312.4823,3269.4319,1.3168,0.013081608972484867,3.24,324.0,0.0,TuShare index_daily,Archived FRED mirror (Hugging Face)
2018-09-20,3310.1258,3312.4823,-0.0711,-0.0007116531927820131,3.25,325.0,1.0,TuShare index_daily,Archived FRED mirror (Hugging Face)
2018-09-21,3410.4856,3310.1258,3.0319,0.029868491139865755,3.25,325.0,0.0,TuShare index_daily,Archived FRED mirror (Hugging Face)
2018-09-25,3379.8043,3410.4856,-0.8996,-0.009036877438513951,3.26,326.0,-2.0,TuShare index_daily,Archived FRED mirror (Hugging Face)
2018-09-26,3417.2413,3379.8043,1.1077,0.011015779730180341,3.27,327.0,1.0,TuShare index_daily,Archived FRED mirror (Hugging Face)
2018-09-27,3403.5902,3417.2413,-0.3995,-0.004002772455734116,3.25,325.0,-2.0,TuShare index_daily,Archived FRED mirror (Hugging Face)
2018-09-28,3438.8649,3403.5902,1.0364,0.010310630317834349,3.24,324.0,-1.0,TuShare index_daily,Archived FRED mirror (Hugging Face)
2018-10-08,3290.8988,3438.8649,-4.3028,-0.04398072704604592,3.32,332.0,0.0,TuShare index_daily,Archived FRED mirror (Hugging Face)
2018-10-09,3288.6906,3290.8988,-0.0671,-0.0006712273209352538,3.41,341.0,9.0,TuShare index_daily,Archived FRED mirror (Hugging Face)
2018-10-10,3281.5978,3288.6906,-0.2157,-0.0021590537046332764,3.51,351.0,10.0,TuShare index_daily,Archived FRED mirror (Hugging Face)
2018-10-11,3124.1139,3281.5978,-4.799,-0.04917974695117834,3.58,358.0,7.0,TuShare index_daily,Archived FRED mirror (Hugging Face)
2018-10-12,3170.7262,3124.1139,1.492,0.0148099558467938,3.54,354.0,-4.0,TuShare index_daily,Archived FRED mirror (Hugging Face)
2018-10-15,3126.4516,3170.7262,-1.3964,-0.014061959490625714,3.49,349.0,-5.0,TuShare index_daily,Archived FRED mirror (Hugging Face)
2018-10-16,3100.9738,3126.4516,-0.8149,-0.008182496140899246,3.45,345.0,-4.0,TuShare index_daily,Archived FRED mirror (Hugging Face)
2018-10-17,3118.2463,3100.9738,0.557,0.0055545692648370695,3.45,345.0,0.0,TuShare index_daily,Archived FRED mirror (Hugging Face)
2018-10-18,3044.3918,3118.2463,-2.3685,-0.023969616522507044,3.51,351.0,6.0,TuShare index_daily,Archived FRED mirror (Hugging Face)
2018-10-19,3134.9455,3044.3918,2.9744,0.029310645626263784,3.51,351.0,0.0,TuShare index_daily,Archived FRED mirror (Hugging Face)
2018-10-22,3270.2732,3134.9455,4.3167,0.042261739256125835,3.52,352.0,1.0,TuShare index_daily,Archived FRED mirror (Hugging Face)
2018-10-23,3183.4257,3270.2732,-2.6557,-0.026915647709496032,3.65,365.0,13.0,TuShare index_daily,Archived FRED mirror (Hugging Face)
2018-10-24,3188.2018,3183.4257,0.15,0.0014991776887575102,3.68,368.0,3.0,TuShare index_daily,Archived FRED mirror (Hugging Face)
2018-10-25,3194.3084,3188.2018,0.1915,0.0019135423750204369,3.72,372.0,4.0,TuShare index_daily,Archived FRED mirror (Hugging Face)
2018-10-26,3173.635,3194.3084,-0.6472,-0.006492982531994522,3.85,385.0,13.0,TuShare index_daily,Archived FRED mirror (Hugging Face)
2018-10-29,3076.8889,3173.635,-3.0484,-0.03095862955146051,3.84,384.0,-1.0,TuShare index_daily,Archived FRED mirror (Hugging Face)
2018-10-30,3110.2605,3076.8889,1.0846,0.010787495650464536,3.89,389.0,5.0,TuShare index_daily,Archived FRED mirror (Hugging Face)
2018-10-31,3153.8234,3110.2605,1.4006,0.013909009841423929,3.81,381.0,-8.0,TuShare index_daily,Archived FRED mirror (Hugging Face)
2018-11-01,3177.0338,3153.8234,0.7359,0.007332499615765938,3.81,381.0,0.0,TuShare index_daily,Archived FRED mirror (Hugging Face)
2018-11-02,3290.2455,3177.0338,3.5634,0.03501418785576726,3.72,372.0,-9.0,TuShare index_daily,Archived FRED mirror (Hugging Face)
2018-11-05,3262.8351,3290.2455,-0.8331,-0.008365702036225015,3.72,372.0,0.0,TuShare index_daily,Archived FRED mirror (Hugging Face)
2018-11-06,3243.1504,3262.8351,-0.6033,-0.006051276956503466,3.68,368.0,-4.0,TuShare index_daily,Archived FRED mirror (Hugging Face)
2018-11-07,3221.9101,3243.1504,-0.6549,-0.006570820620157931,3.6,360.0,-8.0,TuShare index_daily,Archived FRED mirror (Hugging Face)
2018-11-08,3212.7737,3221.9101,-0.2836,-0.0028397374055093238,3.57,357.0,-3.0,TuShare index_daily,Archived FRED mirror (Hugging Face)
2018-11-09,3167.4442,3212.7737,-1.4109,-0.014209628394483092,3.71,371.0,14.0,TuShare index_daily,Archived FRED mirror (Hugging Face)
2018-11-12,3205.1407,3167.4442,1.1901,0.011830972923802153,3.71,371.0,0.0,TuShare index_daily,Archived FRED mirror (Hugging Face)
2018-11-13,3237.3823,3205.1407,1.0059,0.01000908158737834,3.89,389.0,18.0,TuShare index_daily,Archived FRED mirror (Hugging Face)
2018-11-14,3204.9427,3237.3823,-1.002,-0.010070859254752394,3.99,399.0,10.0,TuShare index_daily,Archived FRED mirror (Hugging Face)
2018-11-15,3242.3715,3204.9427,1.1678,0.011610794610305406,4.11,411.00000000000006,12.000000000000057,TuShare index_daily,Archived FRED mirror (Hugging Face)
2018-11-16,3257.6735,3242.3715,0.4719,0.004708283794282228,4.18,418.0,6.999999999999943,TuShare index_daily,Archived FRED mirror (Hugging Face)
2018-11-19,3294.6031,3257.6735,1.1336,0.011272415161681665,4.25,425.0,7.0,TuShare index_daily,Archived FRED mirror (Hugging Face)
2018-11-20,3218.4076,3294.6031,-2.3127,-0.023399002391473384,4.33,433.0,8.0,TuShare index_daily,Archived FRED mirror (Hugging Face)
2018-11-21,3226.4918,3218.4076,0.2512,0.002508713864462597,4.24,424.0,-9.0,TuShare index_daily,Archived FRED mirror (Hugging Face)
2018-11-22,3214.4273,3226.4918,-0.3739,-0.003746208863114145,4.25,425.0,1.0,TuShare index_daily,Archived FRED mirror (Hugging Face)
2018-11-23,3143.4752,3214.4273,-2.2073,-0.022320268559339572,4.29,429.0,4.0,TuShare index_daily,Archived FRED mirror (Hugging Face)
2018-11-26,3141.2434,3143.4752,-0.071,-0.0007102307154421204,4.26,426.0,-3.0,TuShare index_daily,Archived FRED mirror (Hugging Face)
2018-11-27,3137.2413,3141.2434,-0.1274,-0.001274861923942222,4.31,430.99999999999994,4.999999999999943,TuShare index_daily,Archived FRED mirror (Hugging Face)
2018-11-28,3178.9326,3137.2413,1.3289,0.013201633193070952,4.25,425.0,-5.999999999999943,TuShare index_daily,Archived FRED mirror (Hugging Face)
2018-11-29,3137.6542,3178.9326,-1.2985,-0.013070029407606876,4.22,422.0,-3.0,TuShare index_daily,Archived FRED mirror (Hugging Face)
2018-11-30,3172.69,3137.6542,1.1166,0.01110435782943523,4.29,429.0,7.0,TuShare index_daily,Archived FRED mirror (Hugging Face)
2018-12-03,3260.9502,3172.69,2.7819,0.027438816811427395,4.2,420.0,-9.0,TuShare index_daily,Archived FRED mirror (Hugging Face)
2018-12-04,3267.7095,3260.9502,0.2073,0.002070655456312225,4.29,429.0,9.0,TuShare index_daily,Archived FRED mirror (Hugging Face)
2018-12-05,3252.0041,3267.7095,-0.4806,-0.00481782831036399,4.29,429.0,0.0,TuShare index_daily,Archived FRED mirror (Hugging Face)
2018-12-06,3181.673,3252.0041,-2.1627,-0.02186429336877751,4.5,450.0,21.0,TuShare index_daily,Archived FRED mirror (Hugging Face)
2018-12-07,3181.5646,3181.673,-0.0034,-3.407070639957803e-05,4.5,450.0,0.0,TuShare index_daily,Archived FRED mirror (Hugging Face)
2018-12-10,3144.7631,3181.5646,-1.1567,-0.011634526971084672,4.56,455.99999999999994,5.999999999999943,TuShare index_daily,Archived FRED mirror (Hugging Face)
2018-12-11,3159.8158,3144.7631,0.4787,0.004775173359470306,4.48,448.00000000000006,-7.999999999999886,TuShare index_daily,Archived FRED mirror (Hugging Face)
2018-12-12,3170.6092,3159.8158,0.3416,0.003410011321186899,4.4,440.00000000000006,-8.0,TuShare index_daily,Archived FRED mirror (Hugging Face)
2018-12-13,3219.6924,3170.6092,1.5481,0.015362080961148552,4.39,438.99999999999994,-1.0000000000001137,TuShare index_daily,Archived FRED mirror (Hugging Face)
2018-12-14,3165.9109,3219.6924,-1.6704,-0.01684500874701418,4.46,446.0,7.000000000000057,TuShare index_daily,Archived FRED mirror (Hugging Face)
2018-12-17,3161.1966,3165.9109,-0.1489,-0.0014901914887359281,4.58,458.0,12.0,TuShare index_daily,Archived FRED mirror (Hugging Face)
2018-12-18,3128.4265,3161.1966,-1.0366,-0.010420464313941379,4.72,472.0,14.0,TuShare index_daily,Archived FRED mirror (Hugging Face)
2018-12-19,3091.1255,3128.4265,-1.1923,-0.011994898420471533,4.84,484.0,12.0,TuShare index_daily,Archived FRED mirror (Hugging Face)
2018-12-20,3067.4169,3091.1255,-0.767,-0.007699457301329583,5.11,511.00000000000006,27.000000000000057,TuShare index_daily,Archived FRED mirror (Hugging Face)
2018-12-21,3029.3951,3067.4169,-1.2395,-0.01247284414395827,5.22,522.0,10.999999999999943,TuShare index_daily,Archived FRED mirror (Hugging Face)
2018-12-24,3038.1981,3029.3951,0.2906,0.0029016467934745113,5.35,535.0,13.0,TuShare index_daily,Archived FRED mirror (Hugging Face)
2018-12-26,3002.0327,3017.2815,-0.5054,-0.005066634541426275,5.37,537.0,2.0,TuShare index_daily,Archived FRED mirror (Hugging Face)
2018-12-27,2990.5057,3002.0327,-0.384,-0.0038471223536812207,5.38,538.0,1.0,TuShare index_daily,Archived FRED mirror (Hugging Face)
2018-12-28,3010.6536,2990.5057,0.6737,0.006714694509391029,5.3,530.0,-8.0,TuShare index_daily,Archived FRED mirror (Hugging Face)
2019-01-02,2969.5353,3010.6536,-1.3658,-0.01375172211955543,5.35,535.0,2.0,TuShare index_daily,Archived FRED mirror (Hugging Face)
2019-01-03,2964.8421,2969.5353,-0.158,-0.0015816995321003935,5.44,544.0,9.0,TuShare index_daily,Archived FRED mirror (Hugging Face)
2019-01-04,3035.8741,2964.8421,2.3958,0.023675613241137573,5.05,505.0,-39.0,TuShare index_daily,Archived FRED mirror (Hugging Face)
2019-01-07,3054.303,3035.8741,0.607,0.00605202638511489,4.83,483.0,-22.0,TuShare index_daily,Archived FRED mirror (Hugging Face)
2019-01-08,3047.7035,3054.303,-0.2161,-0.0021630598306179886,4.65,465.00000000000006,-17.999999999999943,TuShare index_daily,Archived FRED mirror (Hugging Face)
2019-01-09,3078.4759,3047.7035,1.0097,0.010046280660777089,4.52,451.99999999999994,-13.000000000000114,TuShare index_daily,Archived FRED mirror (Hugging Face)
2019-01-10,3072.6864,3078.4759,-0.1881,-0.001882409023599767,4.54,454.0,2.000000000000057,TuShare index_daily,Archived FRED mirror (Hugging Face)
2019-01-11,3094.7782,3072.6864,0.719,0.007164011767437094,4.55,455.0,1.0,TuShare index_daily,Archived FRED mirror (Hugging Face)
2019-01-14,3067.7845,3094.7782,-0.8722,-0.008760599755919578,4.6,459.99999999999994,4.999999999999943,TuShare index_daily,Archived FRED mirror (Hugging Face)
2019-01-15,3127.9904,3067.7845,1.9625,0.019435113786143984,4.55,455.0,-4.999999999999943,TuShare index_daily,Archived FRED mirror (Hugging Face)
2019-01-16,3128.6517,3127.9904,0.0211,0.0002113913475927562,4.44,444.00000000000006,-10.999999999999943,TuShare index_daily,Archived FRED mirror (Hugging Face)
2019-01-17,3111.4168,3128.6517,-0.5509,-0.0055239598173146606,4.4,440.00000000000006,-4.0,TuShare index_daily,Archived FRED mirror (Hugging Face)
2019-01-18,3168.1739,3111.4168,1.8242,0.018077179967474297,4.27,426.99999999999994,-13.000000000000114,TuShare index_daily,Archived FRED mirror (Hugging Face)
2019-01-21,3185.6364,3168.1739,0.5512,0.005496715558999611,4.27,426.99999999999994,0.0,TuShare index_daily,Archived FRED mirror (Hugging Face)
2019-01-22,3143.3171,3185.6364,-1.3284,-0.01337343708651259,4.41,441.0,14.000000000000057,TuShare index_daily,Archived FRED mirror (Hugging Face)
2019-01-23,3141.0532,3143.3171,-0.072,-0.0007204859006901076,4.39,438.99999999999994,-2.000000000000057,TuShare index_daily,Archived FRED mirror (Hugging Face)
2019-01-24,3158.7817,3141.0532,0.5644,0.005628257591068691,4.45,445.0,6.000000000000057,TuShare index_daily,Archived FRED mirror (Hugging Face)
2019-01-25,3184.4696,3158.7817,0.8132,0.008099329258855039,4.34,434.0,-11.0,TuShare index_daily,Archived FRED mirror (Hugging Face)
2019-01-28,3183.7777,3184.4696,-0.0217,-0.00021729683855788832,4.41,441.0,7.0,TuShare index_daily,Archived FRED mirror (Hugging Face)
2019-01-29,3193.9698,3183.7777,0.3201,0.003196146814004265,4.4,440.00000000000006,-0.9999999999999432,TuShare index_daily,Archived FRED mirror (Hugging Face)
2019-01-30,3168.4829,3193.9698,-0.798,-0.008011701628187862,4.36,436.00000000000006,-4.0,TuShare index_daily,Archived FRED mirror (Hugging Face)
2019-01-31,3201.6331,3168.4829,1.0462,0.01040813048322049,4.37,437.0,0.9999999999999432,TuShare index_daily,Archived FRED mirror (Hugging Face)
2019-02-01,3247.3971,3201.6331,1.4294,0.014192759773769527,4.29,429.0,-8.0,TuShare index_daily,Archived FRED mirror (Hugging Face)
2019-02-11,3306.4725,3247.3971,1.8192,0.018028127998166308,4.28,428.0,-4.0,TuShare index_daily,Archived FRED mirror (Hugging Face)
2019-02-12,3330.3353,3306.4725,0.7217,0.007191078467541088,4.17,417.0,-11.0,TuShare index_daily,Archived FRED mirror (Hugging Face)
2019-02-13,3397.0276,3330.3353,2.0026,0.01982782434737895,4.12,412.0,-5.0,TuShare index_daily,Archived FRED mirror (Hugging Face)
2019-02-14,3402.1403,3397.0276,0.1505,0.001503919608647295,4.17,417.0,5.0,TuShare index_daily,Archived FRED mirror (Hugging Face)
2019-02-15,3338.7047,3402.1403,-1.8646,-0.018821816172192005,4.12,412.0,-5.0,TuShare index_daily,Archived FRED mirror (Hugging Face)
2019-02-18,3445.7448,3338.7047,3.206,0.03155716108794263,4.12,412.0,0.0,TuShare index_daily,Archived FRED mirror (Hugging Face)
2019-02-19,3439.6078,3445.7448,-0.1781,-0.0017826252282723291,4.11,411.00000000000006,-0.9999999999999432,TuShare index_daily,Archived FRED mirror (Hugging Face)
2019-02-20,3451.9273,3439.6078,0.3582,0.0035752594869061863,4.08,408.0,-3.000000000000057,TuShare index_daily,Archived FRED mirror (Hugging Face)
2019-02-21,3442.7056,3451.9273,-0.2671,-0.0026750388694597887,4.04,404.0,-4.0,TuShare index_daily,Archived FRED mirror (Hugging Face)
2019-02-22,3520.1182,3442.7056,2.2486,0.022236894716653265,4.05,405.0,1.0,TuShare index_daily,Archived FRED mirror (Hugging Face)
2019-02-25,3729.4831,3520.1182,5.9477,0.05777507637260326,4.0,400.0,-5.0,TuShare index_daily,Archived FRED mirror (Hugging Face)
2019-02-26,3684.6935,3729.4831,-1.201,-0.012082297816139545,4.01,401.0,1.0,TuShare index_daily,Archived FRED mirror (Hugging Face)
2019-02-27,3678.3921,3684.6935,-0.171,-0.0017116197965711278,3.94,394.0,-7.0,TuShare index_daily,Archived FRED mirror (Hugging Face)
2019-02-28,3669.3703,3678.3921,-0.2453,-0.002455660388162692,3.92,392.0,-2.0,TuShare index_daily,Archived FRED mirror (Hugging Face)
2019-03-01,3749.7143,3669.3703,2.1896,0.021659583449891353,3.86,386.0,-6.0,TuShare index_daily,Archived FRED mirror (Hugging Face)
2019-03-04,3794.104,3749.7143,1.1838,0.011768632426515767,3.9,390.0,4.0,TuShare index_daily,Archived FRED mirror (Hugging Face)
2019-03-05,3816.0132,3794.104,0.5775,0.005757929859737223,3.91,391.0,1.0,TuShare index_daily,Archived FRED mirror (Hugging Face)
2019-03-06,3848.0903,3816.0132,0.8406,0.008370786564533118,3.98,398.0,7.0,TuShare index_daily,Archived FRED mirror (Hugging Face)
2019-03-07,3808.8497,3848.0903,-1.0197,-0.010249771721790521,4.1,409.99999999999994,11.999999999999943,TuShare index_daily,Archived FRED mirror (Hugging Face)
2019-03-08,3657.579,3808.8497,-3.9716,-0.04052577441024072,4.18,418.0,8.000000000000057,TuShare index_daily,Archived FRED mirror (Hugging Face)
2019-03-11,3729.9546,3657.579,1.9788,0.01959460886782455,4.12,412.0,-6.0,TuShare index_daily,Archived FRED mirror (Hugging Face)
2019-03-12,3755.3519,3729.9546,0.6809,0.006785933871841623,4.08,408.0,-4.0,TuShare index_daily,Archived FRED mirror (Hugging Face)
2019-03-13,3724.1941,3755.3519,-0.8297,-0.00833151644030722,3.99,399.0,-9.0,TuShare index_daily,Archived FRED mirror (Hugging Face)
2019-03-14,3698.4858,3724.1941,-0.6903,-0.006926986787349062,3.95,395.0,-4.0,TuShare index_daily,Archived FRED mirror (Hugging Face)
2019-03-15,3745.005,3698.4858,1.2578,0.012499459437710598,3.95,395.0,0.0,TuShare index_daily,Archived FRED mirror (Hugging Face)
2019-03-18,3851.7479,3745.005,2.8503,0.02810409319109816,3.95,395.0,0.0,TuShare index_daily,Archived FRED mirror (Hugging Face)
2019-03-19,3833.9626,3851.7479,-0.4617,-0.0046281555222481095,3.91,391.0,-4.0,TuShare index_daily,Archived FRED mirror (Hugging Face)
2019-03-20,3835.4397,3833.9626,0.0385,0.00038519299431279954,3.97,397.0,6.0,TuShare index_daily,Archived FRED mirror (Hugging Face)
2019-03-21,3836.8913,3835.4397,0.0378,0.0003783986945611922,3.92,392.0,-5.0,TuShare index_daily,Archived FRED mirror (Hugging Face)
2019-03-22,3833.8013,3836.8913,-0.0805,-0.0008056639284805862,4.03,403.0,11.0,TuShare index_daily,Archived FRED mirror (Hugging Face)
2019-03-25,3742.8252,3833.8013,-2.373,-0.02401609018684471,4.13,413.0,10.0,TuShare index_daily,Archived FRED mirror (Hugging Face)
2019-03-26,3700.4388,3742.8252,-1.1325,-0.011389320111184707,4.09,409.0,-4.0,TuShare index_daily,Archived FRED mirror (Hugging Face)
2019-03-27,3743.3878,3700.4388,1.1606,0.011539623075062276,4.09,409.0,0.0,TuShare index_daily,Archived FRED mirror (Hugging Face)
2019-03-28,3728.3953,3743.3878,-0.4005,-0.004013103678338908,4.08,408.0,-1.0,TuShare index_daily,Archived FRED mirror (Hugging Face)
2019-03-29,3872.3412,3728.3953,3.8608,0.03788135875700307,3.99,399.0,-9.0,TuShare index_daily,Archived FRED mirror (Hugging Face)
2019-04-01,3973.928,3872.3412,2.6234,0.02589574083330405,3.94,394.0,-11.0,TuShare index_daily,Archived FRED mirror (Hugging Face)
2019-04-02,3971.2852,3973.928,-0.0665,-0.00066525592981389,3.95,395.0,1.0,TuShare index_daily,Archived FRED mirror (Hugging Face)
2019-04-03,4022.1566,3971.2852,1.281,0.012728456175082285,3.9,390.0,-5.0,TuShare index_daily,Archived FRED mirror (Hugging Face)
2019-04-04,4062.2309,4022.1566,0.9963,0.009914079016601029,3.9,390.0,0.0,TuShare index_daily,Archived FRED mirror (Hugging Face)
2019-04-08,4057.2286,4062.2309,-0.1231,-0.0012321757705419608,3.84,384.0,-2.0,TuShare index_daily,Archived FRED mirror (Hugging Face)
2019-04-09,4075.4301,4057.2286,0.4486,0.004476157444159239,3.86,386.0,2.0,TuShare index_daily,Archived FRED mirror (Hugging Face)
2019-04-10,4085.847,4075.4301,0.2556,0.0025527636249231857,3.86,386.0,0.0,TuShare index_daily,Archived FRED mirror (Hugging Face)
2019-04-11,3997.5778,4085.847,-2.1604,-0.021840423059991402,3.79,379.0,-7.0,TuShare index_daily,Archived FRED mirror (Hugging Face)
2019-04-12,3988.6168,3997.5778,-0.2242,-0.0022441235681135564,3.68,368.0,-11.0,TuShare index_daily,Archived FRED mirror (Hugging Face)
2019-04-15,3975.5244,3988.6168,-0.3282,-0.003287840199003918,3.68,368.0,0.0,TuShare index_daily,Archived FRED mirror (Hugging Face)
2019-04-16,4085.7891,3975.5244,2.7736,0.02735821585833531,3.64,364.0,-4.0,TuShare index_daily,Archived FRED mirror (Hugging Face)
2019-04-17,4087.2398,4085.7891,0.0355,0.00035499691313591156,3.67,367.0,3.0,TuShare index_daily,Archived FRED mirror (Hugging Face)
2019-04-18,4072.0753,4087.2398,-0.371,-0.0037171054860949664,3.73,373.0,6.0,TuShare index_daily,Archived FRED mirror (Hugging Face)
2019-04-22,4025.6109,4120.6078,-2.3054,-0.023324001001474155,3.73,373.0,0.0,TuShare index_daily,Archived FRED mirror (Hugging Face)
2019-04-23,4019.0053,4025.6109,-0.1641,-0.0016422415489716503,3.72,372.0,-1.0,TuShare index_daily,Archived FRED mirror (Hugging Face)
2019-04-24,4030.0887,4019.0053,0.2758,0.0027539514397365993,3.73,373.0,1.0,TuShare index_daily,Archived FRED mirror (Hugging Face)
2019-04-25,3941.816,4030.0887,-2.1903,-0.022146854814603094,3.75,375.0,2.0,TuShare index_daily,Archived FRED mirror (Hugging Face)
2019-04-26,3889.2748,3941.816,-1.3329,-0.013418817311819368,3.76,376.0,1.0,TuShare index_daily,Archived FRED mirror (Hugging Face)
2019-04-29,3900.3339,3889.2748,0.2843,0.0028394513399157798,3.73,373.0,-3.0,TuShare index_daily,Archived FRED mirror (Hugging Face)
2019-04-30,3913.211,3900.3339,0.3302,0.0032960997404286934,3.73,373.0,0.0,TuShare index_daily,Archived FRED mirror (Hugging Face)
2019-05-06,3684.6168,3913.211,-5.8416,-0.06019173350698634,3.82,382.0,10.0,TuShare index_daily,Archived FRED mirror (Hugging Face)
2019-05-07,3720.6684,3684.6168,0.9784,0.009736798475485208,3.89,389.0,7.0,TuShare index_daily,Archived FRED mirror (Hugging Face)
2019-05-08,3667.4574,3720.6684,-1.4301,-0.014404714138739342,3.87,387.0,-2.0,TuShare index_daily,Archived FRED mirror (Hugging Face)
2019-05-09,3599.7001,3667.4574,-1.8475,-0.018648078989208245,3.99,399.0,12.0,TuShare index_daily,Archived FRED mirror (Hugging Face)
2019-05-10,3730.4513,3599.7001,3.6323,0.035678681857484,4.01,401.0,2.0,TuShare index_daily,Archived FRED mirror (Hugging Face)
2019-05-13,3668.7255,3730.4513,-1.6546,-0.01668489174577094,4.2,420.0,19.0,TuShare index_daily,Archived FRED mirror (Hugging Face)
2019-05-14,3645.1503,3668.7255,-0.6426,-0.006446727369720123,4.13,413.0,-7.0,TuShare index_daily,Archived FRED mirror (Hugging Face)
2019-05-15,3727.0923,3645.1503,2.248,0.022230786238790882,4.17,417.0,4.0,TuShare index_daily,Archived FRED mirror (Hugging Face)
2019-05-16,3743.9635,3727.0923,0.4527,0.004516424219008419,4.06,405.99999999999994,-11.000000000000057,TuShare index_daily,Archived FRED mirror (Hugging Face)
2019-05-17,3648.7609,3743.9635,-2.5428,-0.025757179130048855,4.07,407.0,1.0000000000000568,TuShare index_daily,Archived FRED mirror (Hugging Face)
2019-05-20,3617.7924,3648.7609,-0.8487,-0.008523624947157728,4.06,405.99999999999994,-1.0000000000000568,TuShare index_daily,Archived FRED mirror (Hugging Face)
2019-05-21,3666.7762,3617.7924,1.354,0.01344885085235851,3.99,399.0,-6.999999999999943,TuShare index_daily,Archived FRED mirror (Hugging Face)
2019-05-22,3649.3796,3666.7762,-0.4744,-0.004755675866671933,4.03,403.0,4.0,TuShare index_daily,Archived FRED mirror (Hugging Face)
2019-05-23,3583.9646,3649.3796,-1.7925,-0.018087562712919548,4.22,422.0,19.0,TuShare index_daily,Archived FRED mirror (Hugging Face)
2019-05-24,3593.9139,3583.9646,0.2776,0.002772213648318633,4.16,416.0,-6.0,TuShare index_daily,Archived FRED mirror (Hugging Face)
2019-05-27,3637.1971,3593.9139,1.2043,0.011971526072606034,4.16,416.0,0.0,TuShare index_daily,Archived FRED mirror (Hugging Face)
2019-05-28,3672.2605,3637.1971,0.964,0.009594054955070116,4.19,419.00000000000006,3.000000000000057,TuShare index_daily,Archived FRED mirror (Hugging Face)
2019-05-29,3663.909,3672.2605,-0.2274,-0.0022768022488379373,4.36,436.00000000000006,17.0,TuShare index_daily,Archived FRED mirror (Hugging Face)
2019-05-30,3641.1833,3663.909,-0.6203,-0.006221899020526497,4.33,433.0,-3.000000000000057,TuShare index_daily,Archived FRED mirror (Hugging Face)
2019-05-31,3629.7893,3641.1833,-0.3129,-0.0031341087233895406,4.59,459.0,26.0,TuShare index_daily,Archived FRED mirror (Hugging Face)
2019-06-03,3632.0127,3629.7893,0.0613,0.0006123549139669164,4.7,470.0,11.0,TuShare index_daily,Archived FRED mirror (Hugging Face)
2019-06-04,3598.4666,3632.0127,-0.9236,-0.009279147151451426,4.53,453.0,-17.0,TuShare index_daily,Archived FRED mirror (Hugging Face)
2019-06-05,3597.105,3598.4666,-0.0378,-0.0003784549975853767,4.48,448.00000000000006,-4.999999999999943,TuShare index_daily,Archived FRED mirror (Hugging Face)
2019-06-06,3564.6778,3597.105,-0.9015,-0.009055684179698723,4.42,442.0,-6.000000000000057,TuShare index_daily,Archived FRED mirror (Hugging Face)
2019-06-10,3610.7435,3564.6778,1.2923,0.01284003571726754,4.23,423.00000000000006,-13.999999999999943,TuShare index_daily,Archived FRED mirror (Hugging Face)
2019-06-11,3719.2759,3610.7435,3.0058,0.029615291983045522,4.2,420.0,-3.000000000000057,TuShare index_daily,Archived FRED mirror (Hugging Face)
2019-06-12,3691.0957,3719.2759,-0.7577,-0.007605647155998182,4.22,422.0,2.0,TuShare index_daily,Archived FRED mirror (Hugging Face)
2019-06-13,3685.3933,3691.0957,-0.1545,-0.0015461017120563174,4.24,424.0,2.0,TuShare index_daily,Archived FRED mirror (Hugging Face)
2019-06-14,3654.8799,3685.3933,-0.828,-0.00831401636774902,4.23,423.00000000000006,-0.9999999999999432,TuShare index_daily,Archived FRED mirror (Hugging Face)
2019-06-17,3654.8248,3654.8799,-0.0015,-1.5075848413138367e-05,4.23,423.00000000000006,0.0,TuShare index_daily,Archived FRED mirror (Hugging Face)
2019-06-18,3667.6185,3654.8248,0.35,0.003494383635132153,4.14,413.99999999999994,-9.000000000000114,TuShare index_daily,Archived FRED mirror (Hugging Face)
2019-06-19,3715.9381,3667.6185,1.3175,0.013088621764941596,4.16,416.0,2.000000000000057,TuShare index_daily,Archived FRED mirror (Hugging Face)
2019-06-20,3828.5183,3715.9381,3.0297,0.029846698383138293,4.03,403.0,-13.0,TuShare index_daily,Archived FRED mirror (Hugging Face)
2019-06-21,3833.9383,3828.5183,0.1416,0.001414690141003077,3.95,395.0,-8.0,TuShare index_daily,Archived FRED mirror (Hugging Face)
2019-06-24,3841.2659,3833.9383,0.1911,0.0019094220910248932,4.0,400.0,5.0,TuShare index_daily,Archived FRED mirror (Hugging Face)
2019-06-25,3801.3098,3841.2659,-1.0402,-0.010456282178658741,4.09,409.0,9.0,TuShare index_daily,Archived FRED mirror (Hugging Face)
2019-06-26,3794.331,3801.3098,-0.1836,-0.0018375808302514161,4.05,405.0,-4.0,TuShare index_daily,Archived FRED mirror (Hugging Face)
2019-06-27,3834.8172,3794.331,1.067,0.010613656728416262,4.09,409.0,4.0,TuShare index_daily,Archived FRED mirror (Hugging Face)
2019-06-28,3825.5873,3834.8172,-0.2407,-0.002409769475356859,4.07,407.0,-2.0,TuShare index_daily,Archived FRED mirror (Hugging Face)
2019-07-01,3935.8116,3825.5873,2.8812,0.028405114215023213,3.99,399.0,-8.0,TuShare index_daily,Archived FRED mirror (Hugging Face)
2019-07-02,3937.1691,3935.8116,0.0345,0.00034485033437294264,4.04,404.0,5.0,TuShare index_daily,Archived FRED mirror (Hugging Face)
2019-07-03,3893.5341,3937.1691,-1.1083,-0.011144708341842358,4.02,401.99999999999994,-2.000000000000057,TuShare index_daily,Archived FRED mirror (Hugging Face)
2019-07-04,3873.1019,3893.5341,-0.5248,-0.005261543643037587,4.02,401.99999999999994,0.0,TuShare index_daily,Archived FRED mirror (Hugging Face)
2019-07-05,3893.2025,3873.1019,0.519,0.005176373175039403,3.98,398.0,-3.999999999999943,TuShare index_daily,Archived FRED mirror (Hugging Face)
2019-07-08,3802.7897,3893.2025,-2.3223,-0.02349715474676046,4.0,400.0,2.0,TuShare index_daily,Archived FRED mirror (Hugging Face)
2019-07-09,3793.1297,3802.7897,-0.254,-0.002543472277430002,4.03,403.0,3.0,TuShare index_daily,Archived FRED mirror (Hugging Face)
2019-07-10,3786.739,3793.1297,-0.1685,-0.0016862301359550384,4.01,401.0,-2.0,TuShare index_daily,Archived FRED mirror (Hugging Face)
2019-07-11,3785.221,3786.739,-0.0401,-0.0004009529950862193,4.0,400.0,-1.0,TuShare index_daily,Archived FRED mirror (Hugging Face)
2019-07-12,3808.7311,3785.221,0.6211,0.006191815487468652,4.02,401.99999999999994,1.9999999999999432,TuShare index_daily,Archived FRED mirror (Hugging Face)
2019-07-15,3824.1878,3808.7311,0.4058,0.004050015814405257,4.0,400.0,-1.9999999999999432,TuShare index_daily,Archived FRED mirror (Hugging Face)
2019-07-16,3806.8449,3824.1878,-0.4535,-0.004545369032223224,3.96,396.0,-4.0,TuShare index_daily,Archived FRED mirror (Hugging Face)
2019-07-17,3804.6384,3806.8449,-0.058,-0.0005797818834626863,4.01,401.0,5.0,TuShare index_daily,Archived FRED mirror (Hugging Face)
2019-07-18,3768.4019,3804.6384,-0.9524,-0.009569941561221082,4.11,411.00000000000006,10.000000000000057,TuShare index_daily,Archived FRED mirror (Hugging Face)
2019-07-19,3807.9551,3768.4019,1.0496,0.010441313508209052,4.07,407.0,-4.000000000000057,TuShare index_daily,Archived FRED mirror (Hugging Face)
2019-07-22,3781.6832,3807.9551,-0.6899,-0.00692312436904916,4.06,405.99999999999994,-1.0000000000000568,TuShare index_daily,Archived FRED mirror (Hugging Face)
2019-07-23,3789.9135,3781.6832,0.2176,0.0021739940907149675,3.99,399.0,-6.999999999999943,TuShare index_daily,Archived FRED mirror (Hugging Face)
2019-07-24,3819.8325,3789.9135,0.7894,0.007863377874701536,3.98,398.0,-1.0,TuShare index_daily,Archived FRED mirror (Hugging Face)
2019-07-25,3851.0665,3819.8325,0.8177,0.008143549436106876,3.93,393.0,-5.0,TuShare index_daily,Archived FRED mirror (Hugging Face)
2019-07-26,3858.5688,3851.0665,0.1948,0.001946214594111988,3.89,389.0,-4.0,TuShare index_daily,Archived FRED mirror (Hugging Face)
2019-07-29,3854.2704,3858.5688,-0.1114,-0.0011146091169672305,3.93,393.0,4.0,TuShare index_daily,Archived FRED mirror (Hugging Face)
2019-07-30,3870.3176,3854.2704,0.4163,0.004154842454988661,3.97,397.0,4.0,TuShare index_daily,Archived FRED mirror (Hugging Face)
2019-07-31,3835.3589,3870.3176,-0.9033,-0.00907355501979326,3.93,393.0,-4.0,TuShare index_daily,Archived FRED mirror (Hugging Face)
2019-08-01,3803.4694,3835.3589,-0.8315,-0.008349365636683289,4.1,409.99999999999994,16.999999999999943,TuShare index_daily,Archived FRED mirror (Hugging Face)
2019-08-02,3747.4379,3803.4694,-1.4732,-0.01484127039139987,4.19,419.00000000000006,9.000000000000114,TuShare index_daily,Archived FRED mirror (Hugging Face)
2019-08-05,3675.6884,3747.4379,-1.9146,-0.019331944959407953,4.53,453.0,33.99999999999994,TuShare index_daily,Archived FRED mirror (Hugging Face)
2019-08-06,3636.3289,3675.6884,-1.0708,-0.010765806080601245,4.46,446.0,-7.0,TuShare index_daily,Archived FRED mirror (Hugging Face)
2019-08-07,3621.431,3636.3289,-0.4097,-0.004105377176846434,4.52,451.99999999999994,5.999999999999943,TuShare index_daily,Archived FRED mirror (Hugging Face)
2019-08-08,3669.2936,3621.431,1.3216,0.013129912382783668,4.31,430.99999999999994,-21.0,TuShare index_daily,Archived FRED mirror (Hugging Face)
2019-08-09,3633.5296,3669.2936,-0.9747,-0.009794646519203832,4.31,430.99999999999994,0.0,TuShare index_daily,Archived FRED mirror (Hugging Face)
2019-08-12,3699.1047,3633.5296,1.8047,0.017886299940348738,4.4,440.00000000000006,9.000000000000114,TuShare index_daily,Archived FRED mirror (Hugging Face)
2019-08-13,3665.7515,3699.1047,-0.9017,-0.00905745532884727,4.25,425.0,-15.000000000000057,TuShare index_daily,Archived FRED mirror (Hugging Face)
2019-08-14,3682.4015,3665.7515,0.4542,0.004531758795673605,4.49,449.0,24.0,TuShare index_daily,Archived FRED mirror (Hugging Face)
2019-08-15,3694.0006,3682.4015,0.315,0.0031449233387412104,4.52,451.99999999999994,2.999999999999943,TuShare index_daily,Archived FRED mirror (Hugging Face)
2019-08-16,3710.5386,3694.0006,0.4477,0.004466997082010161,4.47,447.0,-4.999999999999943,TuShare index_daily,Archived FRED mirror (Hugging Face)
2019-08-19,3791.0946,3710.5386,2.171,0.021477748776293232,4.36,436.00000000000006,-10.999999999999943,TuShare index_daily,Archived FRED mirror (Hugging Face)
2019-08-20,3787.7324,3791.0946,-0.0887,-0.0008872613718639216,4.35,434.99999999999994,-1.0000000000001137,TuShare index_daily,Archived FRED mirror (Hugging Face)
2019-08-21,3781.7579,3787.7324,-0.1577,-0.0015785742510702235,4.21,421.0,-13.999999999999943,TuShare index_daily,Archived FRED mirror (Hugging Face)
2019-08-22,3793.5061,3781.7579,0.3107,0.003101729370447891,4.16,416.0,-5.0,TuShare index_daily,Archived FRED mirror (Hugging Face)
2019-08-23,3820.8638,3793.5061,0.7212,0.007185838901974463,4.25,425.0,9.0,TuShare index_daily,Archived FRED mirror (Hugging Face)
2019-08-26,3765.9105,3820.8638,-1.4382,-0.014486858026008614,4.22,422.0,-3.0,TuShare index_daily,Archived FRED mirror (Hugging Face)
2019-08-27,3816.9459,3765.9105,1.3552,0.013460935543640957,4.19,419.00000000000006,-2.999999999999943,TuShare index_daily,Archived FRED mirror (Hugging Face)
2019-08-28,3802.5844,3816.9459,-0.3763,-0.003769659399294659,4.17,417.0,-2.000000000000057,TuShare index_daily,Archived FRED mirror (Hugging Face)
2019-08-29,3790.1867,3802.5844,-0.326,-0.0032656617339578433,4.08,408.0,-9.0,TuShare index_daily,Archived FRED mirror (Hugging Face)
2019-08-30,3799.5863,3790.1867,0.248,0.0024769132899290875,4.09,409.0,1.0,TuShare index_daily,Archived FRED mirror (Hugging Face)
2019-09-02,3848.3198,3799.5863,1.2826,0.012744445073590072,4.13,413.0,0.0,TuShare index_daily,Archived FRED mirror (Hugging Face)
2019-09-03,3853.6106,3848.3198,0.1375,0.0013738895465038698,4.23,423.00000000000006,10.000000000000057,TuShare index_daily,Archived FRED mirror (Hugging Face)
2019-09-04,3886.0012,3853.6106,0.8405,0.00837013275123946,4.23,423.00000000000006,0.0,TuShare index_daily,Archived FRED mirror (Hugging Face)
2019-09-05,3925.323,3886.0012,1.0119,0.01006798108609549,4.07,407.0,-16.000000000000057,TuShare index_daily,Archived FRED mirror (Hugging Face)
2019-09-06,3948.5075,3925.323,0.5906,0.005889018567064386,4.05,405.0,-2.0,TuShare index_daily,Archived FRED mirror (Hugging Face)
2019-09-09,3972.9484,3948.5075,0.619,0.006170829672186728,3.99,399.0,-6.0,TuShare index_daily,Archived FRED mirror (Hugging Face)
2019-09-10,3959.265,3972.9484,-0.3444,-0.0034500871025243763,3.9,390.0,-9.0,TuShare index_daily,Archived FRED mirror (Hugging Face)
2019-09-11,3930.0999,3959.265,-0.7366,-0.00739355657342721,3.92,392.0,2.0,TuShare index_daily,Archived FRED mirror (Hugging Face)
2019-09-12,3972.3799,3930.0999,1.0758,0.010700540715443225,3.85,385.0,-7.0,TuShare index_daily,Archived FRED mirror (Hugging Face)
2019-09-16,3957.7154,3972.3799,-0.3692,-0.0036984465283036883,3.8,380.0,-3.0,TuShare index_daily,Archived FRED mirror (Hugging Face)
2019-09-17,3891.2208,3957.7154,-1.6801,-0.016944000862452385,3.81,381.0,1.0,TuShare index_daily,Archived FRED mirror (Hugging Face)
2019-09-18,3910.0837,3891.2208,0.4848,0.004835841687665309,3.82,382.0,1.0,TuShare index_daily,Archived FRED mirror (Hugging Face)
2019-09-19,3924.3823,3910.0837,0.3657,0.0036501826355516058,3.77,377.0,-5.0,TuShare index_daily,Archived FRED mirror (Hugging Face)
2019-09-20,3935.6511,3924.3823,0.2871,0.0028673689149518178,3.81,381.0,4.0,TuShare index_daily,Archived FRED mirror (Hugging Face)
2019-09-23,3890.6616,3935.6511,-1.1431,-0.011497111678571497,3.84,384.0,3.0,TuShare index_daily,Archived FRED mirror (Hugging Face)
2019-09-24,3901.0758,3890.6616,0.2677,0.002673140961188054,3.9,390.0,6.0,TuShare index_daily,Archived FRED mirror (Hugging Face)
2019-09-25,3870.9837,3901.0758,-0.7714,-0.007743700462489368,3.91,391.0,1.0,TuShare index_daily,Archived FRED mirror (Hugging Face)
2019-09-26,3841.1388,3870.9837,-0.771,-0.00773977565473282,3.95,395.0,4.0,TuShare index_daily,Archived FRED mirror (Hugging Face)
2019-09-27,3852.6534,3841.1388,0.2998,0.002993220585542078,3.99,399.0,4.0,TuShare index_daily,Archived FRED mirror (Hugging Face)
2019-09-30,3814.5282,3852.6534,-0.9896,-0.009945118355292859,4.02,401.99999999999994,2.999999999999943,TuShare index_daily,Archived FRED mirror (Hugging Face)
2019-10-08,3837.6791,3814.5282,0.6069,0.006050795470111036,4.39,438.99999999999994,8.0,TuShare index_daily,Archived FRED mirror (Hugging Face)
2019-10-09,3843.2392,3837.6791,0.1449,0.001447769850951804,4.32,432.0,-6.999999999999943,TuShare index_daily,Archived FRED mirror (Hugging Face)
2019-10-10,3874.6391,3843.2392,0.817,0.008136970299079355,4.26,426.0,-6.0,TuShare index_daily,Archived FRED mirror (Hugging Face)
2019-10-11,3911.7253,3874.6391,0.9572,0.009526006886581121,4.1,409.99999999999994,-16.000000000000057,TuShare index_daily,Archived FRED mirror (Hugging Face)
2019-10-14,3953.2411,3911.7253,1.0613,0.010557244235901198,4.08,408.0,-1.9999999999999432,TuShare index_daily,Archived FRED mirror (Hugging Face)
2019-10-15,3936.2498,3953.2411,-0.4298,-0.004307331483228067,4.01,401.0,-7.0,TuShare index_daily,Archived FRED mirror (Hugging Face)
2019-10-16,3922.6854,3936.2498,-0.3446,-0.0034519723408775976,4.01,401.0,0.0,TuShare index_daily,Archived FRED mirror (Hugging Face)
2019-10-17,3925.2216,3922.6854,0.0647,0.0006463379569335288,4.0,400.0,-1.0,TuShare index_daily,Archived FRED mirror (Hugging Face)
2019-10-18,3869.3777,3925.2216,-1.4227,-0.0143291151611447,4.02,401.99999999999994,1.9999999999999432,TuShare index_daily,Archived FRED mirror (Hugging Face)
2019-10-21,3880.8398,3869.3777,0.2962,0.0029578804354533027,3.98,398.0,-3.999999999999943,TuShare index_daily,Archived FRED mirror (Hugging Face)
2019-10-22,3895.8809,3880.8398,0.3876,0.003868241984147565,3.99,399.0,1.0,TuShare index_daily,Archived FRED mirror (Hugging Face)
2019-10-23,3871.0848,3895.8809,-0.6365,-0.006385037658147137,3.98,398.0,-1.0,TuShare index_daily,Archived FRED mirror (Hugging Face)
2019-10-24,3870.6678,3871.0848,-0.0108,-0.00010772754489811883,3.96,396.0,-2.0,TuShare index_daily,Archived FRED mirror (Hugging Face)
2019-10-25,3896.7923,3870.6678,0.6749,0.006726677233170096,3.89,389.0,-7.0,TuShare index_daily,Archived FRED mirror (Hugging Face)
2019-10-28,3926.585,3896.7923,0.7645,0.007616363848449757,3.85,385.0,-4.0,TuShare index_daily,Archived FRED mirror (Hugging Face)
2019-10-29,3910.226,3926.585,-0.4166,-0.004174918538003564,3.86,386.0,1.0,TuShare index_daily,Archived FRED mirror (Hugging Face)
2019-10-30,3891.2255,3910.226,-0.4859,-0.0048710262618592085,3.96,396.0,10.0,TuShare index_daily,Archived FRED mirror (Hugging Face)
2019-10-31,3886.7519,3891.2255,-0.115,-0.0011503248886546285,4.15,415.00000000000006,19.000000000000057,TuShare index_daily,Archived FRED mirror (Hugging Face)
2019-11-01,3952.3872,3886.7519,1.6887,0.016745929106932903,4.09,409.0,-6.000000000000057,TuShare index_daily,Archived FRED mirror (Hugging Face)
2019-11-04,3978.1216,3952.3872,0.6511,0.006489997294453441,3.99,399.0,-10.0,TuShare index_daily,Archived FRED mirror (Hugging Face)
2019-11-05,4002.8128,3978.1216,0.6207,0.00618756590134739,3.97,397.0,-2.0,TuShare index_daily,Archived FRED mirror (Hugging Face)
2019-11-06,3984.8816,4002.8128,-0.448,-0.00448971360764937,4.02,401.99999999999994,4.999999999999943,TuShare index_daily,Archived FRED mirror (Hugging Face)
2019-11-07,3991.8749,3984.8816,0.1755,0.0017534198998628825,3.96,396.0,-5.999999999999943,TuShare index_daily,Archived FRED mirror (Hugging Face)
2019-11-08,3973.0107,3991.8749,-0.4726,-0.004736850275038381,4.0,400.0,4.0,TuShare index_daily,Archived FRED mirror (Hugging Face)
2019-11-11,3902.9783,3973.0107,-1.7627,-0.01778424165054614,3.99,399.0,-1.0,TuShare index_daily,Archived FRED mirror (Hugging Face)
2019-11-12,3903.6888,3902.9783,0.0182,0.0001820239015856364,4.0,400.0,1.0,TuShare index_daily,Archived FRED mirror (Hugging Face)
2019-11-13,3899.9815,3903.6888,-0.095,-0.0009501427242264534,4.05,405.0,5.0,TuShare index_daily,Archived FRED mirror (Hugging Face)
2019-11-14,3905.857,3899.9815,0.1507,0.0015054119066440256,4.08,408.0,3.0,TuShare index_daily,Archived FRED mirror (Hugging Face)
2019-11-15,3877.0892,3905.857,-0.7365,-0.0073925555371158955,4.06,405.99999999999994,-2.000000000000057,TuShare index_daily,Archived FRED mirror (Hugging Face)
2019-11-18,3907.9291,3877.0892,0.7954,0.00792292583956696,4.09,409.0,3.000000000000057,TuShare index_daily,Archived FRED mirror (Hugging Face)
2019-11-19,3947.0392,3907.9291,1.0008,0.009958136481306303,4.12,412.0,3.0,TuShare index_daily,Archived FRED mirror (Hugging Face)
2019-11-20,3907.8641,3947.0392,-0.9925,-0.009974769470009609,4.18,418.0,6.0,TuShare index_daily,Archived FRED mirror (Hugging Face)
2019-11-21,3889.598,3907.8641,-0.4674,-0.0046851483670989165,4.17,417.0,-1.0,TuShare index_daily,Archived FRED mirror (Hugging Face)
2019-11-22,3849.9948,3889.598,-1.0182,-0.010234012738468922,4.13,413.0,-4.0,TuShare index_daily,Archived FRED mirror (Hugging Face)
2019-11-25,3878.2061,3849.9948,0.7328,0.007300903710355269,4.08,408.0,-5.0,TuShare index_daily,Archived FRED mirror (Hugging Face)
2019-11-26,3891.6533,3878.2061,0.3467,0.0034613788316599295,4.05,405.0,-3.0,TuShare index_daily,Archived FRED mirror (Hugging Face)
2019-11-27,3875.6186,3891.6533,-0.412,-0.004128791417360389,3.99,399.0,-6.0,TuShare index_daily,Archived FRED mirror (Hugging Face)
2019-11-29,3828.6706,3862.3029,-0.8708,-0.008745970684524417,4.01,401.0,2.0,TuShare index_daily,Archived FRED mirror (Hugging Face)
2019-12-02,3836.0589,3828.6706,0.193,0.00192787032819121,4.03,403.0,1.0000000000000568,TuShare index_daily,Archived FRED mirror (Hugging Face)
2019-12-03,3851.0873,3836.0589,0.3918,0.003910012573047016,4.14,413.99999999999994,10.999999999999943,TuShare index_daily,Archived FRED mirror (Hugging Face)
2019-12-04,3849.819,3851.0873,-0.0329,-0.00032938980479928193,4.02,401.99999999999994,-12.0,TuShare index_daily,Archived FRED mirror (Hugging Face)
2019-12-05,3879.3638,3849.819,0.7674,0.0076450369110844605,4.0,400.0,-1.9999999999999432,TuShare index_daily,Archived FRED mirror (Hugging Face)
2019-12-06,3902.3853,3879.3638,0.5934,0.005916810441135707,3.89,389.0,-11.0,TuShare index_daily,Archived FRED mirror (Hugging Face)
2019-12-09,3895.4468,3902.3853,-0.1778,-0.0017795976477017867,3.88,388.0,-1.0,TuShare index_daily,Archived FRED mirror (Hugging Face)
2019-12-10,3900.3843,3895.4468,0.1268,0.0012667028304908915,3.84,384.0,-4.0,TuShare index_daily,Archived FRED mirror (Hugging Face)
2019-12-11,3902.7492,3900.3843,0.0606,0.0006061411284087119,3.83,383.0,-1.0,TuShare index_daily,Archived FRED mirror (Hugging Face)
2019-12-12,3891.0242,3902.7492,-0.3004,-0.003008814407023755,3.7,370.0,-13.0,TuShare index_daily,Archived FRED mirror (Hugging Face)
2019-12-13,3968.2211,3891.0242,1.984,0.01964549517248232,3.71,371.0,1.0,TuShare index_daily,Archived FRED mirror (Hugging Face)
2019-12-16,3987.5464,3968.2211,0.487,0.0048581957704862165,3.62,362.0,-9.0,TuShare index_daily,Archived FRED mirror (Hugging Face)
2019-12-17,4041.7996,3987.5464,1.3606,0.01351393392930136,3.58,358.0,-4.0,TuShare index_daily,Archived FRED mirror (Hugging Face)
2019-12-18,4032.7826,4041.7996,-0.2231,-0.002233429179337791,3.51,351.0,-7.0,TuShare index_daily,Archived FRED mirror (Hugging Face)
2019-12-19,4027.1495,4032.7826,-0.1397,-0.001397803566406833,3.54,354.0,3.0,TuShare index_daily,Archived FRED mirror (Hugging Face)
2019-12-20,4017.2527,4027.1495,-0.2458,-0.0024605445493925703,3.53,353.0,-1.0,TuShare index_daily,Archived FRED mirror (Hugging Face)
2019-12-23,3967.0962,4017.2527,-1.2485,-0.012563869739876722,3.52,352.0,-1.0,TuShare index_daily,Archived FRED mirror (Hugging Face)
2019-12-24,3992.9581,3967.0962,0.6519,0.006497943361457646,3.53,353.0,1.0,TuShare index_daily,Archived FRED mirror (Hugging Face)
2019-12-26,4025.9879,3990.8671,0.88,0.008761796161291392,3.53,353.0,0.0,TuShare index_daily,Archived FRED mirror (Hugging Face)
2019-12-27,4022.0278,4025.9879,-0.0984,-0.0009841184379423033,3.56,356.0,3.0,TuShare index_daily,Archived FRED mirror (Hugging Face)
2019-12-30,4081.6334,4022.0278,1.482,0.014711048126733142,3.6,360.0,4.0,TuShare index_daily,Archived FRED mirror (Hugging Face)
2019-12-31,4096.5821,4081.6334,0.3662,0.0036557404603511975,3.6,360.0,0.0,TuShare index_daily,Archived FRED mirror (Hugging Face)
2020-01-02,4152.2408,4096.5821,1.3587,0.013495148430566905,3.56,356.0,-4.0,TuShare index_daily,Archived FRED mirror (Hugging Face)
2020-01-03,4144.9649,4152.2408,-0.1752,-0.0017538198106827857,3.61,361.0,5.0,TuShare index_daily,Archived FRED mirror (Hugging Face)
2020-01-06,4129.2954,4144.9649,-0.378,-0.003787533426308017,3.57,357.0,-4.0,TuShare index_daily,Archived FRED mirror (Hugging Face)
2020-01-07,4160.2274,4129.2954,0.7491,0.007462949149397088,3.54,354.0,-3.0,TuShare index_daily,Archived FRED mirror (Hugging Face)
2020-01-08,4112.3172,4160.2274,-1.1516,-0.0115830709851755,3.5,350.0,-4.0,TuShare index_daily,Archived FRED mirror (Hugging Face)
2020-01-09,4164.3697,4112.3172,1.2658,0.012578266378327381,3.49,349.0,-1.0,TuShare index_daily,Archived FRED mirror (Hugging Face)
2020-01-10,4163.1849,4164.3697,-0.0285,-0.0002845493220769424,3.48,348.0,-1.0,TuShare index_daily,Archived FRED mirror (Hugging Face)
2020-01-13,4203.9883,4163.1849,0.9801,0.0097532876352903,3.48,348.0,0.0,TuShare index_daily,Archived FRED mirror (Hugging Face)
2020-01-14,4189.8862,4203.9883,-0.3354,-0.003360096286408275,3.45,345.0,-3.0,TuShare index_daily,Archived FRED mirror (Hugging Face)
2020-01-15,4166.7344,4189.8862,-0.5526,-0.00554096215265634,3.44,344.0,-1.0,TuShare index_daily,Archived FRED mirror (Hugging Face)
2020-01-16,4149.0434,4166.7344,-0.4246,-0.004254809860104781,3.42,342.0,-2.0,TuShare index_daily,Archived FRED mirror (Hugging Face)
2020-01-17,4154.853,4149.0434,0.14,0.0013992469722722961,3.39,339.0,-3.0,TuShare index_daily,Archived FRED mirror (Hugging Face)
2020-01-20,4185.8304,4154.853,0.7456,0.007428058577093128,3.38,338.0,-1.0,TuShare index_daily,Archived FRED mirror (Hugging Face)
2020-01-21,4114.3085,4185.8304,-1.7087,-0.017234330931583355,3.47,347.0,9.0,TuShare index_daily,Archived FRED mirror (Hugging Face)
2020-01-22,4131.9311,4114.3085,0.4283,0.0042741001188863715,3.49,349.0,2.0,TuShare index_daily,Archived FRED mirror (Hugging Face)
2020-01-23,4003.9013,4131.9311,-3.0985,-0.03147566558508316,3.58,358.0,9.0,TuShare index_daily,Archived FRED mirror (Hugging Face)
2020-02-03,3688.3578,4003.9013,-7.8809,-0.08208789245745143,3.97,397.0,-6.0,TuShare index_daily,Archived FRED mirror (Hugging Face)
2020-02-04,3785.6376,3688.3578,2.6375,0.026033008785874372,3.85,385.0,-12.0,TuShare index_daily,Archived FRED mirror (Hugging Face)
2020-02-05,3828.5272,3785.6376,1.133,0.01126585902804228,3.75,375.0,-10.0,TuShare index_daily,Archived FRED mirror (Hugging Face)
2020-02-06,3899.7751,3828.5272,1.861,0.018438698650183886,3.7,370.0,-5.0,TuShare index_daily,Archived FRED mirror (Hugging Face)
2020-02-07,3899.8693,3899.7751,0.0024,2.4154947372948227e-05,3.75,375.0,5.0,TuShare index_daily,Archived FRED mirror (Hugging Face)
2020-02-10,3916.0052,3899.8693,0.4138,0.00412901279945909,3.75,375.0,0.0,TuShare index_daily,Archived FRED mirror (Hugging Face)
2020-02-11,3952.4643,3916.0052,0.931,0.009267205249654655,3.65,365.0,-10.0,TuShare index_daily,Archived FRED mirror (Hugging Face)
2020-02-12,3984.4325,3952.4643,0.8088,0.008055635264537581,3.59,359.0,-6.0,TuShare index_daily,Archived FRED mirror (Hugging Face)
2020-02-13,3959.9188,3984.4325,-0.6152,-0.0061713730615193555,3.57,357.0,-2.0,TuShare index_daily,Archived FRED mirror (Hugging Face)
2020-02-14,3987.7342,3959.9188,0.7024,0.006999679922883055,3.56,356.0,-1.0,TuShare index_daily,Archived FRED mirror (Hugging Face)
2020-02-17,4077.4241,3987.7342,2.2491,0.022242241064220722,3.56,356.0,0.0,TuShare index_daily,Archived FRED mirror (Hugging Face)
2020-02-18,4057.5108,4077.4241,-0.4884,-0.004895758852166483,3.61,361.0,5.0,TuShare index_daily,Archived FRED mirror (Hugging Face)
2020-02-19,4051.3107,4057.5108,-0.1528,-0.0015292237492852212,3.57,357.0,-4.0,TuShare index_daily,Archived FRED mirror (Hugging Face)
2020-02-20,4144.6561,4051.3107,2.3041,0.02277935932332665,3.62,362.0,5.0,TuShare index_daily,Archived FRED mirror (Hugging Face)
2020-02-21,4149.4903,4144.6561,0.1166,0.0011656897079620984,3.66,366.0,4.0,TuShare index_daily,Archived FRED mirror (Hugging Face)
2020-02-24,4132.8388,4149.4903,-0.4013,-0.0040209757990555175,4.03,403.0,37.0,TuShare index_daily,Archived FRED mirror (Hugging Face)
2020-02-25,4123.8543,4132.8388,-0.2174,-0.0021762958698513814,4.18,418.0,15.0,TuShare index_daily,Archived FRED mirror (Hugging Face)
2020-02-26,4073.0152,4123.8543,-1.2328,-0.012404675201421004,4.27,426.99999999999994,8.999999999999943,TuShare index_daily,Archived FRED mirror (Hugging Face)
2020-02-27,4084.8759,4073.0152,0.2912,0.002907787861271764,4.62,462.0,35.00000000000006,TuShare index_daily,Archived FRED mirror (Hugging Face)
2020-02-28,3940.0488,4084.8759,-3.5454,-0.036098239393596,5.04,504.0,42.0,TuShare index_daily,Archived FRED mirror (Hugging Face)
2020-03-02,4069.6662,3940.0488,3.2897,0.03236787232915487,4.97,497.0,-8.999999999999943,TuShare index_daily,Archived FRED mirror (Hugging Face)
2020-03-03,4091.3615,4069.6662,0.5331,0.0053168183972415635,4.84,484.0,-13.0,TuShare index_daily,Archived FRED mirror (Hugging Face)
2020-03-04,4115.0524,4091.3615,0.579,0.005773768201984381,4.75,475.0,-9.0,TuShare index_daily,Archived FRED mirror (Hugging Face)
2020-03-05,4206.7251,4115.0524,2.2277,0.02203289104992335,5.05,505.0,30.0,TuShare index_daily,Archived FRED mirror (Hugging Face)
2020-03-06,4138.5072,4206.7251,-1.6216,-0.016349315895662495,5.64,564.0,59.0,TuShare index_daily,Archived FRED mirror (Hugging Face)
2020-03-09,3997.1325,4138.5072,-3.4161,-0.034757914060444206,6.68,668.0,104.0,TuShare index_daily,Archived FRED mirror (Hugging Face)
2020-03-10,4082.7315,3997.1325,2.1415,0.02118902066274294,6.38,638.0,-30.0,TuShare index_daily,Archived FRED mirror (Hugging Face)
2020-03-11,4028.4289,4082.7315,-1.3301,-0.013389800874618088,6.61,661.0,23.0,TuShare index_daily,Archived FRED mirror (Hugging Face)
2020-03-12,3950.9111,4028.4289,-1.9243,-0.01943023828690416,7.42,742.0,81.0,TuShare index_daily,Archived FRED mirror (Hugging Face)
2020-03-13,3895.3128,3950.9111,-1.4072,-0.014172226357878227,7.31,731.0,-11.0,TuShare index_daily,Archived FRED mirror (Hugging Face)
2020-03-16,3727.8398,3895.3128,-4.2993,-0.043945060388467926,8.38,838.0000000000001,107.00000000000011,TuShare index_daily,Archived FRED mirror (Hugging Face)
2020-03-17,3709.6822,3727.8398,-0.4871,-0.004882711224087619,8.41,841.0,2.9999999999998863,TuShare index_daily,Archived FRED mirror (Hugging Face)
2020-03-18,3636.2565,3709.6822,-1.9793,-0.01999149419138795,9.04,903.9999999999999,62.999999999999886,TuShare index_daily,Archived FRED mirror (Hugging Face)
2020-03-19,3589.0926,3636.2565,-1.297,-0.013055305490118364,9.82,982.0,78.00000000000011,TuShare index_daily,Archived FRED mirror (Hugging Face)
2020-03-20,3653.2239,3589.0926,1.7868,0.01771062513213693,10.09,1009.0,27.0,TuShare index_daily,Archived FRED mirror (Hugging Face)
2020-03-23,3530.3058,3653.2239,-3.3646,-0.03422554193523279,10.87,1087.0,78.0,TuShare index_daily,Archived FRED mirror (Hugging Face)
2020-03-24,3625.1146,3530.3058,2.6856,0.026501405511712626,10.55,1055.0,-32.0,TuShare index_daily,Archived FRED mirror (Hugging Face)
2020-03-25,3722.5181,3625.1146,2.6869,0.02651444628787693,10.11,1011.0,-44.0,TuShare index_daily,Archived FRED mirror (Hugging Face)
2020-03-26,3698.0472,3722.5181,-0.6574,-0.006595451348404441,9.29,928.9999999999999,-82.00000000000011,TuShare index_daily,Archived FRED mirror (Hugging Face)
2020-03-27,3710.0605,3698.0472,0.3249,0.0032432872245010047,8.99,899.0,-29.999999999999886,TuShare index_daily,Archived FRED mirror (Hugging Face)
2020-03-30,3674.1108,3710.0605,-0.969,-0.009737039559729033,8.82,882.0,-17.0,TuShare index_daily,Archived FRED mirror (Hugging Face)
2020-03-31,3686.1551,3674.1108,0.3278,0.003272792291569129,8.77,877.0,-5.0,TuShare index_daily,Archived FRED mirror (Hugging Face)
2020-04-01,3675.0758,3686.1551,-0.3006,-0.003010178193419536,9.11,911.0,34.0,TuShare index_daily,Archived FRED mirror (Hugging Face)
2020-04-02,3734.5306,3675.0758,1.6178,0.016048376346972232,9.17,917.0,6.0,TuShare index_daily,Archived FRED mirror (Hugging Face)
2020-04-03,3713.2183,3734.5306,-0.5707,-0.005723167754230772,9.43,943.0,26.0,TuShare index_daily,Archived FRED mirror (Hugging Face)
2020-04-07,3798.0214,3713.2183,2.2838,0.02258128002354555,8.88,888.0000000000001,-37.999999999999886,TuShare index_daily,Archived FRED mirror (Hugging Face)
2020-04-08,3780.3445,3798.0214,-0.4654,-0.00466510387385904,8.81,881.0,-7.000000000000114,TuShare index_daily,Archived FRED mirror (Hugging Face)
2020-04-09,3792.8105,3780.3445,0.3298,0.003292157960371772,7.96,796.0,-85.0,TuShare index_daily,Archived FRED mirror (Hugging Face)
2020-04-13,3753.2566,3769.1782,-0.4224,-0.004233103828336165,7.7,770.0,-26.0,TuShare index_daily,Archived FRED mirror (Hugging Face)
2020-04-14,3825.6991,3753.2566,1.9301,0.01911733203498188,7.35,735.0,-35.0,TuShare index_daily,Archived FRED mirror (Hugging Face)
2020-04-15,3797.3623,3825.6991,-0.7407,-0.007434527687172356,7.64,764.0,29.0,TuShare index_daily,Archived FRED mirror (Hugging Face)
2020-04-16,3802.3806,3797.3623,0.1322,0.0013206501313025463,7.58,758.0,-6.0,TuShare index_daily,Archived FRED mirror (Hugging Face)
2020-04-17,3839.4871,3802.3806,0.9759,0.009711445706510577,7.31,731.0,-27.0,TuShare index_daily,Archived FRED mirror (Hugging Face)
2020-04-20,3853.4551,3839.4871,0.3638,0.0036313844525207206,7.52,752.0,21.0,TuShare index_daily,Archived FRED mirror (Hugging Face)
2020-04-21,3808.0474,3853.4551,-1.1784,-0.011853610092220858,7.9,790.0,38.0,TuShare index_daily,Archived FRED mirror (Hugging Face)
2020-04-22,3839.3834,3808.0474,0.8229,0.008195216459116533,7.85,785.0,-5.0,TuShare index_daily,Archived FRED mirror (Hugging Face)
2020-04-23,3829.7525,3839.3834,-0.2508,-0.0025116010951781896,7.87,787.0,2.0,TuShare index_daily,Archived FRED mirror (Hugging Face)
2020-04-24,3796.9721,3829.7525,-0.8559,-0.008596246378152223,8.03,802.9999999999999,15.999999999999886,TuShare index_daily,Archived FRED mirror (Hugging Face)
2020-04-27,3822.769,3796.9721,0.6794,0.006771095821278923,8.01,801.0,-1.9999999999998863,TuShare index_daily,Archived FRED mirror (Hugging Face)
2020-04-28,3849.1465,3822.769,0.69,0.006876406273812152,8.02,802.0,1.0,TuShare index_daily,Archived FRED mirror (Hugging Face)
2020-04-29,3867.032,3849.1465,0.4647,0.004635852328096864,7.87,787.0,-15.0,TuShare index_daily,Archived FRED mirror (Hugging Face)
2020-04-30,3912.5772,3867.032,1.1778,0.011708999561383372,7.63,763.0,-24.0,TuShare index_daily,Archived FRED mirror (Hugging Face)
2020-05-06,3936.2539,3912.5772,0.6051,0.006033196922335174,7.6,760.0,0.0,TuShare index_daily,Archived FRED mirror (Hugging Face)
2020-05-07,3924.8946,3936.2539,-0.2886,-0.0028899868527085043,7.6,760.0,0.0,TuShare index_daily,Archived FRED mirror (Hugging Face)
2020-05-08,3963.6217,3924.8946,0.9867,0.009818680637865151,7.52,752.0,-8.0,TuShare index_daily,Archived FRED mirror (Hugging Face)
2020-05-11,3960.1803,3963.6217,-0.0868,-0.0008686234755437449,7.51,751.0,-1.0,TuShare index_daily,Archived FRED mirror (Hugging Face)
2020-05-12,3960.2378,3960.1803,0.0015,1.4519435533601591e-05,7.42,742.0,-9.0,TuShare index_daily,Archived FRED mirror (Hugging Face)
2020-05-13,3968.2529,3960.2378,0.2024,0.002021848302197205,7.61,761.0,19.0,TuShare index_daily,Archived FRED mirror (Hugging Face)
2020-05-14,3925.2177,3968.2529,-1.0845,-0.010904107606277304,7.77,777.0,16.0,TuShare index_daily,Archived FRED mirror (Hugging Face)
2020-05-15,3912.8159,3925.2177,-0.316,-0.0031645208434674514,7.78,778.0,1.0,TuShare index_daily,Archived FRED mirror (Hugging Face)
2020-05-18,3922.9117,3912.8159,0.258,0.0025768648686913405,7.41,741.0,-37.0,TuShare index_daily,Archived FRED mirror (Hugging Face)
2020-05-19,3956.2495,3922.9117,0.8498,0.008462321838410712,7.35,735.0,-6.0,TuShare index_daily,Archived FRED mirror (Hugging Face)
2020-05-20,3935.222,3956.2495,-0.5315,-0.005329183477480376,7.16,716.0,-19.0,TuShare index_daily,Archived FRED mirror (Hugging Face)
2020-05-21,3913.7949,3935.222,-0.5445,-0.005459831084839416,7.08,708.0,-8.0,TuShare index_daily,Archived FRED mirror (Hugging Face)
2020-05-22,3824.064,3913.7949,-2.2927,-0.023193734514938474,7.06,706.0,-2.0,TuShare index_daily,Archived FRED mirror (Hugging Face)
2020-05-25,3829.3245,3824.064,0.1376,0.0013746854294471086,7.06,706.0,0.0,TuShare index_daily,Archived FRED mirror (Hugging Face)
2020-05-26,3872.7701,3829.3245,1.1345,0.01128162222103003,6.75,675.0,-31.0,TuShare index_daily,Archived FRED mirror (Hugging Face)
2020-05-27,3845.6135,3872.7701,-0.7012,-0.007036891004288614,6.7,670.0,-5.0,TuShare index_daily,Archived FRED mirror (Hugging Face)
2020-05-28,3856.6324,3845.6135,0.2865,0.002861219353501663,6.6,660.0,-10.0,TuShare index_daily,Archived FRED mirror (Hugging Face)
2020-05-29,3867.0232,3856.6324,0.2694,0.0026906446394998444,6.71,671.0,11.0,TuShare index_daily,Archived FRED mirror (Hugging Face)
2020-06-01,3971.3402,3867.0232,2.6976,0.026618607505175626,6.43,643.0,-11.0,TuShare index_daily,Archived FRED mirror (Hugging Face)
2020-06-02,3983.5677,3971.3402,0.3079,0.003074205203533941,6.18,618.0,-25.0,TuShare index_daily,Archived FRED mirror (Hugging Face)
2020-06-03,3983.6477,3983.5677,0.002,2.008229876724991e-05,5.8,580.0,-38.0,TuShare index_daily,Archived FRED mirror (Hugging Face)
2020-06-04,3982.1851,3983.6477,-0.0367,-0.00036721835698979503,5.83,583.0,3.0,TuShare index_daily,Archived FRED mirror (Hugging Face)
2020-06-05,4001.2509,3982.1851,0.4788,0.004776348491166621,5.5,550.0,-33.0,TuShare index_daily,Archived FRED mirror (Hugging Face)
2020-06-08,4021.9549,4001.2509,0.5174,0.005161040729267489,5.51,551.0,1.0,TuShare index_daily,Archived FRED mirror (Hugging Face)
2020-06-09,4047.0293,4021.9549,0.6234,0.006215027837446011,5.75,575.0,24.0,TuShare index_daily,Archived FRED mirror (Hugging Face)
2020-06-10,4039.7051,4047.0293,-0.181,-0.0018114115390478484,5.92,592.0,17.0,TuShare index_daily,Archived FRED mirror (Hugging Face)
2020-06-11,3995.8846,4039.7051,-1.0847,-0.010906712768860143,6.4,640.0,48.0,TuShare index_daily,Archived FRED mirror (Hugging Face)
2020-06-12,4003.0829,3995.8846,0.1801,0.0017998077734721176,6.28,628.0,-12.0,TuShare index_daily,Archived FRED mirror (Hugging Face)
2020-06-15,3954.9883,4003.0829,-1.2014,-0.012087146329313512,6.25,625.0,-3.0,TuShare index_daily,Archived FRED mirror (Hugging Face)
2020-06-16,4014.5702,3954.9883,1.5065,0.014952650166163503,5.78,578.0,-47.0,TuShare index_daily,Archived FRED mirror (Hugging Face)
2020-06-17,4017.5941,4014.5702,0.0753,0.0007529477809265026,5.85,585.0,7.0,TuShare index_daily,Archived FRED mirror (Hugging Face)
2020-06-18,4044.3842,4017.5941,0.6668,0.006646060709465059,6.01,601.0,16.0,TuShare index_daily,Archived FRED mirror (Hugging Face)
2020-06-19,4098.7095,4044.3842,1.3432,0.013342866475464435,6.02,602.0,1.0,TuShare index_daily,Archived FRED mirror (Hugging Face)
2020-06-22,4102.0459,4098.7095,0.0814,0.0008136811845599733,6.03,603.0,1.0,TuShare index_daily,Archived FRED mirror (Hugging Face)
2020-06-23,4121.7944,4102.0459,0.4814,0.00480275327345941,6.02,602.0,-1.0,TuShare index_daily,Archived FRED mirror (Hugging Face)
2020-06-24,4138.9895,4121.7944,0.4172,0.004163073394105781,6.23,623.0,21.0,TuShare index_daily,Archived FRED mirror (Hugging Face)
2020-06-29,4109.7164,4138.9895,-0.7073,-0.007097652224453106,6.52,652.0,11.0,TuShare index_daily,Archived FRED mirror (Hugging Face)
2020-06-30,4163.9637,4109.7164,1.32,0.013113409441197675,6.44,644.0,-8.0,TuShare index_daily,Archived FRED mirror (Hugging Face)
2020-07-01,4247.7835,4163.9637,2.013,0.019929884345320857,6.33,633.0,-11.0,TuShare index_daily,Archived FRED mirror (Hugging Face)
2020-07-02,4335.8445,4247.7835,2.0731,0.0205190834673487,6.17,617.0,-16.0,TuShare index_daily,Archived FRED mirror (Hugging Face)
2020-07-03,4419.5955,4335.8445,1.9316,0.01913177511652984,6.17,617.0,0.0,TuShare index_daily,Archived FRED mirror (Hugging Face)
2020-07-06,4670.0949,4419.5955,5.6679,0.055131216608803546,6.03,603.0,-14.0,TuShare index_daily,Archived FRED mirror (Hugging Face)
2020-07-07,4698.1264,4670.0949,0.6002,0.005984398267295105,6.04,604.0,1.0,TuShare index_daily,Archived FRED mirror (Hugging Face)
2020-07-08,4774.0042,4698.1264,1.6151,0.01602161674087557,6.06,606.0,2.0,TuShare index_daily,Archived FRED mirror (Hugging Face)
2020-07-09,4840.7712,4774.0042,1.3986,0.013888639196783053,6.14,614.0,8.0,TuShare index_daily,Archived FRED mirror (Hugging Face)
2020-07-10,4753.1333,4840.7712,-1.8104,-0.018270004194841982,6.14,614.0,0.0,TuShare index_daily,Archived FRED mirror (Hugging Face)
2020-07-13,4852.9612,4753.1333,2.1003,0.02078503265292465,6.01,601.0,-13.0,TuShare index_daily,Archived FRED mirror (Hugging Face)
2020-07-14,4806.6902,4852.9612,-0.9535,-0.009580336181996442,6.03,603.0,2.0,TuShare index_daily,Archived FRED mirror (Hugging Face)
2020-07-15,4744.4687,4806.6902,-1.2945,-0.013029283857047434,5.81,581.0,-22.0,TuShare index_daily,Archived FRED mirror (Hugging Face)
2020-07-16,4516.2532,4744.4687,-4.8101,-0.04929674326555778,5.76,576.0,-5.0,TuShare index_daily,Archived FRED mirror (Hugging Face)
2020-07-17,4544.7007,4516.2532,0.6299,0.006279160843895698,5.74,574.0,-2.0,TuShare index_daily,Archived FRED mirror (Hugging Face)
2020-07-20,4680.3046,4544.7007,2.9838,0.029401320405866512,5.54,554.0,-20.0,TuShare index_daily,Archived FRED mirror (Hugging Face)
2020-07-21,4691.0425,4680.3046,0.2294,0.002291645925546458,5.33,533.0,-21.0,TuShare index_daily,Archived FRED mirror (Hugging Face)
2020-07-22,4714.4454,4691.0425,0.4989,0.004976445357551661,5.28,528.0,-5.0,TuShare index_daily,Archived FRED mirror (Hugging Face)
2020-07-23,4712.4357,4714.4454,-0.0426,-0.0004263764460646308,5.26,526.0,-2.0,TuShare index_daily,Archived FRED mirror (Hugging Face)
2020-07-24,4505.5906,4712.4357,-4.3893,-0.044885926871965375,5.29,529.0,3.0,TuShare index_daily,Archived FRED mirror (Hugging Face)
2020-07-27,4528.45,4505.5906,0.5074,0.005060736341555208,5.24,524.0,-5.0,TuShare index_daily,Archived FRED mirror (Hugging Face)
2020-07-28,4568.2576,4528.45,0.8791,0.008752145469647098,5.27,527.0,3.0,TuShare index_daily,Archived FRED mirror (Hugging Face)
2020-07-29,4679.008,4568.2576,2.4243,0.023954258591717723,5.15,515.0,-12.0,TuShare index_daily,Archived FRED mirror (Hugging Face)
2020-07-30,4656.1506,4679.008,-0.4885,-0.004897066382800305,5.14,514.0,-1.0,TuShare index_daily,Archived FRED mirror (Hugging Face)
2020-07-31,4695.0462,4656.1506,0.8354,0.00831889760054069,5.16,516.0,2.0,TuShare index_daily,Archived FRED mirror (Hugging Face)
2020-08-03,4771.3108,4695.0462,1.6244,0.01611311512058742,5.08,508.0,-8.0,TuShare index_daily,Archived FRED mirror (Hugging Face)
2020-08-04,4775.8024,4771.3108,0.0941,0.0009409337120644999,5.13,513.0,5.0,TuShare index_daily,Archived FRED mirror (Hugging Face)
2020-08-05,4777.1089,4775.8024,0.0274,0.0002735291822812058,5.04,504.0,-9.0,TuShare index_daily,Archived FRED mirror (Hugging Face)
2020-08-06,4762.7642,4777.1089,-0.3003,-0.0030073169025837867,5.06,505.99999999999994,1.9999999999999432,TuShare index_daily,Archived FRED mirror (Hugging Face)
2020-08-07,4707.9262,4762.7642,-1.1514,-0.0115807001506316,5.06,505.99999999999994,0.0,TuShare index_daily,Archived FRED mirror (Hugging Face)
2020-08-10,4724.8697,4707.9262,0.3599,0.00359247001676474,5.09,509.0,3.000000000000057,TuShare index_daily,Archived FRED mirror (Hugging Face)
2020-08-11,4681.7837,4724.8697,-0.9119,-0.009160814050230533,5.03,503.0,-6.0,TuShare index_daily,Archived FRED mirror (Hugging Face)
2020-08-12,4647.6446,4681.7837,-0.7292,-0.00731861616432439,5.1,509.99999999999994,6.999999999999943,TuShare index_daily,Archived FRED mirror (Hugging Face)
2020-08-13,4635.7126,4647.6446,-0.2567,-0.0025706231729737705,5.16,516.0,6.000000000000057,TuShare index_daily,Archived FRED mirror (Hugging Face)
2020-08-14,4704.6288,4635.7126,1.4866,0.014756944673855646,5.26,526.0,10.0,TuShare index_daily,Archived FRED mirror (Hugging Face)
2020-08-17,4815.2261,4704.6288,2.3508,0.02323612644012645,5.29,529.0,3.0,TuShare index_daily,Archived FRED mirror (Hugging Face)
2020-08-18,4812.7564,4815.2261,-0.0513,-0.000513025455575405,5.26,526.0,-3.0,TuShare index_daily,Archived FRED mirror (Hugging Face)
2020-08-19,4740.6784,4812.7564,-1.4976,-0.01508972828793647,5.25,525.0,-1.0,TuShare index_daily,Archived FRED mirror (Hugging Face)
2020-08-20,4679.1544,4740.6784,-1.2978,-0.013062837985231536,5.28,528.0,3.0,TuShare index_daily,Archived FRED mirror (Hugging Face)
2020-08-21,4718.8431,4679.1544,0.8482,0.00844625377829779,5.25,525.0,-3.0,TuShare index_daily,Archived FRED mirror (Hugging Face)
2020-08-24,4755.8491,4718.8431,0.7842,0.007811586360143104,5.17,517.0,-8.0,TuShare index_daily,Archived FRED mirror (Hugging Face)
2020-08-25,4761.9507,4755.8491,0.1283,0.001282145236100936,5.07,507.0,-10.0,TuShare index_daily,Archived FRED mirror (Hugging Face)
2020-08-26,4706.1302,4761.9507,-1.1722,-0.01179143848735509,5.02,501.99999999999994,-5.000000000000057,TuShare index_daily,Archived FRED mirror (Hugging Face)
2020-08-27,4731.3451,4706.1302,0.5358,0.005343581667131274,4.98,498.00000000000006,-3.9999999999998863,TuShare index_daily,Archived FRED mirror (Hugging Face)
2020-08-28,4844.2652,4731.3451,2.3866,0.02358603393633957,5.0,500.0,1.9999999999999432,TuShare index_daily,Archived FRED mirror (Hugging Face)
2020-08-31,4816.2153,4844.2652,-0.579,-0.005807160177476246,5.02,501.99999999999994,1.9999999999999432,TuShare index_daily,Archived FRED mirror (Hugging Face)
2020-09-01,4842.1223,4816.2153,0.5379,0.005364704197894736,4.97,497.0,-4.999999999999943,TuShare index_daily,Archived FRED mirror (Hugging Face)
2020-09-02,4843.887,4842.1223,0.0364,0.0003643812358356593,4.93,493.0,-4.0,TuShare index_daily,Archived FRED mirror (Hugging Face)
2020-09-03,4817.0952,4843.887,-0.5531,-0.005546406799537806,5.04,504.0,11.0,TuShare index_daily,Archived FRED mirror (Hugging Face)
2020-09-04,4770.219,4817.0952,-0.9731,-0.009778874994954716,5.13,513.0,9.0,TuShare index_daily,Archived FRED mirror (Hugging Face)
2020-09-07,4669.3677,4770.219,-2.1142,-0.021368549427703998,5.13,513.0,0.0,TuShare index_daily,Archived FRED mirror (Hugging Face)
2020-09-08,4694.3894,4669.3677,0.5359,0.0053443845861228375,5.25,525.0,12.0,TuShare index_daily,Archived FRED mirror (Hugging Face)
2020-09-09,4584.5887,4694.3894,-2.339,-0.02366765483140326,5.16,516.0,-9.0,TuShare index_daily,Archived FRED mirror (Hugging Face)
2020-09-10,4581.9775,4584.5887,-0.057,-0.0005697226232063961,5.16,516.0,0.0,TuShare index_daily,Archived FRED mirror (Hugging Face)
2020-09-11,4627.2826,4581.9775,0.9888,0.009839110851291967,5.21,521.0,5.0,TuShare index_daily,Archived FRED mirror (Hugging Face)
2020-09-14,4651.0507,4627.2826,0.5137,0.005123366712961365,5.18,518.0,-3.0,TuShare index_daily,Archived FRED mirror (Hugging Face)
2020-09-15,4688.4826,4651.0507,0.8048,0.008015839598304212,5.14,514.0,-4.0,TuShare index_daily,Archived FRED mirror (Hugging Face)
2020-09-16,4657.3584,4688.4826,-0.6638,-0.00666057020743151,5.07,507.0,-7.0,TuShare index_daily,Archived FRED mirror (Hugging Face)
2020-09-17,4632.7142,4657.3584,-0.5291,-0.005305503814429285,5.14,514.0,7.0,TuShare index_daily,Archived FRED mirror (Hugging Face)
2020-09-18,4737.0887,4632.7142,2.253,0.02227983205717658,5.16,516.0,2.0,TuShare index_daily,Archived FRED mirror (Hugging Face)
2020-09-21,4691.4281,4737.0887,-0.9639,-0.009685713655998145,5.42,542.0,26.0,TuShare index_daily,Archived FRED mirror (Hugging Face)
2020-09-22,4635.7608,4691.4281,-1.1866,-0.01193670709894685,5.45,545.0,3.0,TuShare index_daily,Archived FRED mirror (Hugging Face)
2020-09-23,4652.3273,4635.7608,0.3574,0.003567261074509898,5.47,547.0,2.0,TuShare index_daily,Archived FRED mirror (Hugging Face)
2020-09-24,4563.0657,4652.3273,-1.9186,-0.019372888753561534,5.64,564.0,17.0,TuShare index_daily,Archived FRED mirror (Hugging Face)
2020-09-25,4570.0216,4563.0657,0.1524,0.0015232311082675793,5.64,564.0,0.0,TuShare index_daily,Archived FRED mirror (Hugging Face)
2020-09-28,4581.9085,4570.0216,0.2601,0.0025976830142870892,5.52,552.0,-12.0,TuShare index_daily,Archived FRED mirror (Hugging Face)
2020-09-29,4591.7993,4581.9085,0.2159,0.0021563372298629402,5.5,550.0,-2.0,TuShare index_daily,Archived FRED mirror (Hugging Face)
2020-09-30,4587.3953,4591.7993,-0.0959,-0.000959561384158417,5.41,541.0,-9.0,TuShare index_daily,Archived FRED mirror (Hugging Face)
2020-10-09,4681.1412,4587.3953,2.0436,0.0202295361258012,4.92,492.0,-5.0,TuShare index_daily,Archived FRED mirror (Hugging Face)
2020-10-12,4823.1578,4681.1412,3.0338,0.02988693241901605,4.92,492.0,0.0,TuShare index_daily,Archived FRED mirror (Hugging Face)
2020-10-13,4839.201,4823.1578,0.3326,0.003320765679496209,4.88,488.0,-4.0,TuShare index_daily,Archived FRED mirror (Hugging Face)
2020-10-14,4807.1021,4839.201,-0.6633,-0.0066551959114719535,4.89,488.99999999999994,0.9999999999999432,TuShare index_daily,Archived FRED mirror (Hugging Face)
2020-10-15,4798.7361,4807.1021,-0.174,-0.00174185780377837,5.01,501.0,12.000000000000057,TuShare index_daily,Archived FRED mirror (Hugging Face)
2020-10-16,4791.676,4798.7361,-0.1471,-0.0014723249015277874,4.94,494.00000000000006,-6.999999999999943,TuShare index_daily,Archived FRED mirror (Hugging Face)
2020-10-19,4755.4879,4791.676,-0.7552,-0.007580947324676243,4.91,491.0,-3.000000000000057,TuShare index_daily,Archived FRED mirror (Hugging Face)
2020-10-20,4793.4672,4755.4879,0.7986,0.007954692397331964,4.9,490.00000000000006,-0.9999999999999432,TuShare index_daily,Archived FRED mirror (Hugging Face)
2020-10-21,4792.8284,4793.4672,-0.0133,-0.0001332735871289077,4.91,491.0,0.9999999999999432,TuShare index_daily,Archived FRED mirror (Hugging Face)
2020-10-22,4777.9845,4792.8284,-0.3097,-0.0031019124618266,4.88,488.0,-3.0,TuShare index_daily,Archived FRED mirror (Hugging Face)
2020-10-23,4718.4881,4777.9845,-1.2452,-0.012530374375044237,4.87,487.0,-1.0,TuShare index_daily,Archived FRED mirror (Hugging Face)
2020-10-26,4691.2359,4718.4881,-0.5776,-0.005792364621097337,5.03,503.0,16.0,TuShare index_daily,Archived FRED mirror (Hugging Face)
2020-10-27,4699.2792,4691.2359,0.1715,0.0017130693857238426,5.06,505.99999999999994,2.999999999999943,TuShare index_daily,Archived FRED mirror (Hugging Face)
2020-10-28,4737.2718,4699.2792,0.8085,0.008052265130175401,5.29,529.0,23.000000000000057,TuShare index_daily,Archived FRED mirror (Hugging Face)
2020-10-29,4772.9198,4737.2718,0.7525,0.007496834650276579,5.25,525.0,-4.0,TuShare index_daily,Archived FRED mirror (Hugging Face)
2020-10-30,4695.3338,4772.9198,-1.6255,-0.016389027988660262,5.25,525.0,0.0,TuShare index_daily,Archived FRED mirror (Hugging Face)
2020-11-02,4720.8313,4695.3338,0.543,0.005415699926437235,5.25,525.0,-7.0,TuShare index_daily,Archived FRED mirror (Hugging Face)
2020-11-03,4777.5608,4720.8313,1.2017,0.011945216401603785,5.07,507.0,-18.0,TuShare index_daily,Archived FRED mirror (Hugging Face)
2020-11-04,4813.6564,4777.5608,0.7555,0.007526838285146994,4.79,479.0,-28.0,TuShare index_daily,Archived FRED mirror (Hugging Face)
2020-11-05,4885.1118,4813.6564,1.4844,0.01473520996199845,4.59,459.0,-20.0,TuShare index_daily,Archived FRED mirror (Hugging Face)
2020-11-06,4885.7178,4885.1118,0.0124,0.00012404269147779382,4.67,467.0,8.0,TuShare index_daily,Archived FRED mirror (Hugging Face)
2020-11-09,4981.3497,4885.7178,1.9574,0.019384664101318113,4.22,422.0,-45.0,TuShare index_daily,Archived FRED mirror (Hugging Face)
2020-11-10,4953.8756,4981.3497,-0.5515,-0.005530658682067191,4.37,437.0,15.0,TuShare index_daily,Archived FRED mirror (Hugging Face)
2020-11-11,4904.8981,4953.8756,-0.9887,-0.009935901648628813,4.37,437.0,0.0,TuShare index_daily,Archived FRED mirror (Hugging Face)
2020-11-12,4908.463,4904.8981,0.0727,0.0007265400957911837,4.62,462.0,25.0,TuShare index_daily,Archived FRED mirror (Hugging Face)
2020-11-13,4856.8513,4908.463,-1.0515,-0.010570510889047147,4.63,463.0,1.0,TuShare index_daily,Archived FRED mirror (Hugging Face)
2020-11-16,4904.1716,4856.8513,0.9743,0.009695842576503763,4.5,450.0,-13.0,TuShare index_daily,Archived FRED mirror (Hugging Face)
2020-11-17,4894.786,4904.1716,-0.1914,-0.0019156329179655564,4.48,448.00000000000006,-1.9999999999999432,TuShare index_daily,Archived FRED mirror (Hugging Face)
2020-11-18,4891.6716,4894.786,-0.0636,-0.0006364713837081073,4.42,442.0,-6.000000000000057,TuShare index_daily,Archived FRED mirror (Hugging Face)
2020-11-19,4927.9891,4891.6716,0.7424,0.007396928814693623,4.48,448.00000000000006,6.000000000000057,TuShare index_daily,Archived FRED mirror (Hugging Face)
2020-11-20,4943.2882,4927.9891,0.3105,0.003099722920323173,4.49,449.0,0.9999999999999432,TuShare index_daily,Archived FRED mirror (Hugging Face)
2020-11-23,5005.0273,4943.2882,1.2489,0.012412129999316287,4.43,443.0,-6.0,TuShare index_daily,Archived FRED mirror (Hugging Face)
2020-11-24,4974.2855,5005.0273,-0.6142,-0.006161125091724083,4.31,430.99999999999994,-12.000000000000057,TuShare index_daily,Archived FRED mirror (Hugging Face)
2020-11-25,4910.7,4974.2855,-1.2783,-0.012865244369756808,4.33,433.0,2.000000000000057,TuShare index_daily,Archived FRED mirror (Hugging Face)
2020-11-26,4919.5912,4910.7,0.1811,0.0018089397849228442,4.33,433.0,0.0,TuShare index_daily,Archived FRED mirror (Hugging Face)
2020-11-27,4980.765,4919.5912,1.2435,0.012358056075695761,4.35,434.99999999999994,1.9999999999999432,TuShare index_daily,Archived FRED mirror (Hugging Face)
2020-11-30,4960.2519,4980.765,-0.4118,-0.0041269679593215775,4.33,433.0,-1.9999999999999432,TuShare index_daily,Archived FRED mirror (Hugging Face)
2020-12-01,5067.0983,4960.2519,2.1541,0.02131180060748671,4.21,421.0,-12.0,TuShare index_daily,Archived FRED mirror (Hugging Face)
2020-12-02,5067.1447,5067.0983,0.0009,9.157072708887299e-06,4.17,417.0,-4.0,TuShare index_daily,Archived FRED mirror (Hugging Face)
2020-12-03,5057.0603,5067.1447,-0.199,-0.0019921373253678587,4.1,409.99999999999994,-7.000000000000057,TuShare index_daily,Archived FRED mirror (Hugging Face)
2020-12-04,5065.9163,5057.0603,0.1751,0.0017496834398110467,4.03,403.0,-6.999999999999943,TuShare index_daily,Archived FRED mirror (Hugging Face)
2020-12-07,5022.2351,5065.9163,-0.8623,-0.008659955874246816,4.03,403.0,0.0,TuShare index_daily,Archived FRED mirror (Hugging Face)
2020-12-08,5009.8786,5022.2351,-0.246,-0.0024633903917117748,4.03,403.0,0.0,TuShare index_daily,Archived FRED mirror (Hugging Face)
2020-12-09,4942.6986,5009.8786,-1.341,-0.013500225916820758,4.04,404.0,1.0,TuShare index_daily,Archived FRED mirror (Hugging Face)
2020-12-10,4940.5249,4942.6986,-0.044,-0.00043987673354727903,4.08,408.0,4.0,TuShare index_daily,Archived FRED mirror (Hugging Face)
2020-12-11,4889.6292,4940.5249,-1.0302,-0.010355108225073873,4.13,413.0,5.0,TuShare index_daily,Archived FRED mirror (Hugging Face)
2020-12-14,4934.8352,4889.6292,0.9245,0.009202805813425094,4.07,407.0,-6.0,TuShare index_daily,Archived FRED mirror (Hugging Face)
2020-12-15,4945.1,4934.8352,0.208,0.0020779091128788284,4.06,405.99999999999994,-1.0000000000000568,TuShare index_daily,Archived FRED mirror (Hugging Face)
2020-12-16,4953.867,4945.1,0.1773,0.0017712963973308576,4.06,405.99999999999994,0.0,TuShare index_daily,Archived FRED mirror (Hugging Face)
2020-12-17,5017.4784,4953.867,1.2841,0.012759013031903096,4.05,405.0,-0.9999999999999432,TuShare index_daily,Archived FRED mirror (Hugging Face)
2020-12-18,4999.9678,5017.4784,-0.349,-0.003496024332990864,4.03,403.0,-2.0,TuShare index_daily,Archived FRED mirror (Hugging Face)
2020-12-21,5046.8396,4999.9678,0.9374,0.009330753183535155,4.18,418.0,15.0,TuShare index_daily,Archived FRED mirror (Hugging Face)
2020-12-22,4964.7727,5046.8396,-1.6261,-0.016394709610962847,4.12,412.0,-6.0,TuShare index_daily,Archived FRED mirror (Hugging Face)
2020-12-23,5007.1235,4964.7727,0.853,0.00849408252602842,4.07,407.0,-5.0,TuShare index_daily,Archived FRED mirror (Hugging Face)
2020-12-24,5000.0154,5007.1235,-0.142,-0.001420606082607069,4.05,405.0,-2.0,TuShare index_daily,Archived FRED mirror (Hugging Face)
2020-12-28,5064.4147,5042.0137,0.4443,0.004433027336315451,3.89,389.0,-16.0,TuShare index_daily,Archived FRED mirror (Hugging Face)
2020-12-29,5042.9361,5064.4147,-0.4241,-0.004250101288915238,3.85,385.0,-4.0,TuShare index_daily,Archived FRED mirror (Hugging Face)
2020-12-30,5113.7105,5042.9361,1.4034,0.013936793973684268,3.87,387.0,2.0,TuShare index_daily,Archived FRED mirror (Hugging Face)
2020-12-31,5211.2885,5113.7105,1.9082,0.018901872089531136,3.86,386.0,-1.0,TuShare index_daily,Archived FRED mirror (Hugging Face)
2021-01-04,5267.7181,5211.2885,1.0828,0.010770132631680113,3.93,393.0,7.0,TuShare index_daily,Archived FRED mirror (Hugging Face)
2021-01-05,5368.5049,5267.7181,1.9133,0.018952181943255562,3.92,392.0,-1.0,TuShare index_daily,Archived FRED mirror (Hugging Face)
2021-01-06,5417.6677,5368.5049,0.9158,0.00911595656361716,3.8,380.0,-12.0,TuShare index_daily,Archived FRED mirror (Hugging Face)
2021-01-07,5513.6568,5417.6677,1.7718,0.01756265991066838,3.78,378.0,-2.0,TuShare index_daily,Archived FRED mirror (Hugging Face)
2021-01-08,5495.4306,5513.6568,-0.3306,-0.0033111221647590546,3.76,376.0,-2.0,TuShare index_daily,Archived FRED mirror (Hugging Face)
2021-01-11,5441.1583,5495.4306,-0.9876,-0.009924985935710723,3.82,382.0,6.0,TuShare index_daily,Archived FRED mirror (Hugging Face)
2021-01-12,5596.3525,5441.1583,2.8522,0.02812308524467504,3.85,385.0,3.0,TuShare index_daily,Archived FRED mirror (Hugging Face)
2021-01-13,5577.9711,5596.3525,-0.3285,-0.00328993811841089,3.82,382.0,-3.0,TuShare index_daily,Archived FRED mirror (Hugging Face)
2021-01-14,5470.4563,5577.9711,-1.9275,-0.01946307652147776,3.73,373.0,-9.0,TuShare index_daily,Archived FRED mirror (Hugging Face)
2021-01-15,5458.0812,5470.4563,-0.2262,-0.0022647321820208678,3.74,374.0,1.0,TuShare index_daily,Archived FRED mirror (Hugging Face)
2021-01-18,5518.5205,5458.0812,1.1073,0.011012499581574684,3.73,373.0,-1.0,TuShare index_daily,Archived FRED mirror (Hugging Face)
2021-01-19,5437.5234,5518.5205,-1.4677,-0.014786099147649704,3.71,371.0,-2.0,TuShare index_daily,Archived FRED mirror (Hugging Face)
2021-01-20,5476.4336,5437.5234,0.7156,0.007130386322251297,3.67,367.0,-4.0,TuShare index_daily,Archived FRED mirror (Hugging Face)
2021-01-21,5564.9693,5476.4336,1.6167,0.016037381914478555,3.65,365.0,-2.0,TuShare index_daily,Archived FRED mirror (Hugging Face)
2021-01-22,5569.776,5564.9693,0.0864,0.0008633696001252266,3.75,375.0,10.0,TuShare index_daily,Archived FRED mirror (Hugging Face)
2021-01-25,5625.9232,5569.776,1.0081,0.010030221377311308,3.75,375.0,0.0,TuShare index_daily,Archived FRED mirror (Hugging Face)
2021-01-26,5512.9678,5625.9232,-2.0078,-0.020281960217564652,3.74,374.0,-1.0,TuShare index_daily,Archived FRED mirror (Hugging Face)
2021-01-27,5528.0034,5512.9678,0.2727,0.0027236026654103474,3.85,385.0,11.0,TuShare index_daily,Archived FRED mirror (Hugging Face)
2021-01-28,5377.1427,5528.0034,-2.729,-0.027669565078195076,3.76,376.0,-9.0,TuShare index_daily,Archived FRED mirror (Hugging Face)
2021-01-29,5351.9646,5377.1427,-0.4682,-0.004693427983358953,3.79,379.0,3.0,TuShare index_daily,Archived FRED mirror (Hugging Face)
2021-02-01,5417.6484,5351.9646,1.2273,0.012198138307740969,3.83,383.0,-1.0,TuShare index_daily,Archived FRED mirror (Hugging Face)
2021-02-02,5501.0915,5417.6484,1.5402,0.015284680332363739,3.75,375.0,-8.0,TuShare index_daily,Archived FRED mirror (Hugging Face)
2021-02-03,5485.2008,5501.0915,-0.2889,-0.0028928251038237156,3.68,368.0,-7.0,TuShare index_daily,Archived FRED mirror (Hugging Face)
2021-02-04,5473.9475,5485.2008,-0.2052,-0.0020536822109012143,3.64,364.0,-4.0,TuShare index_daily,Archived FRED mirror (Hugging Face)
2021-02-05,5483.414,5473.9475,0.1729,0.0017278799016058849,3.58,358.0,-6.0,TuShare index_daily,Archived FRED mirror (Hugging Face)
2021-02-08,5564.5618,5483.414,1.4799,0.014690339807556038,3.54,354.0,-4.0,TuShare index_daily,Archived FRED mirror (Hugging Face)
2021-02-09,5686.2502,5564.5618,2.1868,0.021632775585823095,3.51,351.0,-3.0,TuShare index_daily,Archived FRED mirror (Hugging Face)
2021-02-10,5807.7191,5686.2502,2.1362,0.021136896953192888,3.51,351.0,0.0,TuShare index_daily,Archived FRED mirror (Hugging Face)
2021-02-18,5768.3814,5807.7191,-0.6773,-0.006796390791577607,3.46,346.0,2.0,TuShare index_daily,Archived FRED mirror (Hugging Face)
2021-02-19,5778.842,5768.3814,0.1813,0.0018117953553229548,3.41,341.0,-5.0,TuShare index_daily,Archived FRED mirror (Hugging Face)
2021-02-22,5597.3327,5778.842,-3.1409,-0.031913135890482676,3.44,344.0,3.0,TuShare index_daily,Archived FRED mirror (Hugging Face)
2021-02-23,5579.6681,5597.3327,-0.3156,-0.00316088636363837,3.47,347.0,3.0,TuShare index_daily,Archived FRED mirror (Hugging Face)
2021-02-24,5437.5683,5579.6681,-2.5467,-0.025797337082003765,3.42,342.0,-5.0,TuShare index_daily,Archived FRED mirror (Hugging Face)
2021-02-25,5469.5584,5437.5683,0.5883,0.0058659246580651195,3.42,342.0,0.0,TuShare index_daily,Archived FRED mirror (Hugging Face)
2021-02-26,5336.7609,5469.5584,-2.4279,-0.024578986014973294,3.52,352.0,10.0,TuShare index_daily,Archived FRED mirror (Hugging Face)
2021-03-01,5418.7837,5336.7609,1.5369,0.015252484775311331,3.54,354.0,-3.0,TuShare index_daily,Archived FRED mirror (Hugging Face)
2021-03-02,5349.6301,5418.7837,-1.2762,-0.012843962343151796,3.53,353.0,-1.0,TuShare index_daily,Archived FRED mirror (Hugging Face)
2021-03-03,5452.2125,5349.6301,1.9176,0.01899407126639186,3.51,351.0,-2.0,TuShare index_daily,Archived FRED mirror (Hugging Face)
2021-03-04,5280.7058,5452.2125,-3.1456,-0.03196172657010949,3.54,354.0,3.0,TuShare index_daily,Archived FRED mirror (Hugging Face)
2021-03-05,5262.7958,5280.7058,-0.3392,-0.003397356572028898,3.6,360.0,6.0,TuShare index_daily,Archived FRED mirror (Hugging Face)
2021-03-08,5080.0246,5262.7958,-3.4729,-0.03534630235660933,3.57,357.0,-3.0,TuShare index_daily,Archived FRED mirror (Hugging Face)
2021-03-09,4970.9994,5080.0246,-2.1462,-0.02169519768588273,3.62,362.0,5.0,TuShare index_daily,Archived FRED mirror (Hugging Face)
2021-03-10,5003.6121,4970.9994,0.6561,0.006539165201911017,3.63,363.0,1.0,TuShare index_daily,Archived FRED mirror (Hugging Face)
2021-03-11,5128.2156,5003.6121,2.4903,0.02459769080192662,3.52,352.0,-11.0,TuShare index_daily,Archived FRED mirror (Hugging Face)
2021-03-12,5146.3786,5128.2156,0.3542,0.003535520443161178,3.55,355.0,3.0,TuShare index_daily,Archived FRED mirror (Hugging Face)
2021-03-15,5035.5441,5146.3786,-2.1536,-0.021771698972272314,3.55,355.0,0.0,TuShare index_daily,Archived FRED mirror (Hugging Face)
2021-03-16,5079.3624,5035.5441,0.8702,0.00866415801490597,3.55,355.0,0.0,TuShare index_daily,Archived FRED mirror (Hugging Face)
2021-03-17,5100.8581,5079.3624,0.4232,0.004223038576872044,3.65,365.0,10.0,TuShare index_daily,Archived FRED mirror (Hugging Face)
2021-03-18,5141.7681,5100.8581,0.802,0.007988228164529472,3.66,366.0,1.0,TuShare index_daily,Archived FRED mirror (Hugging Face)
2021-03-19,5007.0907,5141.7681,-2.6193,-0.0265419608202576,3.67,367.0,1.0,TuShare index_daily,Archived FRED mirror (Hugging Face)
2021-03-22,5057.152,5007.0907,0.9998,0.009948431169141384,3.58,358.0,-9.0,TuShare index_daily,Archived FRED mirror (Hugging Face)
2021-03-23,5009.2459,5057.152,-0.9473,-0.009518094186803952,3.57,357.0,-1.0,TuShare index_daily,Archived FRED mirror (Hugging Face)
2021-03-24,4928.6853,5009.2459,-1.6082,-0.016213105742656164,3.51,351.0,-6.0,TuShare index_daily,Archived FRED mirror (Hugging Face)
2021-03-25,4926.3469,4928.6853,-0.0474,-0.00047455959482012024,3.53,353.0,2.0,TuShare index_daily,Archived FRED mirror (Hugging Face)
2021-03-26,5037.9899,4926.3469,2.2662,0.022409453696508205,3.48,348.0,-5.0,TuShare index_daily,Archived FRED mirror (Hugging Face)
2021-03-29,5046.8773,5037.9899,0.1764,0.0017625224258213089,3.43,343.0,-5.0,TuShare index_daily,Archived FRED mirror (Hugging Face)
2021-03-30,5094.7291,5046.8773,0.9481,0.00943679989640187,3.44,344.0,1.0,TuShare index_daily,Archived FRED mirror (Hugging Face)
2021-03-31,5048.3607,5094.7291,-0.9101,-0.009142918759438923,3.36,336.0,-8.0,TuShare index_daily,Archived FRED mirror (Hugging Face)
2021-04-01,5110.7768,5048.3607,1.2364,0.012287831590583272,3.33,333.0,-3.0,TuShare index_daily,Archived FRED mirror (Hugging Face)
2021-04-06,5140.3418,5161.5569,-0.411,-0.004118683479246685,3.25,325.0,0.0,TuShare index_daily,Archived FRED mirror (Hugging Face)
2021-04-07,5103.7428,5140.3418,-0.712,-0.007145422387403772,3.22,322.0,-3.0,TuShare index_daily,Archived FRED mirror (Hugging Face)
2021-04-08,5112.2086,5103.7428,0.1659,0.0016573692662383715,3.21,321.0,-1.0,TuShare index_daily,Archived FRED mirror (Hugging Face)
2021-04-09,5035.3374,5112.2086,-1.5037,-0.015150987340556255,3.24,324.0,3.0,TuShare index_daily,Archived FRED mirror (Hugging Face)
2021-04-12,4947.7459,5035.3374,-1.7395,-0.017548435719811403,3.24,324.0,0.0,TuShare index_daily,Archived FRED mirror (Hugging Face)
2021-04-13,4939.6438,4947.7459,-0.1638,-0.001638875792154115,3.32,332.0,8.0,TuShare index_daily,Archived FRED mirror (Hugging Face)
2021-04-14,4980.6279,4939.6438,0.8297,0.0082627440889853,3.25,325.0,-7.0,TuShare index_daily,Archived FRED mirror (Hugging Face)
2021-04-15,4948.9741,4980.6279,-0.6355,-0.0063756648503750565,3.25,325.0,0.0,TuShare index_daily,Archived FRED mirror (Hugging Face)
2021-04-16,4966.1811,4948.9741,0.3477,0.003470851827739531,3.22,322.0,-3.0,TuShare index_daily,Archived FRED mirror (Hugging Face)
2021-04-19,5087.0165,4966.1811,2.4332,0.024040354994074857,3.25,325.0,3.0,TuShare index_daily,Archived FRED mirror (Hugging Face)
2021-04-20,5083.3654,5087.0165,-0.0718,-0.000717986835252842,3.35,335.0,10.0,TuShare index_daily,Archived FRED mirror (Hugging Face)
2021-04-21,5098.7449,5083.3654,0.3025,0.00302088884183706,3.34,334.0,-1.0,TuShare index_daily,Archived FRED mirror (Hugging Face)
2021-04-22,5089.2435,5098.7449,-0.1863,-0.0018652166417151464,3.34,334.0,0.0,TuShare index_daily,Archived FRED mirror (Hugging Face)
2021-04-23,5135.4534,5089.2435,0.908,0.009038940728190753,3.29,329.0,-5.0,TuShare index_daily,Archived FRED mirror (Hugging Face)
2021-04-26,5077.2372,5135.4534,-1.1336,-0.011400880112324985,3.26,326.0,-3.0,TuShare index_daily,Archived FRED mirror (Hugging Face)
2021-04-27,5090.5195,5077.2372,0.2616,0.002612632844617457,3.24,324.0,-2.0,TuShare index_daily,Archived FRED mirror (Hugging Face)
2021-04-28,5119.2421,5090.5195,0.5642,0.005626512527797331,3.26,326.0,2.0,TuShare index_daily,Archived FRED mirror (Hugging Face)
2021-04-29,5164.1692,5119.2421,0.8776,0.008737836995305902,3.24,324.0,-2.0,TuShare index_daily,Archived FRED mirror (Hugging Face)
2021-04-30,5123.489,5164.1692,-0.7877,-0.007908585460357973,3.28,328.0,4.0,TuShare index_daily,Archived FRED mirror (Hugging Face)
2021-05-06,5061.1244,5123.489,-1.2172,-0.012246980233125798,3.3,330.0,1.0,TuShare index_daily,Archived FRED mirror (Hugging Face)
2021-05-07,4996.0527,5061.1244,-1.2857,-0.012940531405912142,3.27,327.0,-3.0,TuShare index_daily,Archived FRED mirror (Hugging Face)
2021-05-10,4992.422,4996.0527,-0.0727,-0.0007269778958146385,3.26,326.0,-1.0,TuShare index_daily,Archived FRED mirror (Hugging Face)
2021-05-11,5023.0595,4992.422,0.6137,0.006118047457768018,3.36,336.0,10.0,TuShare index_daily,Archived FRED mirror (Hugging Face)
2021-05-12,5044.5481,5023.0595,0.4278,0.004268865749714823,3.34,334.0,-2.0,TuShare index_daily,Archived FRED mirror (Hugging Face)
2021-05-13,4992.9738,5044.5481,-1.0224,-0.010276391799696024,3.37,337.0,3.0,TuShare index_daily,Archived FRED mirror (Hugging Face)
2021-05-14,5110.5901,4992.9738,2.3556,0.023283192842009297,3.35,335.0,-2.0,TuShare index_daily,Archived FRED mirror (Hugging Face)
2021-05-17,5184.9853,5110.5901,1.4557,0.014452129575788978,3.35,335.0,0.0,TuShare index_daily,Archived FRED mirror (Hugging Face)
2021-05-18,5187.6013,5184.9853,0.0505,0.0005044065007787606,3.35,335.0,0.0,TuShare index_daily,Archived FRED mirror (Hugging Face)
2021-05-19,5172.272,5187.6013,-0.2955,-0.002959362676300788,3.4,340.0,5.0,TuShare index_daily,Archived FRED mirror (Hugging Face)
2021-05-20,5186.412,5172.272,0.2734,0.002730078218913397,3.42,342.0,2.0,TuShare index_daily,Archived FRED mirror (Hugging Face)
2021-05-21,5134.1483,5186.412,-1.0077,-0.010128160728869793,3.37,337.0,-5.0,TuShare index_daily,Archived FRED mirror (Hugging Face)
2021-05-24,5155.5875,5134.1483,0.4176,0.004167110106744392,3.37,337.0,0.0,TuShare index_daily,Archived FRED mirror (Hugging Face)
2021-05-25,5318.478,5155.5875,3.1595,0.031106094198889784,3.34,334.0,-3.0,TuShare index_daily,Archived FRED mirror (Hugging Face)
2021-05-26,5320.5927,5318.478,0.0398,0.0003975347260076317,3.35,335.0,1.0,TuShare index_daily,Archived FRED mirror (Hugging Face)
2021-05-27,5338.2329,5320.5927,0.3315,0.00330997368141398,3.3,330.0,-5.0,TuShare index_daily,Archived FRED mirror (Hugging Face)
2021-05-28,5321.0886,5338.2329,-0.3212,-0.003216774122739079,3.29,329.0,-1.0,TuShare index_daily,Archived FRED mirror (Hugging Face)
2021-05-31,5331.5696,5321.0886,0.197,0.0019677723973122578,3.34,334.0,5.0,TuShare index_daily,Archived FRED mirror (Hugging Face)
2021-06-01,5341.6798,5331.5696,0.1896,0.001894493915579741,3.33,333.0,-1.0,TuShare index_daily,Archived FRED mirror (Hugging Face)
2021-06-02,5289.9736,5341.6798,-0.968,-0.00972691748439677,3.31,331.0,-2.0,TuShare index_daily,Archived FRED mirror (Hugging Face)
2021-06-03,5255.2855,5289.9736,-0.6557,-0.0065789232461387894,3.28,328.0,-3.0,TuShare index_daily,Archived FRED mirror (Hugging Face)
2021-06-04,5282.2772,5255.2855,0.5136,0.005122960555661023,3.28,328.0,0.0,TuShare index_daily,Archived FRED mirror (Hugging Face)
2021-06-07,5277.6271,5282.2772,-0.088,-0.0008807087959255326,3.27,327.0,-1.0,TuShare index_daily,Archived FRED mirror (Hugging Face)
2021-06-08,5232.1165,5277.6271,-0.8623,-0.008660703096580333,3.26,326.0,-1.0,TuShare index_daily,Archived FRED mirror (Hugging Face)
2021-06-09,5236.4493,5232.1165,0.0828,0.0008277734180943219,3.22,322.0,-4.0,TuShare index_daily,Archived FRED mirror (Hugging Face)
2021-06-10,5271.4661,5236.4493,0.6687,0.006664867062356995,3.23,323.0,1.0,TuShare index_daily,Archived FRED mirror (Hugging Face)
2021-06-11,5224.703,5271.4661,-0.8871,-0.008910567076980907,3.21,321.0,-2.0,TuShare index_daily,Archived FRED mirror (Hugging Face)
2021-06-15,5166.5597,5224.703,-1.1129,-0.011190922313067906,3.17,317.0,0.0,TuShare index_daily,Archived FRED mirror (Hugging Face)
2021-06-16,5080.4909,5166.5597,-1.6659,-0.016799141037062326,3.12,312.0,-5.0,TuShare index_daily,Archived FRED mirror (Hugging Face)
2021-06-17,5101.8924,5080.4909,0.4212,0.004203638948601504,3.15,315.0,3.0,TuShare index_daily,Archived FRED mirror (Hugging Face)
2021-06-18,5102.4657,5101.8924,0.0112,0.00011236375575712845,3.18,318.0,3.0,TuShare index_daily,Archived FRED mirror (Hugging Face)
2021-06-21,5090.3854,5102.4657,-0.2368,-0.0023703486958912613,3.14,314.0,-4.0,TuShare index_daily,Archived FRED mirror (Hugging Face)
2021-06-22,5122.1583,5090.3854,0.6242,0.0062223484075154345,3.15,315.0,1.0,TuShare index_daily,Archived FRED mirror (Hugging Face)
2021-06-23,5147.3938,5122.1583,0.4927,0.004914635136633502,3.13,313.0,-2.0,TuShare index_daily,Archived FRED mirror (Hugging Face)
2021-06-24,5155.9738,5147.3938,0.1667,0.0016654752730112406,3.08,308.0,-5.0,TuShare index_daily,Archived FRED mirror (Hugging Face)
2021-06-25,5239.9684,5155.9738,1.6291,0.01615946417488065,3.04,304.0,-4.0,TuShare index_daily,Archived FRED mirror (Hugging Face)
2021-06-28,5251.7604,5239.9684,0.225,0.002247866903559741,3.05,305.0,1.0,TuShare index_daily,Archived FRED mirror (Hugging Face)
2021-06-29,5190.5445,5251.7604,-1.1656,-0.011724729714395393,3.03,303.0,-2.0,TuShare index_daily,Archived FRED mirror (Hugging Face)
2021-06-30,5224.041,5190.5445,0.6453,0.006432635365788018,3.04,304.0,1.0,TuShare index_daily,Archived FRED mirror (Hugging Face)
2021-07-01,5229.6642,5224.041,0.1076,0.0010758291791815775,3.02,302.0,-2.0,TuShare index_daily,Archived FRED mirror (Hugging Face)
2021-07-02,5081.1172,5229.6642,-2.8405,-0.02881591084345226,3.04,304.0,2.0,TuShare index_daily,Archived FRED mirror (Hugging Face)
2021-07-05,5085.7924,5081.1172,0.092,0.0009196895641789991,3.03,303.0,-1.0,TuShare index_daily,Archived FRED mirror (Hugging Face)
2021-07-06,5083.1043,5085.7924,-0.0529,-0.0005286906027109014,3.05,305.0,2.0,TuShare index_daily,Archived FRED mirror (Hugging Face)
2021-07-07,5140.4899,5083.1043,1.1289,0.011226228576722806,3.05,305.0,0.0,TuShare index_daily,Archived FRED mirror (Hugging Face)
2021-07-08,5088.2566,5140.4899,-1.0161,-0.010213129053200676,3.14,314.0,9.0,TuShare index_daily,Archived FRED mirror (Hugging Face)
2021-07-09,5069.4361,5088.2566,-0.3699,-0.003705668618403645,3.07,307.0,-7.0,TuShare index_daily,Archived FRED mirror (Hugging Face)
2021-07-12,5132.7088,5069.4361,1.2481,0.012403962474664831,3.05,305.0,-2.0,TuShare index_daily,Archived FRED mirror (Hugging Face)
2021-07-13,5142.0991,5132.7088,0.183,0.001827830302187363,3.04,304.0,-1.0,TuShare index_daily,Archived FRED mirror (Hugging Face)
2021-07-14,5083.0849,5142.0991,-1.1477,-0.011543040254654557,3.1,310.0,6.0,TuShare index_daily,Archived FRED mirror (Hugging Face)
2021-07-15,5151.4626,5083.0849,1.3452,0.013362333295396704,3.14,314.0,4.0,TuShare index_daily,Archived FRED mirror (Hugging Face)
2021-07-16,5094.7727,5151.4626,-1.1005,-0.011065621040815304,3.18,318.0,4.0,TuShare index_daily,Archived FRED mirror (Hugging Face)
2021-07-19,5113.4945,5094.7727,0.3675,0.0036679723646509273,3.44,344.0,26.0,TuShare index_daily,Archived FRED mirror (Hugging Face)
2021-07-20,5108.9941,5113.4945,-0.088,-0.0008804901559389637,3.38,338.0,-6.0,TuShare index_daily,Archived FRED mirror (Hugging Face)
2021-07-21,5144.0428,5108.9941,0.686,0.006836771750779328,3.24,324.0,-14.0,TuShare index_daily,Archived FRED mirror (Hugging Face)
2021-07-22,5151.7517,5144.0428,0.1499,0.001497485490911058,3.24,324.0,0.0,TuShare index_daily,Archived FRED mirror (Hugging Face)
2021-07-23,5089.2282,5151.7517,-1.2136,-0.012210604347853416,3.22,322.0,-2.0,TuShare index_daily,Archived FRED mirror (Hugging Face)
2021-07-26,4925.299,5089.2282,-3.2211,-0.03274120497587915,3.21,321.0,-1.0,TuShare index_daily,Archived FRED mirror (Hugging Face)
2021-07-27,4751.313,4925.299,-3.5325,-0.03596398253921202,3.27,327.0,6.0,TuShare index_daily,Archived FRED mirror (Hugging Face)
2021-07-28,4760.4826,4751.313,0.193,0.0019280487567601367,3.26,326.0,-1.0,TuShare index_daily,Archived FRED mirror (Hugging Face)
2021-07-29,4850.2746,4760.4826,1.8862,0.018686272244641713,3.23,323.0,-3.0,TuShare index_daily,Archived FRED mirror (Hugging Face)
2021-07-30,4811.1695,4850.2746,-0.8062,-0.008095128046081285,3.26,326.0,3.0,TuShare index_daily,Archived FRED mirror (Hugging Face)
2021-08-02,4933.736,4811.1695,2.5475,0.025156316535476436,3.36,336.0,4.0,TuShare index_daily,Archived FRED mirror (Hugging Face)
2021-08-03,4934.4583,4933.736,0.0146,0.00014638949727404575,3.42,342.0,6.0,TuShare index_daily,Archived FRED mirror (Hugging Face)
2021-08-04,4978.8479,4934.4583,0.8996,0.00895561900057252,3.42,342.0,0.0,TuShare index_daily,Archived FRED mirror (Hugging Face)
2021-08-05,4948.6703,4978.8479,-0.6061,-0.0060796046590891285,3.37,337.0,-5.0,TuShare index_daily,Archived FRED mirror (Hugging Face)
2021-08-06,4921.5647,4948.6703,-0.5477,-0.005492405832303928,3.32,332.0,-5.0,TuShare index_daily,Archived FRED mirror (Hugging Face)
2021-08-09,4985.5627,4921.5647,1.3004,0.012919767280224079,3.34,334.0,2.0,TuShare index_daily,Archived FRED mirror (Hugging Face)
2021-08-10,5043.148,4985.5627,1.155,0.011484214595109173,3.32,332.0,-2.0,TuShare index_daily,Archived FRED mirror (Hugging Face)
2021-08-11,5015.3406,5043.148,-0.5514,-0.005529154915563814,3.37,337.0,5.0,TuShare index_daily,Archived FRED mirror (Hugging Face)
2021-08-12,4973.3509,5015.3406,-0.8372,-0.008407497086092142,3.34,334.0,-3.0,TuShare index_daily,Archived FRED mirror (Hugging Face)
2021-08-13,4945.9829,4973.3509,-0.5503,-0.005518126518865006,3.36,336.0,2.0,TuShare index_daily,Archived FRED mirror (Hugging Face)
2021-08-16,4941.0676,4945.9829,-0.0994,-0.0009942905429570182,3.38,338.0,2.0,TuShare index_daily,Archived FRED mirror (Hugging Face)
2021-08-17,4837.4034,4941.0676,-2.098,-0.02120333204675759,3.37,337.0,-1.0,TuShare index_daily,Archived FRED mirror (Hugging Face)
2021-08-18,4894.2384,4837.4034,1.1749,0.011680587379225442,3.35,335.0,-2.0,TuShare index_daily,Archived FRED mirror (Hugging Face)
2021-08-19,4862.1394,4894.2384,-0.6559,-0.006580129731906379,3.42,342.0,7.0,TuShare index_daily,Archived FRED mirror (Hugging Face)
2021-08-20,4769.2678,4862.1394,-1.9101,-0.019285754742048165,3.37,337.0,-5.0,TuShare index_daily,Archived FRED mirror (Hugging Face)
2021-08-23,4835.8782,4769.2678,1.3967,0.013869954261612503,3.34,334.0,-3.0,TuShare index_daily,Archived FRED mirror (Hugging Face)
2021-08-24,4888.3902,4835.8782,1.0859,0.010800300502617191,3.26,326.0,-8.0,TuShare index_daily,Archived FRED mirror (Hugging Face)
2021-08-25,4898.1572,4888.3902,0.1998,0.00199600591372526,3.22,322.0,-4.0,TuShare index_daily,Archived FRED mirror (Hugging Face)
2021-08-26,4801.6094,4898.1572,-1.9711,-0.019907899364672393,3.2,320.0,-2.0,TuShare index_daily,Archived FRED mirror (Hugging Face)
2021-08-27,4827.0433,4801.6094,0.5297,0.005282973630273834,3.17,317.0,-3.0,TuShare index_daily,Archived FRED mirror (Hugging Face)
2021-08-30,4813.2703,4827.0433,-0.2853,-0.0028573778701406795,3.16,316.0,-1.0,TuShare index_daily,Archived FRED mirror (Hugging Face)
2021-08-31,4805.6099,4813.2703,-0.1592,-0.0015927844947090822,3.21,321.0,5.0,TuShare index_daily,Archived FRED mirror (Hugging Face)
2021-09-01,4869.4587,4805.6099,1.3286,0.013198816371313428,3.19,319.0,-2.0,TuShare index_daily,Archived FRED mirror (Hugging Face)
2021-09-02,4869.4113,4869.4587,-0.001,-9.734188874249115e-06,3.16,316.0,-3.0,TuShare index_daily,Archived FRED mirror (Hugging Face)
2021-09-03,4843.0624,4869.4113,-0.5411,-0.005425798916923169,3.14,314.0,-2.0,TuShare index_daily,Archived FRED mirror (Hugging Face)
2021-09-06,4933.7262,4843.0624,1.872,0.01854727615262288,3.13,313.0,-1.0,TuShare index_daily,Archived FRED mirror (Hugging Face)
2021-09-07,4992.8294,4933.7262,1.1979,0.011908239033383661,3.16,316.0,3.0,TuShare index_daily,Archived FRED mirror (Hugging Face)
2021-09-08,4972.1324,4992.8294,-0.4145,-0.004153960682764128,3.16,316.0,0.0,TuShare index_daily,Archived FRED mirror (Hugging Face)
2021-09-09,4970.0133,4972.1324,-0.0426,-0.0004262862557105811,3.15,315.0,-1.0,TuShare index_daily,Archived FRED mirror (Hugging Face)
2021-09-10,5013.5219,4970.0133,0.8754,0.008716126016851936,3.11,311.0,-4.0,TuShare index_daily,Archived FRED mirror (Hugging Face)
2021-09-13,4991.6598,5013.5219,-0.4361,-0.004370162471732712,3.09,309.0,-2.0,TuShare index_daily,Archived FRED mirror (Hugging Face)
2021-09-14,4917.1617,4991.6598,-1.4925,-0.015037005911300897,3.11,311.0,2.0,TuShare index_daily,Archived FRED mirror (Hugging Face)
2021-09-15,4867.3187,4917.1617,-1.0137,-0.010188263271322358,3.08,308.0,-3.0,TuShare index_daily,Archived FRED mirror (Hugging Face)
2021-09-16,4807.6978,4867.3187,-1.2249,-0.012324868843624045,3.06,306.0,-2.0,TuShare index_daily,Archived FRED mirror (Hugging Face)
2021-09-17,4855.9402,4807.6978,1.0034,0.009984397338931174,3.04,304.0,-2.0,TuShare index_daily,Archived FRED mirror (Hugging Face)
2021-09-22,4821.7675,4855.9402,-0.7037,-0.0070621769302446555,3.09,309.0,-8.0,TuShare index_daily,Archived FRED mirror (Hugging Face)
2021-09-23,4853.1957,4821.7675,0.6518,0.0064968330929834825,3.03,303.0,-6.0,TuShare index_daily,Archived FRED mirror (Hugging Face)
2021-09-24,4849.4277,4853.1957,-0.0776,-0.0007766971949922549,3.05,305.0,2.0,TuShare index_daily,Archived FRED mirror (Hugging Face)
2021-09-27,4877.3698,4849.4277,0.5762,0.005745401168918581,3.06,306.0,1.0,TuShare index_daily,Archived FRED mirror (Hugging Face)
2021-09-28,4883.828,4877.3698,0.1324,0.0013232394373443024,3.13,313.0,7.0,TuShare index_daily,Archived FRED mirror (Hugging Face)
2021-09-29,4833.9281,4883.828,-1.0217,-0.010269930232940807,3.09,309.0,-4.0,TuShare index_daily,Archived FRED mirror (Hugging Face)
2021-09-30,4866.3826,4833.9281,0.6714,0.0066914601194143246,3.15,315.0,6.0,TuShare index_daily,Archived FRED mirror (Hugging Face)
2021-10-08,4929.9409,4866.3826,1.3061,0.01297613167354878,3.2,320.0,1.0,TuShare index_daily,Archived FRED mirror (Hugging Face)
2021-10-11,4936.1918,4929.9409,0.1268,0.0012671430694210562,3.2,320.0,0.0,TuShare index_daily,Archived FRED mirror (Hugging Face)
2021-10-12,4883.8369,4936.1918,-1.0606,-0.010662982290104397,3.28,328.0,8.0,TuShare index_daily,Archived FRED mirror (Hugging Face)
2021-10-13,4940.1089,4883.8369,1.1522,0.011456214558820853,3.25,325.0,-3.0,TuShare index_daily,Archived FRED mirror (Hugging Face)
2021-10-14,4913.6123,4940.1089,-0.5364,-0.005378001533710975,3.18,318.0,-7.0,TuShare index_daily,Archived FRED mirror (Hugging Face)
2021-10-15,4932.1084,4913.6123,0.3764,0.0037571900162288,3.12,312.0,-6.0,TuShare index_daily,Archived FRED mirror (Hugging Face)
2021-10-18,4874.7753,4932.1084,-1.1624,-0.011692552893949727,3.11,311.0,-1.0,TuShare index_daily,Archived FRED mirror (Hugging Face)
2021-10-19,4922.7232,4874.7753,0.9836,0.009787862236965015,3.09,309.0,-2.0,TuShare index_daily,Archived FRED mirror (Hugging Face)
2021-10-20,4910.1846,4922.7232,-0.2547,-0.002550335475766727,3.07,307.0,-2.0,TuShare index_daily,Archived FRED mirror (Hugging Face)
2021-10-21,4928.0156,4910.1846,0.3631,0.003624853969590148,3.03,303.0,-4.0,TuShare index_daily,Archived FRED mirror (Hugging Face)
2021-10-22,4959.7254,4928.0156,0.6435,0.006413984490404525,3.07,307.0,4.0,TuShare index_daily,Archived FRED mirror (Hugging Face)
2021-10-25,4979.5235,4959.7254,0.3992,0.003983827426725137,3.11,311.0,4.0,TuShare index_daily,Archived FRED mirror (Hugging Face)
2021-10-26,4963.0984,4979.5235,-0.3299,-0.003303980601285361,3.09,309.0,-2.0,TuShare index_daily,Archived FRED mirror (Hugging Face)
2021-10-27,4898.1644,4963.0984,-1.3083,-0.01316970043948072,3.11,311.0,2.0,TuShare index_daily,Archived FRED mirror (Hugging Face)
2021-10-28,4864.138,4898.1644,-0.6947,-0.0069710067150644435,3.08,308.0,-3.0,TuShare index_daily,Archived FRED mirror (Hugging Face)
2021-10-29,4908.7701,4864.138,0.9176,0.009133905658576713,3.08,308.0,0.0,TuShare index_daily,Archived FRED mirror (Hugging Face)
2021-11-01,4890.6851,4908.7701,-0.3684,-0.0036910257076337187,3.16,316.0,1.0,TuShare index_daily,Archived FRED mirror (Hugging Face)
2021-11-02,4839.8457,4890.6851,-1.0395,-0.010449555867797935,3.21,321.0,5.0,TuShare index_daily,Archived FRED mirror (Hugging Face)
2021-11-03,4821.1119,4839.8457,-0.3871,-0.00387825394886795,3.18,318.0,-3.0,TuShare index_daily,Archived FRED mirror (Hugging Face)
2021-11-04,4868.7419,4821.1119,0.9879,0.00983098085796393,3.19,319.0,1.0,TuShare index_daily,Archived FRED mirror (Hugging Face)
2021-11-05,4842.3458,4868.7419,-0.5422,-0.005436294228423467,3.12,312.0,-7.0,TuShare index_daily,Archived FRED mirror (Hugging Face)
2021-11-08,4848.1795,4842.3458,0.1205,0.0012040009234010089,3.03,303.0,-9.0,TuShare index_daily,Archived FRED mirror (Hugging Face)
2021-11-09,4846.7444,4848.1795,-0.0296,-0.0002960518360504767,3.08,308.0,5.0,TuShare index_daily,Archived FRED mirror (Hugging Face)
2021-11-10,4821.1925,4846.7444,-0.5272,-0.005285917721553265,3.06,306.0,-2.0,TuShare index_daily,Archived FRED mirror (Hugging Face)
2021-11-11,4898.6529,4821.1925,1.6067,0.01593894485071449,3.06,306.0,0.0,TuShare index_daily,Archived FRED mirror (Hugging Face)
2021-11-12,4888.3749,4898.6529,-0.2098,-0.002100331988095335,3.09,309.0,3.0,TuShare index_daily,Archived FRED mirror (Hugging Face)
2021-11-15,4882.3777,4888.3749,-0.1227,-0.0012275821522954918,3.1,310.0,1.0,TuShare index_daily,Archived FRED mirror (Hugging Face)
2021-11-16,4883.3206,4882.3777,0.0193,0.00019310447117343,3.12,312.0,2.0,TuShare index_daily,Archived FRED mirror (Hugging Face)
2021-11-17,4885.7544,4883.3206,0.0498,0.000498266222820992,3.17,317.0,5.0,TuShare index_daily,Archived FRED mirror (Hugging Face)
2021-11-18,4837.6185,4885.7544,-0.9852,-0.009901151325949787,3.19,319.0,2.0,TuShare index_daily,Archived FRED mirror (Hugging Face)
2021-11-19,4890.0575,4837.6185,1.084,0.010781507928948286,3.24,324.0,5.0,TuShare index_daily,Archived FRED mirror (Hugging Face)
2021-11-22,4912.399,4890.0575,0.4569,0.004558355078732283,3.18,318.0,-6.0,TuShare index_daily,Archived FRED mirror (Hugging Face)
2021-11-23,4913.3457,4912.399,0.0193,0.00019269786297804745,3.3,330.0,12.0,TuShare index_daily,Archived FRED mirror (Hugging Face)
2021-11-24,4916.6579,4913.3457,0.0674,0.0006738960147175844,3.32,332.0,2.0,TuShare index_daily,Archived FRED mirror (Hugging Face)
2021-11-25,4896.4416,4916.6579,-0.4112,-0.004120273844247433,3.32,332.0,0.0,TuShare index_daily,Archived FRED mirror (Hugging Face)
2021-11-26,4860.1265,4896.4416,-0.7417,-0.007444270840791316,3.62,362.0,30.0,TuShare index_daily,Archived FRED mirror (Hugging Face)
2021-11-29,4851.423,4860.1265,-0.1791,-0.0017924024029635618,3.53,353.0,-9.0,TuShare index_daily,Archived FRED mirror (Hugging Face)
2021-11-30,4832.026,4851.423,-0.3998,-0.004006222564540432,3.67,367.0,14.0,TuShare index_daily,Archived FRED mirror (Hugging Face)
2021-12-01,4843.851,4832.026,0.2447,0.0024442241022921175,3.58,358.0,-9.0,TuShare index_daily,Archived FRED mirror (Hugging Face)
2021-12-02,4856.163,4843.851,0.2542,0.002538554400397358,3.54,354.0,-4.0,TuShare index_daily,Archived FRED mirror (Hugging Face)
2021-12-03,4901.0175,4856.163,0.9237,0.009194216705463765,3.56,356.0,2.0,TuShare index_daily,Archived FRED mirror (Hugging Face)
2021-12-06,4892.6209,4901.0175,-0.1713,-0.0017147053453223631,3.41,341.0,-15.0,TuShare index_daily,Archived FRED mirror (Hugging Face)
2021-12-07,4922.1015,4892.6209,0.6026,0.006007442179166062,3.16,316.0,-25.0,TuShare index_daily,Archived FRED mirror (Hugging Face)
2021-12-08,4995.9298,4922.1015,1.4999,0.014887967468882464,3.21,321.0,5.0,TuShare index_daily,Archived FRED mirror (Hugging Face)
2021-12-09,5078.6901,4995.9298,1.6566,0.016429833085919086,3.25,325.0,4.0,TuShare index_daily,Archived FRED mirror (Hugging Face)
2021-12-10,5055.1172,5078.6901,-0.4642,-0.004652336840489615,3.29,329.0,4.0,TuShare index_daily,Archived FRED mirror (Hugging Face)
2021-12-13,5083.8007,5055.1172,0.5674,0.0056581139735559045,3.33,333.0,4.0,TuShare index_daily,Archived FRED mirror (Hugging Face)
2021-12-14,5049.6953,5083.8007,-0.6709,-0.006731246309327015,3.35,335.0,2.0,TuShare index_daily,Archived FRED mirror (Hugging Face)
2021-12-15,5005.8991,5049.6953,-0.8673,-0.008710867839850396,3.33,333.0,-2.0,TuShare index_daily,Archived FRED mirror (Hugging Face)
2021-12-16,5034.7321,5005.8991,0.576,0.005743280214357276,3.32,332.0,-1.0,TuShare index_daily,Archived FRED mirror (Hugging Face)
2021-12-17,4954.7599,5034.7321,-1.5884,-0.016011606704812265,3.36,336.0,4.0,TuShare index_daily,Archived FRED mirror (Hugging Face)
2021-12-20,4880.4178,4954.7599,-1.5004,-0.01511787954855152,3.41,341.0,5.0,TuShare index_daily,Archived FRED mirror (Hugging Face)
2021-12-21,4913.4853,4880.4178,0.6776,0.006752696104045924,3.25,325.0,-16.0,TuShare index_daily,Archived FRED mirror (Hugging Face)
2021-12-22,4914.4544,4913.4853,0.0197,0.00019721325785909577,3.21,321.0,-4.0,TuShare index_daily,Archived FRED mirror (Hugging Face)
2021-12-23,4948.7389,4914.4544,0.6976,0.006952036128708292,3.12,312.0,-9.0,TuShare index_daily,Archived FRED mirror (Hugging Face)
2021-12-27,4919.3238,4921.3449,-0.0411,-0.00041076477423087026,3.02,302.0,-10.0,TuShare index_daily,Archived FRED mirror (Hugging Face)
2021-12-28,4955.9644,4919.3238,0.7448,0.00742069849461029,3.01,301.0,-1.0,TuShare index_daily,Archived FRED mirror (Hugging Face)
2021-12-29,4883.4804,4955.9644,-1.4626,-0.014733618146385177,3.03,303.0,2.0,TuShare index_daily,Archived FRED mirror (Hugging Face)
2021-12-30,4921.5109,4883.4804,0.7788,0.007757414474152084,3.09,309.0,6.0,TuShare index_daily,Archived FRED mirror (Hugging Face)
2021-12-31,4940.3733,4921.5109,0.3833,0.0038253182898282034,3.1,310.0,1.0,TuShare index_daily,Archived FRED mirror (Hugging Face)
2022-01-04,4917.7653,4940.3733,-0.4576,-0.004586675142669136,3.09,309.0,4.0,TuShare index_daily,Archived FRED mirror (Hugging Face)
2022-01-05,4868.1202,4917.7653,-1.0095,-0.01014635331807042,3.07,307.0,-2.0,TuShare index_daily,Archived FRED mirror (Hugging Face)
2022-01-06,4818.2318,4868.1202,-1.0248,-0.010300852400832543,3.15,315.0,8.0,TuShare index_daily,Archived FRED mirror (Hugging Face)
2022-01-07,4822.3689,4818.2318,0.0859,0.0008582660733904354,3.2,320.0,5.0,TuShare index_daily,Archived FRED mirror (Hugging Face)
2022-01-10,4844.0451,4822.3689,0.4495,0.004484855776462298,3.24,324.0,4.0,TuShare index_daily,Archived FRED mirror (Hugging Face)
2022-01-11,4797.7735,4844.0451,-0.9552,-0.009598180001148815,3.18,318.0,-6.0,TuShare index_daily,Archived FRED mirror (Hugging Face)
2022-01-12,4845.5787,4797.7735,0.9964,0.00991472480091817,3.06,306.0,-12.0,TuShare index_daily,Archived FRED mirror (Hugging Face)
2022-01-13,4765.9191,4845.5787,-1.644,-0.016576276804004232,3.1,310.0,4.0,TuShare index_daily,Archived FRED mirror (Hugging Face)
2022-01-14,4726.7317,4765.9191,-0.8222,-0.008256412974016464,3.09,309.0,-1.0,TuShare index_daily,Archived FRED mirror (Hugging Face)
2022-01-17,4767.2762,4726.7317,0.8578,0.008541123391974052,3.09,309.0,0.0,TuShare index_daily,Archived FRED mirror (Hugging Face)
2022-01-18,4813.3472,4767.2762,0.9664,0.00961761113042047,3.12,312.0,3.0,TuShare index_daily,Archived FRED mirror (Hugging Face)
2022-01-19,4780.3784,4813.3472,-0.6849,-0.0068730191288057345,3.11,311.0,-1.0,TuShare index_daily,Archived FRED mirror (Hugging Face)
2022-01-20,4823.5091,4780.3784,0.9022,0.008981985673519537,3.1,310.0,-1.0,TuShare index_daily,Archived FRED mirror (Hugging Face)
2022-01-21,4779.3142,4823.5091,-0.9162,-0.009204628816751045,3.29,329.0,19.0,TuShare index_daily,Archived FRED mirror (Hugging Face)
2022-01-24,4786.7377,4779.3142,0.1553,0.001552051267918045,3.44,344.0,15.0,TuShare index_daily,Archived FRED mirror (Hugging Face)
2022-01-25,4678.4511,4786.7377,-2.2622,-0.022882021063491267,3.39,339.0,-5.0,TuShare index_daily,Archived FRED mirror (Hugging Face)
2022-01-26,4712.3109,4678.4511,0.7237,0.007211331036815009,3.25,325.0,-14.0,TuShare index_daily,Archived FRED mirror (Hugging Face)
2022-01-27,4619.8765,4712.3109,-1.9616,-0.019810451513431557,3.46,346.0,21.0,TuShare index_daily,Archived FRED mirror (Hugging Face)
2022-01-28,4563.772,4619.8765,-1.2144,-0.01221849856143308,3.61,361.0,15.0,TuShare index_daily,Archived FRED mirror (Hugging Face)
2022-02-07,4634.0899,4563.772,1.5408,0.015290351335136535,3.6,360.0,4.0,TuShare index_daily,Archived FRED mirror (Hugging Face)
2022-02-08,4608.7729,4634.0899,-0.5463,-0.005478186545120943,3.55,355.0,-5.0,TuShare index_daily,Archived FRED mirror (Hugging Face)
2022-02-09,4652.0609,4608.7729,0.9393,0.009348686351121224,3.46,346.0,-9.0,TuShare index_daily,Archived FRED mirror (Hugging Face)
2022-02-10,4639.8625,4652.0609,-0.2622,-0.002625593535934055,3.44,344.0,-2.0,TuShare index_daily,Archived FRED mirror (Hugging Face)
2022-02-11,4601.3953,4639.8625,-0.8291,-0.0083251485904409,3.66,366.0,22.0,TuShare index_daily,Archived FRED mirror (Hugging Face)
2022-02-14,4551.6878,4601.3953,-1.0803,-0.010861474353252425,3.74,374.0,8.0,TuShare index_daily,Archived FRED mirror (Hugging Face)
2022-02-15,4600.1025,4551.6878,1.0637,0.010580476620794905,3.67,367.0,-7.0,TuShare index_daily,Archived FRED mirror (Hugging Face)
2022-02-16,4617.9893,4600.1025,0.3888,0.0038808080537729023,3.68,368.0,1.0,TuShare index_daily,Archived FRED mirror (Hugging Face)
2022-02-17,4629.1649,4617.9893,0.242,0.0024170907501377373,3.74,374.0,6.0,TuShare index_daily,Archived FRED mirror (Hugging Face)
2022-02-18,4651.2358,4629.1649,0.4768,0.0047564630718757005,3.78,378.0,4.0,TuShare index_daily,Archived FRED mirror (Hugging Face)
2022-02-21,4634.3141,4651.2358,-0.3638,-0.0036447424040068816,3.78,378.0,0.0,TuShare index_daily,Archived FRED mirror (Hugging Face)
2022-02-22,4574.1527,4634.3141,-1.2982,-0.013066725937621202,3.75,375.0,-3.0,TuShare index_daily,Archived FRED mirror (Hugging Face)
2022-02-23,4623.0465,4574.1527,1.0689,0.010632423969487506,3.72,372.0,-3.0,TuShare index_daily,Archived FRED mirror (Hugging Face)
2022-02-24,4529.3189,4623.0465,-2.0274,-0.020482328369252952,3.93,393.0,21.0,TuShare index_daily,Archived FRED mirror (Hugging Face)
2022-02-25,4573.4247,4529.3189,0.9738,0.009690736574295752,3.62,362.0,-31.0,TuShare index_daily,Archived FRED mirror (Hugging Face)
2022-02-28,4581.6459,4573.4247,0.1798,0.0017959888173538045,3.77,377.0,15.0,TuShare index_daily,Archived FRED mirror (Hugging Face)
2022-03-01,4619.6862,4581.6459,0.8303,0.008268480327382815,3.89,389.0,12.0,TuShare index_daily,Archived FRED mirror (Hugging Face)
2022-03-02,4578.6007,4619.6862,-0.8894,-0.008933353282261443,3.71,371.0,-18.0,TuShare index_daily,Archived FRED mirror (Hugging Face)
2022-03-03,4551.6283,4578.6007,-0.5891,-0.005908390351454624,3.71,371.0,0.0,TuShare index_daily,Archived FRED mirror (Hugging Face)
2022-03-04,4496.4301,4551.6283,-1.2127,-0.012201266247817722,3.9,390.0,19.0,TuShare index_daily,Archived FRED mirror (Hugging Face)
2022-03-07,4352.7775,4496.4301,-3.1948,-0.03246962373772898,4.01,401.0,11.0,TuShare index_daily,Archived FRED mirror (Hugging Face)
2022-03-08,4265.391,4352.7775,-2.0076,-0.020280293911931237,4.03,403.0,2.0,TuShare index_daily,Archived FRED mirror (Hugging Face)
2022-03-09,4226.3463,4265.391,-0.9154,-0.009195992239422945,3.94,394.0,-9.0,TuShare index_daily,Archived FRED mirror (Hugging Face)
2022-03-10,4292.8374,4226.3463,1.5733,0.015610051975364502,4.0,400.0,6.0,TuShare index_daily,Archived FRED mirror (Hugging Face)
2022-03-11,4306.5217,4292.8374,0.3188,0.003182635215426298,4.05,405.0,5.0,TuShare index_daily,Archived FRED mirror (Hugging Face)
2022-03-14,4174.7577,4306.5217,-3.0596,-0.031074227438564684,4.16,416.0,11.0,TuShare index_daily,Archived FRED mirror (Hugging Face)
2022-03-15,3983.812,4174.7577,-4.5738,-0.046817170836618086,4.21,421.0,5.0,TuShare index_daily,Archived FRED mirror (Hugging Face)
2022-03-16,4156.081,3983.812,4.3242,0.042333413087277144,3.96,396.0,-25.0,TuShare index_daily,Archived FRED mirror (Hugging Face)
2022-03-17,4237.6956,4156.081,1.9637,0.019447067992112203,3.81,381.0,-15.0,TuShare index_daily,Archived FRED mirror (Hugging Face)
2022-03-18,4265.9017,4237.6956,0.6656,0.006633946187459856,3.81,381.0,0.0,TuShare index_daily,Archived FRED mirror (Hugging Face)
2022-03-21,4258.7459,4265.9017,-0.1677,-0.001678849851984703,3.67,367.0,-14.0,TuShare index_daily,Archived FRED mirror (Hugging Face)
2022-03-22,4255.295,4258.7459,-0.081,-0.0008106374468966272,3.7,370.0,3.0,TuShare index_daily,Archived FRED mirror (Hugging Face)
2022-03-23,4276.5174,4255.295,0.4987,0.004974896956354492,3.72,372.0,2.0,TuShare index_daily,Archived FRED mirror (Hugging Face)
2022-03-24,4251.3061,4276.5174,-0.5895,-0.005912733407240968,3.67,367.0,-5.0,TuShare index_daily,Archived FRED mirror (Hugging Face)
2022-03-25,4174.5742,4251.3061,-1.8049,-0.018213888293254144,3.51,351.0,-16.0,TuShare index_daily,Archived FRED mirror (Hugging Face)
2022-03-28,4148.4663,4174.5742,-0.6254,-0.006273665406629652,3.54,354.0,3.0,TuShare index_daily,Archived FRED mirror (Hugging Face)
2022-03-29,4134.1441,4148.4663,-0.3452,-0.0034583817379454304,3.38,338.0,-16.0,TuShare index_daily,Archived FRED mirror (Hugging Face)
2022-03-30,4254.0989,4134.1441,2.9016,0.02860264728173825,3.33,333.0,-5.0,TuShare index_daily,Archived FRED mirror (Hugging Face)
2022-03-31,4222.5968,4254.0989,-0.7405,-0.00743267097027041,3.43,343.0,10.0,TuShare index_daily,Archived FRED mirror (Hugging Face)
2022-04-01,4276.158,4222.5968,1.2684,0.01260464865647588,3.4,340.0,-3.0,TuShare index_daily,Archived FRED mirror (Hugging Face)
2022-04-06,4263.8411,4276.158,-0.288,-0.0028845222103589074,3.48,348.0,21.0,TuShare index_daily,Archived FRED mirror (Hugging Face)
2022-04-07,4209.0998,4263.8411,-1.2838,-0.012921620088142112,3.54,354.0,6.0,TuShare index_daily,Archived FRED mirror (Hugging Face)
2022-04-08,4230.7669,4209.0998,0.5148,0.005134476259089511,3.57,357.0,3.0,TuShare index_daily,Archived FRED mirror (Hugging Face)
2022-04-11,4100.0703,4230.7669,-3.0892,-0.031379156956962674,3.73,373.0,16.0,TuShare index_daily,Archived FRED mirror (Hugging Face)
2022-04-12,4179.9727,4100.0703,1.9488,0.01930059551012999,3.75,375.0,2.0,TuShare index_daily,Archived FRED mirror (Hugging Face)
2022-04-13,4139.737,4179.9727,-0.9626,-0.009672456165582058,3.77,377.0,2.0,TuShare index_daily,Archived FRED mirror (Hugging Face)
2022-04-14,4191.5684,4139.737,1.252,0.012442724453656956,3.68,368.0,-9.0,TuShare index_daily,Archived FRED mirror (Hugging Face)
2022-04-18,4166.3844,4188.7472,-0.5339,-0.005353082266565374,3.64,364.0,-4.0,TuShare index_daily,Archived FRED mirror (Hugging Face)
2022-04-19,4134.9017,4166.3844,-0.7556,-0.007585053824646595,3.58,358.0,-6.0,TuShare index_daily,Archived FRED mirror (Hugging Face)
2022-04-20,4070.7889,4134.9017,-1.5505,-0.015626741925608204,3.56,356.0,-2.0,TuShare index_daily,Archived FRED mirror (Hugging Face)
2022-04-21,3995.83,4070.7889,-1.8414,-0.01858549625635768,3.5,350.0,-6.0,TuShare index_daily,Archived FRED mirror (Hugging Face)
2022-04-22,4013.2498,3995.83,0.4359,0.00435001970365872,3.65,365.0,15.0,TuShare index_daily,Archived FRED mirror (Hugging Face)
2022-04-25,3814.9127,4013.2498,-4.9421,-0.05068355592304823,3.8,380.0,15.0,TuShare index_daily,Archived FRED mirror (Hugging Face)
2022-04-26,3784.1198,3814.9127,-0.8072,-0.008104470811488438,3.83,383.0,3.0,TuShare index_daily,Archived FRED mirror (Hugging Face)
2022-04-27,3895.5361,3784.1198,2.9443,0.02901799754097714,3.89,389.0,6.0,TuShare index_daily,Archived FRED mirror (Hugging Face)
2022-04-28,3921.1073,3895.5361,0.6564,0.006542780554855859,3.83,383.0,-6.0,TuShare index_daily,Archived FRED mirror (Hugging Face)
2022-04-29,4016.241,3921.1073,2.4262,0.023972302145301865,3.93,393.0,10.0,TuShare index_daily,Archived FRED mirror (Hugging Face)
2022-05-05,4010.2102,4016.241,-0.1502,-0.0015027316517908444,4.03,403.0,-6.999999999999943,TuShare index_daily,Archived FRED mirror (Hugging Face)
2022-05-06,3908.815,4010.2102,-2.5284,-0.02560939988841187,4.18,418.0,15.0,TuShare index_daily,Archived FRED mirror (Hugging Face)
2022-05-09,3877.4364,3908.815,-0.8028,-0.008060045395905031,4.47,447.0,29.0,TuShare index_daily,Archived FRED mirror (Hugging Face)
2022-05-10,3919.8684,3877.4364,1.0943,0.010883868197312553,4.52,451.99999999999994,4.999999999999943,TuShare index_daily,Archived FRED mirror (Hugging Face)
2022-05-11,3976.4231,3919.8684,1.4428,0.014324614803433415,4.55,455.0,3.000000000000057,TuShare index_daily,Archived FRED mirror (Hugging Face)
2022-05-12,3958.74,3976.4231,-0.4447,-0.004456903796067587,4.77,476.99999999999994,21.999999999999943,TuShare index_daily,Archived FRED mirror (Hugging Face)
2022-05-13,3988.6002,3958.74,0.7543,0.007514549462257705,4.63,463.0,-13.999999999999943,TuShare index_daily,Archived FRED mirror (Hugging Face)
2022-05-16,3956.5378,3988.6002,-0.8039,-0.00807099235976954,4.71,471.0,8.0,TuShare index_daily,Archived FRED mirror (Hugging Face)
2022-05-17,4005.8934,3956.5378,1.2474,0.012397276884578638,4.6,459.99999999999994,-11.000000000000057,TuShare index_daily,Archived FRED mirror (Hugging Face)
2022-05-18,3991.9069,4005.8934,-0.3491,-0.0034975902707219692,4.84,484.0,24.000000000000057,TuShare index_daily,Archived FRED mirror (Hugging Face)
2022-05-19,3999.5984,3991.9069,0.1927,0.001924919545495968,4.92,492.0,8.0,TuShare index_daily,Archived FRED mirror (Hugging Face)
2022-05-20,4077.5998,3999.5984,1.9502,0.019314574915760673,4.91,491.0,-1.0,TuShare index_daily,Archived FRED mirror (Hugging Face)
2022-05-23,4053.9823,4077.5998,-0.5792,-0.005808849033170905,4.82,482.0,-9.0,TuShare index_daily,Archived FRED mirror (Hugging Face)
2022-05-24,3959.1541,4053.9823,-2.3391,-0.023669290624887738,4.94,494.00000000000006,12.000000000000057,TuShare index_daily,Archived FRED mirror (Hugging Face)
2022-05-25,3983.1784,3959.1541,0.6068,0.00604970221829956,4.74,474.0,-20.000000000000057,TuShare index_daily,Archived FRED mirror (Hugging Face)
2022-05-26,3993.0446,3983.1784,0.2477,0.002473904009937255,4.38,438.0,-36.0,TuShare index_daily,Archived FRED mirror (Hugging Face)
2022-05-27,4001.2988,3993.0446,0.2067,0.002065010850841763,4.19,419.00000000000006,-18.999999999999943,TuShare index_daily,Archived FRED mirror (Hugging Face)
2022-05-30,4029.0179,4001.2988,0.6928,0.006903640572861194,4.19,419.00000000000006,0.0,TuShare index_daily,Archived FRED mirror (Hugging Face)
2022-05-31,4091.5176,4029.0179,1.5512,0.015393303587812266,4.22,422.0,2.999999999999943,TuShare index_daily,Archived FRED mirror (Hugging Face)
2022-06-01,4083.1772,4091.5176,-0.2038,-0.0020405417200374844,4.13,413.0,-9.0,TuShare index_daily,Archived FRED mirror (Hugging Face)
2022-06-02,4089.5682,4083.1772,0.1565,0.0015639790523059368,4.15,415.00000000000006,2.000000000000057,TuShare index_daily,Archived FRED mirror (Hugging Face)
2022-06-06,4166.085,4089.5682,1.871,0.01853735598596303,4.19,419.00000000000006,-1.9999999999999432,TuShare index_daily,Archived FRED mirror (Hugging Face)
2022-06-07,4179.1285,4166.085,0.3131,0.0031259860808895245,4.34,434.0,14.999999999999943,TuShare index_daily,Archived FRED mirror (Hugging Face)
2022-06-08,4219.8122,4179.1285,0.9735,0.009687892711944179,4.34,434.0,0.0,TuShare index_daily,Archived FRED mirror (Hugging Face)
2022-06-09,4175.6747,4219.8122,-1.046,-0.010514674651401995,4.42,442.0,8.0,TuShare index_daily,Archived FRED mirror (Hugging Face)
2022-06-10,4238.9936,4175.6747,1.5164,0.01504993254272511,4.51,451.0,9.0,TuShare index_daily,Archived FRED mirror (Hugging Face)
2022-06-13,4189.3527,4238.9936,-1.1711,-0.011779647453103595,4.87,487.0,36.0,TuShare index_daily,Archived FRED mirror (Hugging Face)
2022-06-14,4222.3114,4189.3527,0.7867,0.007836468093539762,4.9,490.00000000000006,3.000000000000057,TuShare index_daily,Archived FRED mirror (Hugging Face)
2022-06-15,4278.2178,4222.3114,1.3241,0.013153817785462499,4.82,482.0,-8.000000000000057,TuShare index_daily,Archived FRED mirror (Hugging Face)
2022-06-16,4250.0614,4278.2178,-0.6581,-0.006603091114422981,5.17,517.0,35.0,TuShare index_daily,Archived FRED mirror (Hugging Face)
2022-06-17,4309.0444,4250.0614,1.3878,0.013782732704676438,5.15,515.0,-2.0,TuShare index_daily,Archived FRED mirror (Hugging Face)
2022-06-20,4330.4328,4309.0444,0.4964,0.004951328234505022,5.15,515.0,0.0,TuShare index_daily,Archived FRED mirror (Hugging Face)
2022-06-21,4325.5657,4330.4328,-0.1124,-0.0011245613115404183,5.05,505.0,-10.0,TuShare index_daily,Archived FRED mirror (Hugging Face)
2022-06-22,4270.6227,4325.5657,-1.2702,-0.012783281528528277,5.32,532.0,27.0,TuShare index_daily,Archived FRED mirror (Hugging Face)
2022-06-23,4343.8781,4270.6227,1.7153,0.017007872553702612,5.38,538.0,6.0,TuShare index_daily,Archived FRED mirror (Hugging Face)
2022-06-24,4394.7723,4343.8781,1.1716,0.011648200377687492,5.18,518.0,-20.0,TuShare index_daily,Archived FRED mirror (Hugging Face)
2022-06-27,4444.2639,4394.7723,1.1261,0.01119853253130678,5.11,511.00000000000006,-6.999999999999943,TuShare index_daily,Archived FRED mirror (Hugging Face)
2022-06-28,4490.5166,4444.2639,1.0407,0.010353497362452436,5.26,526.0,14.999999999999943,TuShare index_daily,Archived FRED mirror (Hugging Face)
2022-06-29,4421.357,4490.5166,-1.5401,-0.01552108826980948,5.62,562.0,36.0,TuShare index_daily,Archived FRED mirror (Hugging Face)
2022-06-30,4485.0108,4421.357,1.4397,0.014294240989372303,5.87,587.0,25.0,TuShare index_daily,Archived FRED mirror (Hugging Face)
2022-07-01,4466.7179,4485.0108,-0.4079,-0.004087015162388046,5.92,592.0,5.0,TuShare index_daily,Archived FRED mirror (Hugging Face)
2022-07-04,4496.0303,4466.7179,0.6562,0.0065409635202963844,5.93,593.0,1.0,TuShare index_daily,Archived FRED mirror (Hugging Face)
2022-07-05,4489.5383,4496.0303,-0.1444,-0.0014449839333698677,5.99,599.0,6.0,TuShare index_daily,Archived FRED mirror (Hugging Face)
2022-07-06,4423.9698,4489.5383,-1.4605,-0.014712430163867453,5.8,580.0,-19.0,TuShare index_daily,Archived FRED mirror (Hugging Face)
2022-07-07,4443.4736,4423.9698,0.4409,0.004398975120938163,5.5,550.0,-30.0,TuShare index_daily,Archived FRED mirror (Hugging Face)
2022-07-08,4428.781,4443.4736,-0.3307,-0.0033120360254251173,5.36,536.0,-14.0,TuShare index_daily,Archived FRED mirror (Hugging Face)
2022-07-11,4354.6167,4428.781,-1.6746,-0.016887784237041334,5.44,544.0,8.0,TuShare index_daily,Archived FRED mirror (Hugging Face)
2022-07-12,4313.6184,4354.6167,-0.9415,-0.009459504788425098,5.43,543.0,-1.0,TuShare index_daily,Archived FRED mirror (Hugging Face)
2022-07-13,4321.4617,4313.6184,0.1818,0.0018166136425214962,5.47,547.0,4.0,TuShare index_daily,Archived FRED mirror (Hugging Face)
2022-07-14,4322.0742,4321.4617,0.0142,0.0001417244072591004,5.53,553.0,6.0,TuShare index_daily,Archived FRED mirror (Hugging Face)
2022-07-15,4248.5273,4322.0742,-1.7017,-0.017163020676960457,5.39,539.0,-14.0,TuShare index_daily,Archived FRED mirror (Hugging Face)
2022-07-18,4292.5858,4248.5273,1.037,0.010316896703351534,5.25,525.0,-14.0,TuShare index_daily,Archived FRED mirror (Hugging Face)
2022-07-19,4269.3401,4292.5858,-0.5415,-0.005430029969549267,5.1,509.99999999999994,-15.000000000000057,TuShare index_daily,Archived FRED mirror (Hugging Face)
2022-07-20,4283.8027,4269.3401,0.3388,0.0033818244642759895,4.9,490.00000000000006,-19.999999999999886,TuShare index_daily,Archived FRED mirror (Hugging Face)
2022-07-21,4236.0578,4283.8027,-1.1145,-0.011208023842099372,4.99,499.0,8.999999999999943,TuShare index_daily,Archived FRED mirror (Hugging Face)
2022-07-22,4238.2341,4236.0578,0.0514,0.0005136240463570039,4.96,496.0,-3.0,TuShare index_daily,Archived FRED mirror (Hugging Face)
2022-07-25,4212.6441,4238.2341,-0.6038,-0.006056193831946438,4.95,495.0,-1.0,TuShare index_daily,Archived FRED mirror (Hugging Face)
2022-07-26,4245.9758,4212.6441,0.7912,0.007881160974413862,5.06,505.99999999999994,10.999999999999943,TuShare index_daily,Archived FRED mirror (Hugging Face)
2022-07-27,4225.0357,4245.9758,-0.4932,-0.004943953305376326,5.07,507.0,1.0000000000000568,TuShare index_daily,Archived FRED mirror (Hugging Face)
2022-07-28,4225.6733,4225.0357,0.0151,0.000150898581695364,4.98,498.00000000000006,-8.999999999999943,TuShare index_daily,Archived FRED mirror (Hugging Face)
2022-07-29,4170.1019,4225.6733,-1.3151,-0.013238137096291935,4.77,476.99999999999994,-21.000000000000114,TuShare index_daily,Archived FRED mirror (Hugging Face)
2022-08-01,4188.6784,4170.1019,0.4455,0.004444794555351318,4.8,480.0,-3.0,TuShare index_daily,Archived FRED mirror (Hugging Face)
2022-08-02,4107.024,4188.6784,-1.9494,-0.0196865878794687,4.61,461.00000000000006,-18.999999999999943,TuShare index_daily,Archived FRED mirror (Hugging Face)
2022-08-03,4066.9754,4107.024,-0.9751,-0.009799100416606756,4.54,454.0,-7.000000000000057,TuShare index_daily,Archived FRED mirror (Hugging Face)
2022-08-04,4101.5367,4066.9754,0.8498,0.008462130144248198,4.55,455.0,1.0,TuShare index_daily,Archived FRED mirror (Hugging Face)
2022-08-05,4156.9111,4101.5367,1.3501,0.013410566060690658,4.44,444.00000000000006,-10.999999999999943,TuShare index_daily,Archived FRED mirror (Hugging Face)
2022-08-08,4148.0746,4156.9111,-0.2126,-0.0021279996507610082,4.41,441.0,-3.000000000000057,TuShare index_daily,Archived FRED mirror (Hugging Face)
2022-08-09,4156.2907,4148.0746,0.1981,0.0019787430788460333,4.46,446.0,5.0,TuShare index_daily,Archived FRED mirror (Hugging Face)
2022-08-10,4109.7373,4156.2907,-1.1201,-0.011263908664876135,4.33,433.0,-13.0,TuShare index_daily,Archived FRED mirror (Hugging Face)
2022-08-11,4193.5428,4109.7373,2.0392,0.02018680447144849,4.21,421.0,-12.0,TuShare index_daily,Archived FRED mirror (Hugging Face)
2022-08-12,4191.152,4193.5428,-0.057,-0.000570277182848478,4.25,425.0,4.0,TuShare index_daily,Archived FRED mirror (Hugging Face)
2022-08-15,4185.6794,4191.152,-0.1306,-0.0013066040170212304,4.24,424.0,-1.0,TuShare index_daily,Archived FRED mirror (Hugging Face)
2022-08-16,4177.837,4185.6794,-0.1874,-0.0018753839709140833,4.25,425.0,1.0,TuShare index_daily,Archived FRED mirror (Hugging Face)
2022-08-17,4216.9586,4177.837,0.9364,0.009320508819420452,4.33,433.0,8.0,TuShare index_daily,Archived FRED mirror (Hugging Face)
2022-08-18,4180.0996,4216.9586,-0.8741,-0.008779083306508366,4.37,437.0,4.0,TuShare index_daily,Archived FRED mirror (Hugging Face)
2022-08-19,4151.0738,4180.0996,-0.6944,-0.006968026242654508,4.45,445.0,8.0,TuShare index_daily,Archived FRED mirror (Hugging Face)
2022-08-22,4181.3965,4151.0738,0.7305,0.007278233888484915,4.62,462.0,17.0,TuShare index_daily,Archived FRED mirror (Hugging Face)
2022-08-23,4161.0823,4181.3965,-0.4858,-0.00487007294530757,4.68,468.0,6.0,TuShare index_daily,Archived FRED mirror (Hugging Face)
2022-08-24,4082.4195,4161.0823,-1.8904,-0.01908538134629194,4.61,461.00000000000006,-6.999999999999943,TuShare index_daily,Archived FRED mirror (Hugging Face)
2022-08-25,4116.2396,4082.4195,0.8284,0.00825020077551431,4.6,459.99999999999994,-1.0000000000001137,TuShare index_daily,Archived FRED mirror (Hugging Face)
2022-08-26,4107.5455,4116.2396,-0.2112,-0.002114379968170268,4.65,465.00000000000006,5.000000000000114,TuShare index_daily,Archived FRED mirror (Hugging Face)
2022-08-29,4089.5205,4107.5455,-0.4388,-0.004397922147476834,4.78,478.0,12.999999999999943,TuShare index_daily,Archived FRED mirror (Hugging Face)
2022-08-30,4075.7937,4089.5205,-0.3357,-0.0033622252849209834,4.9,490.00000000000006,12.000000000000057,TuShare index_daily,Archived FRED mirror (Hugging Face)
2022-08-31,4078.8402,4075.7937,0.0747,0.0007471825661562693,5.03,503.0,12.999999999999943,TuShare index_daily,Archived FRED mirror (Hugging Face)
2022-09-01,4043.7395,4078.8402,-0.8606,-0.00864280063530641,5.08,508.0,5.0,TuShare index_daily,Archived FRED mirror (Hugging Face)
2022-09-02,4023.6131,4043.7395,-0.4977,-0.004989602600431504,5.06,505.99999999999994,-2.000000000000057,TuShare index_daily,Archived FRED mirror (Hugging Face)
2022-09-05,4015.4264,4023.6131,-0.2035,-0.0020367365603991064,5.07,507.0,1.0000000000000568,TuShare index_daily,Archived FRED mirror (Hugging Face)
2022-09-06,4052.2802,4015.4264,0.9178,0.00913619152895841,4.98,498.00000000000006,-8.999999999999943,TuShare index_daily,Archived FRED mirror (Hugging Face)
2022-09-07,4054.983,4052.2802,0.0667,0.0006667601713317303,4.97,497.0,-1.0000000000000568,TuShare index_daily,Archived FRED mirror (Hugging Face)
2022-09-08,4037.6839,4054.983,-0.4266,-0.004275259704358225,4.8,480.0,-17.0,TuShare index_daily,Archived FRED mirror (Hugging Face)
2022-09-09,4093.7874,4037.6839,1.3895,0.013799320738442802,4.57,457.0,-23.0,TuShare index_daily,Archived FRED mirror (Hugging Face)
2022-09-13,4111.1145,4093.7874,0.4233,0.004223603394433809,4.68,468.0,18.0,TuShare index_daily,Archived FRED mirror (Hugging Face)
2022-09-14,4065.359,4111.1145,-1.113,-0.011192105648596497,4.74,474.0,6.0,TuShare index_daily,Archived FRED mirror (Hugging Face)
2022-09-15,4027.1186,4065.359,-0.9406,-0.009450921343383703,4.77,476.99999999999994,2.999999999999943,TuShare index_daily,Archived FRED mirror (Hugging Face)
2022-09-16,3932.6826,4027.1186,-2.345,-0.023729344201284554,5.0,500.0,23.000000000000057,TuShare index_daily,Archived FRED mirror (Hugging Face)
2022-09-19,3928.0001,3932.6826,-0.1191,-0.0011913724882571326,4.88,488.0,-12.0,TuShare index_daily,Archived FRED mirror (Hugging Face)
2022-09-20,3932.8361,3928.0001,0.1231,0.0012304036077226527,4.88,488.0,0.0,TuShare index_daily,Archived FRED mirror (Hugging Face)
2022-09-21,3903.7348,3932.8361,-0.74,-0.007427083642582392,4.87,487.0,-1.0,TuShare index_daily,Archived FRED mirror (Hugging Face)
2022-09-22,3869.344,3903.7348,-0.881,-0.008848752286126995,4.91,491.0,4.0,TuShare index_daily,Archived FRED mirror (Hugging Face)
2022-09-23,3856.0212,3869.344,-0.3443,-0.0034491089709841913,5.12,512.0,21.0,TuShare index_daily,Archived FRED mirror (Hugging Face)
2022-09-26,3836.6773,3856.0212,-0.5017,-0.00502916909361511,5.18,518.0,6.0,TuShare index_daily,Archived FRED mirror (Hugging Face)
2022-09-27,3892.295,3836.6773,1.4496,0.01439225239211946,5.22,522.0,4.0,TuShare index_daily,Archived FRED mirror (Hugging Face)
2022-09-28,3828.7098,3892.295,-1.6336,-0.01647107835755761,5.47,547.0,25.0,TuShare index_daily,Archived FRED mirror (Hugging Face)
2022-09-29,3827.1434,3828.7098,-0.0409,-0.0004092032542780825,5.5,550.0,3.0,TuShare index_daily,Archived FRED mirror (Hugging Face)
2022-09-30,3804.8853,3827.1434,-0.5816,-0.005832830032521587,5.43,543.0,-7.0,TuShare index_daily,Archived FRED mirror (Hugging Face)
2022-10-10,3720.9365,3804.8853,-2.2063,-0.02231046239879809,5.03,503.0,1.0000000000000568,TuShare index_daily,Archived FRED mirror (Hugging Face)
2022-10-11,3727.6867,3720.9365,0.1814,0.0018124696783947004,5.25,525.0,22.0,TuShare index_daily,Archived FRED mirror (Hugging Face)
2022-10-12,3784.3064,3727.6867,1.5189,0.015074766835150348,5.31,531.0,6.0,TuShare index_daily,Archived FRED mirror (Hugging Face)
2022-10-13,3752.6729,3784.3064,-0.8359,-0.008394261014007776,5.25,525.0,-6.0,TuShare index_daily,Archived FRED mirror (Hugging Face)
2022-10-14,3842.4698,3752.6729,2.3929,0.023646977519851727,5.15,515.0,-10.0,TuShare index_daily,Archived FRED mirror (Hugging Face)
2022-10-17,3846.4119,3842.4698,0.1026,0.0010254027826726963,5.04,504.0,-11.0,TuShare index_daily,Archived FRED mirror (Hugging Face)
2022-10-18,3838.2667,3846.4119,-0.2118,-0.002119855227317334,4.95,495.0,-9.0,TuShare index_daily,Archived FRED mirror (Hugging Face)
2022-10-19,3776.5335,3838.2667,-1.6084,-0.01621435910914368,4.97,497.0,2.0,TuShare index_daily,Archived FRED mirror (Hugging Face)
2022-10-20,3754.9269,3776.5335,-0.5721,-0.005737707729671164,4.89,488.99999999999994,-8.000000000000057,TuShare index_daily,Archived FRED mirror (Hugging Face)
2022-10-21,3742.8929,3754.9269,-0.3205,-0.0032100025485567343,4.99,499.0,10.000000000000057,TuShare index_daily,Archived FRED mirror (Hugging Face)
2022-10-24,3633.3733,3742.8929,-2.9261,-0.02969731459472971,4.91,491.0,-8.0,TuShare index_daily,Archived FRED mirror (Hugging Face)
2022-10-25,3627.4542,3633.3733,-0.1629,-0.001630420585316052,4.88,488.0,-3.0,TuShare index_daily,Archived FRED mirror (Hugging Face)
2022-10-26,3656.9027,3627.4542,0.8118,0.0080854523840452,4.8,480.0,-8.0,TuShare index_daily,Archived FRED mirror (Hugging Face)
2022-10-27,3631.1448,3656.9027,-0.7044,-0.007068561846897027,4.76,476.0,-4.0,TuShare index_daily,Archived FRED mirror (Hugging Face)
2022-10-28,3541.3295,3631.1448,-2.4735,-0.025045748847757898,4.54,454.0,-22.0,TuShare index_daily,Archived FRED mirror (Hugging Face)
2022-10-31,3508.7034,3541.3295,-0.9213,-0.009255654087809153,4.63,463.0,9.0,TuShare index_daily,Archived FRED mirror (Hugging Face)
2022-11-01,3634.1732,3508.7034,3.576,0.035135062295113866,4.61,461.00000000000006,-1.9999999999999432,TuShare index_daily,Archived FRED mirror (Hugging Face)
2022-11-02,3677.8051,3634.1732,1.2006,0.011934504204356282,4.62,462.0,0.9999999999999432,TuShare index_daily,Archived FRED mirror (Hugging Face)
2022-11-03,3647.8966,3677.8051,-0.8132,-0.008165406510091901,4.81,480.99999999999994,18.999999999999943,TuShare index_daily,Archived FRED mirror (Hugging Face)
2022-11-04,3767.1746,3647.8966,3.2698,0.032174550004190845,4.77,476.99999999999994,-4.0,TuShare index_daily,Archived FRED mirror (Hugging Face)
2022-11-07,3775.2971,3767.1746,0.2156,0.0021538040745810905,4.71,471.0,-5.999999999999943,TuShare index_daily,Archived FRED mirror (Hugging Face)
2022-11-08,3749.3251,3775.2971,-0.6879,-0.006903231139061722,4.79,479.0,8.0,TuShare index_daily,Archived FRED mirror (Hugging Face)
2022-11-09,3714.2704,3749.3251,-0.935,-0.00939358457109661,4.99,499.0,20.0,TuShare index_daily,Archived FRED mirror (Hugging Face)
2022-11-10,3685.6885,3714.2704,-0.7695,-0.007724919156991287,4.8,480.0,-19.0,TuShare index_daily,Archived FRED mirror (Hugging Face)
2022-11-11,3788.4387,3685.6885,2.7878,0.027496634988239666,4.81,480.99999999999994,0.9999999999999432,TuShare index_daily,Archived FRED mirror (Hugging Face)
2022-11-14,3794.0171,3788.4387,0.1472,0.0014713969071710126,4.67,467.0,-13.999999999999943,TuShare index_daily,Archived FRED mirror (Hugging Face)
2022-11-15,3865.9726,3794.0171,1.8966,0.018787914712990912,4.64,463.99999999999994,-3.000000000000057,TuShare index_daily,Archived FRED mirror (Hugging Face)
2022-11-16,3834.3899,3865.9726,-0.8169,-0.00820295852199649,4.71,471.0,7.000000000000057,TuShare index_daily,Archived FRED mirror (Hugging Face)
2022-11-17,3818.664,3834.3899,-0.4101,-0.00410971158424564,4.75,475.0,4.0,TuShare index_daily,Archived FRED mirror (Hugging Face)
2022-11-18,3801.5686,3818.664,-0.4477,-0.004486852194025924,4.65,465.00000000000006,-9.999999999999943,TuShare index_daily,Archived FRED mirror (Hugging Face)
2022-11-21,3769.1269,3801.5686,-0.8534,-0.008570387905360253,4.64,463.99999999999994,-1.0000000000001137,TuShare index_daily,Archived FRED mirror (Hugging Face)
2022-11-22,3769.5727,3769.1269,0.0118,0.00011826973461562479,4.57,457.0,-6.999999999999943,TuShare index_daily,Archived FRED mirror (Hugging Face)
2022-11-23,3773.5287,3769.5727,0.1049,0.0010489055238472717,4.51,451.0,-6.0,TuShare index_daily,Archived FRED mirror (Hugging Face)
2022-11-24,3756.8082,3773.5287,-0.4431,-0.0044408444670989014,4.51,451.0,0.0,TuShare index_daily,Archived FRED mirror (Hugging Face)
2022-11-25,3775.7764,3756.8082,0.5049,0.005036316510325149,4.52,451.99999999999994,0.9999999999999432,TuShare index_daily,Archived FRED mirror (Hugging Face)
2022-11-28,3733.2424,3775.7764,-1.1265,-0.011328898234774747,4.63,463.0,11.000000000000057,TuShare index_daily,Archived FRED mirror (Hugging Face)
2022-11-29,3848.4224,3733.2424,3.0853,0.030386165895360008,4.63,463.0,0.0,TuShare index_daily,Archived FRED mirror (Hugging Face)
2022-11-30,3853.0365,3848.4224,0.1199,0.0011982406481633547,4.55,455.0,-8.0,TuShare index_daily,Archived FRED mirror (Hugging Face)
2022-12-01,3894.7687,3853.0365,1.0831,0.010772754997039927,4.48,448.00000000000006,-6.999999999999943,TuShare index_daily,Archived FRED mirror (Hugging Face)
2022-12-02,3870.9478,3894.7687,-0.6116,-0.006134907117042015,4.5,450.0,1.9999999999999432,TuShare index_daily,Archived FRED mirror (Hugging Face)
2022-12-05,3946.8759,3870.9478,1.9615,0.019424967968233346,4.43,443.0,-7.0,TuShare index_daily,Archived FRED mirror (Hugging Face)
2022-12-06,3968.1979,3946.8759,0.5402,0.005387707585699159,4.57,457.0,14.0,TuShare index_daily,Archived FRED mirror (Hugging Face)
2022-12-07,3958.4409,3968.1979,-0.2459,-0.002461826550684833,4.68,468.0,11.0,TuShare index_daily,Archived FRED mirror (Hugging Face)
2022-12-08,3959.1798,3958.4409,0.0187,0.00018664698149652585,4.55,455.0,-13.0,TuShare index_daily,Archived FRED mirror (Hugging Face)
2022-12-09,3998.2442,3959.1798,0.9867,0.00981843215143076,4.46,446.0,-9.0,TuShare index_daily,Archived FRED mirror (Hugging Face)
2022-12-12,3953.4433,3998.2442,-1.1205,-0.011268394049661413,4.4,440.00000000000006,-5.999999999999943,TuShare index_daily,Archived FRED mirror (Hugging Face)
2022-12-13,3945.6813,3953.4433,-0.1963,-0.0019652816967299248,4.34,434.0,-6.000000000000057,TuShare index_daily,Archived FRED mirror (Hugging Face)
2022-12-14,3954.8857,3945.6813,0.2333,0.002330061668831265,4.37,437.0,3.0,TuShare index_daily,Archived FRED mirror (Hugging Face)
2022-12-15,3951.9885,3954.8857,-0.0733,-0.0007328307132189436,4.54,454.0,17.0,TuShare index_daily,Archived FRED mirror (Hugging Face)
2022-12-16,3954.227,3951.9885,0.0566,0.0005662633556637898,4.67,467.0,13.0,TuShare index_daily,Archived FRED mirror (Hugging Face)
2022-12-19,3893.2207,3954.227,-1.5428,-0.015548374799046806,4.67,467.0,0.0,TuShare index_daily,Archived FRED mirror (Hugging Face)
2022-12-20,3829.0173,3893.2207,-1.6491,-0.01662856788307226,4.68,468.0,1.0,TuShare index_daily,Archived FRED mirror (Hugging Face)
2022-12-21,3830.5384,3829.0173,0.0397,0.0003971770895265506,4.56,455.99999999999994,-12.000000000000057,TuShare index_daily,Archived FRED mirror (Hugging Face)
2022-12-22,3836.028,3830.5384,0.1433,0.0014320885391947411,4.61,461.00000000000006,5.000000000000114,TuShare index_daily,Archived FRED mirror (Hugging Face)
2022-12-23,3828.2188,3836.028,-0.2036,-0.0020378265226173122,4.59,459.0,-2.000000000000057,TuShare index_daily,Archived FRED mirror (Hugging Face)
2022-12-27,3887.854,3843.4887,1.1543,0.011476864678682468,4.55,455.0,-4.0,TuShare index_daily,Archived FRED mirror (Hugging Face)
2022-12-28,3871.2644,3887.854,-0.4267,-0.004276162425663309,4.77,476.99999999999994,21.999999999999943,TuShare index_daily,Archived FRED mirror (Hugging Face)
2022-12-29,3856.7007,3871.2644,-0.3762,-0.0037690949823474674,4.81,480.99999999999994,4.0,TuShare index_daily,Archived FRED mirror (Hugging Face)
2022-12-30,3871.6338,3856.7007,0.3872,0.003864511450635922,4.79,479.0,-1.9999999999999432,TuShare index_daily,Archived FRED mirror (Hugging Face)
2023-01-03,3887.8992,3871.6338,0.4201,0.004192371840768464,4.7,470.0,-10.999999999999943,TuShare index_daily,Archived FRED mirror (Hugging Face)
2023-01-04,3892.9477,3887.8992,0.1299,0.0012976738325117976,4.62,462.0,-8.0,TuShare index_daily,Archived FRED mirror (Hugging Face)
2023-01-05,3968.5782,3892.9477,1.9428,0.019241260364231842,4.58,458.0,-4.0,TuShare index_daily,Archived FRED mirror (Hugging Face)
2023-01-06,3980.8888,3968.5782,0.3102,0.0030972164148969136,4.47,447.0,-11.0,TuShare index_daily,Archived FRED mirror (Hugging Face)
2023-01-09,4013.1196,3980.8888,0.8096,0.008063783032646063,4.37,437.0,-10.0,TuShare index_daily,Archived FRED mirror (Hugging Face)
2023-01-10,4017.4737,4013.1196,0.1085,0.001084378267956015,4.33,433.0,-4.0,TuShare index_daily,Archived FRED mirror (Hugging Face)
2023-01-11,4010.0309,4017.4737,-0.1853,-0.0018543252239770138,4.3,430.0,-3.0,TuShare index_daily,Archived FRED mirror (Hugging Face)
2023-01-12,4017.8692,4010.0309,0.1955,0.0019527653292073786,4.29,429.0,-1.0,TuShare index_daily,Archived FRED mirror (Hugging Face)
2023-01-13,4074.3772,4017.8692,1.4064,0.013966188302980416,4.21,421.0,-8.0,TuShare index_daily,Archived FRED mirror (Hugging Face)
2023-01-16,4137.9643,4074.3772,1.5607,0.015486051273287112,4.19,419.00000000000006,-1.9999999999999432,TuShare index_daily,Archived FRED mirror (Hugging Face)
2023-01-17,4137.2422,4137.9643,-0.0175,-0.0001745213250770172,4.19,419.00000000000006,0.0,TuShare index_daily,Archived FRED mirror (Hugging Face)
2023-01-18,4130.3143,4137.2422,-0.1675,-0.0016759248325780656,4.25,425.0,5.999999999999943,TuShare index_daily,Archived FRED mirror (Hugging Face)
2023-01-19,4156.0077,4130.3143,0.6221,0.0062014202060171756,4.39,438.99999999999994,13.999999999999943,TuShare index_daily,Archived FRED mirror (Hugging Face)
2023-01-20,4181.5267,4156.0077,0.614,0.006121493109215215,4.35,434.99999999999994,-4.0,TuShare index_daily,Archived FRED mirror (Hugging Face)
2023-01-30,4201.345,4181.5267,0.4739,0.004728293031784344,4.26,426.0,2.999999999999943,TuShare index_daily,Archived FRED mirror (Hugging Face)
2023-01-31,4156.8578,4201.345,-1.0589,-0.010645259794948916,4.3,430.0,4.0,TuShare index_daily,Archived FRED mirror (Hugging Face)
2023-02-01,4195.9332,4156.8578,0.94,0.009356318159253127,4.31,430.99999999999994,0.9999999999999432,TuShare index_daily,Archived FRED mirror (Hugging Face)
2023-02-02,4181.1493,4195.9332,-0.3523,-0.0035296095862316335,3.94,394.0,-36.99999999999994,TuShare index_daily,Archived FRED mirror (Hugging Face)
2023-02-03,4141.6319,4181.1493,-0.9451,-0.009496271984206292,3.95,395.0,1.0,TuShare index_daily,Archived FRED mirror (Hugging Face)
2023-02-06,4086.8779,4141.6319,-1.322,-0.0133085599913791,3.99,399.0,4.0,TuShare index_daily,Archived FRED mirror (Hugging Face)
2023-02-07,4094.2335,4086.8779,0.18,0.0017981913758129378,3.99,399.0,0.0,TuShare index_daily,Archived FRED mirror (Hugging Face)
2023-02-08,4076.1411,4094.2335,-0.4419,-0.004428788264437137,4.07,407.0,8.0,TuShare index_daily,Archived FRED mirror (Hugging Face)
2023-02-09,4130.8565,4076.1411,1.3423,0.013334038426391324,4.05,405.0,-2.0,TuShare index_daily,Archived FRED mirror (Hugging Face)
2023-02-10,4106.3097,4130.8565,-0.5942,-0.0059600285016594545,4.24,424.0,19.0,TuShare index_daily,Archived FRED mirror (Hugging Face)
2023-02-13,4143.574,4106.3097,0.9075,0.009033958487298481,4.23,423.00000000000006,-0.9999999999999432,TuShare index_daily,Archived FRED mirror (Hugging Face)
2023-02-14,4145.2902,4143.574,0.0414,0.00041409775407470783,4.15,415.00000000000006,-8.0,TuShare index_daily,Archived FRED mirror (Hugging Face)
2023-02-15,4123.6893,4145.2902,-0.5211,-0.00522457435893855,4.18,418.0,2.999999999999943,TuShare index_daily,Archived FRED mirror (Hugging Face)
2023-02-16,4093.4876,4123.6893,-0.7324,-0.007350903203160604,4.24,424.0,6.0,TuShare index_daily,Archived FRED mirror (Hugging Face)
2023-02-17,4034.507,4093.4876,-1.4408,-0.014513207296915924,4.38,438.0,14.0,TuShare index_daily,Archived FRED mirror (Hugging Face)
2023-02-20,4133.4896,4034.507,2.4534,0.02423787633960909,4.38,438.0,0.0,TuShare index_daily,Archived FRED mirror (Hugging Face)
2023-02-21,4144.3536,4133.4896,0.2628,0.00262483982241926,4.49,449.0,11.0,TuShare index_daily,Archived FRED mirror (Hugging Face)
2023-02-22,4106.9506,4144.3536,-0.9025,-0.009066022844646674,4.41,441.0,-8.0,TuShare index_daily,Archived FRED mirror (Hugging Face)
2023-02-23,4103.6463,4106.9506,-0.0805,-0.0008048867137512138,4.3,430.0,-11.0,TuShare index_daily,Archived FRED mirror (Hugging Face)
2023-02-24,4061.0457,4103.6463,-1.0381,-0.010435417917162276,4.28,428.0,-2.0,TuShare index_daily,Archived FRED mirror (Hugging Face)
2023-02-27,4043.8444,4061.0457,-0.4236,-0.00424467836441928,4.21,421.0,-7.0,TuShare index_daily,Archived FRED mirror (Hugging Face)
2023-02-28,4069.4587,4043.8444,0.6334,0.006314169404260476,4.22,422.0,1.0,TuShare index_daily,Archived FRED mirror (Hugging Face)
2023-03-01,4126.9415,4069.4587,1.4125,0.014026582657949621,4.17,417.0,-5.0,TuShare index_daily,Archived FRED mirror (Hugging Face)
2023-03-02,4117.7377,4126.9415,-0.223,-0.0022326651164919576,4.18,418.0,1.0,TuShare index_daily,Archived FRED mirror (Hugging Face)
2023-03-03,4130.5513,4117.7377,0.3112,0.0031069741391894392,4.05,405.0,-13.0,TuShare index_daily,Archived FRED mirror (Hugging Face)
2023-03-06,4109.0102,4130.5513,-0.5215,-0.00522871249319971,3.97,397.0,-8.0,TuShare index_daily,Archived FRED mirror (Hugging Face)
2023-03-07,4048.8519,4109.0102,-1.4641,-0.014748812805500063,3.98,398.0,1.0,TuShare index_daily,Archived FRED mirror (Hugging Face)
2023-03-08,4034.1077,4048.8519,-0.3642,-0.00364822220642755,4.09,409.0,11.0,TuShare index_daily,Archived FRED mirror (Hugging Face)
2023-03-09,4019.8505,4034.1077,-0.3534,-0.003540424357395067,4.27,426.99999999999994,17.999999999999943,TuShare index_daily,Archived FRED mirror (Hugging Face)
2023-03-10,3967.1352,4019.8505,-1.3114,-0.01320049076358043,4.61,461.00000000000006,34.000000000000114,TuShare index_daily,Archived FRED mirror (Hugging Face)
2023-03-13,4008.686,3967.1352,1.0474,0.010419284700296166,5.03,503.0,41.99999999999994,TuShare index_daily,Archived FRED mirror (Hugging Face)
2023-03-14,3984.6956,4008.686,-0.5985,-0.006002583945988547,4.74,474.0,-29.0,TuShare index_daily,Archived FRED mirror (Hugging Face)
2023-03-15,3986.902,3984.6956,0.0554,0.0005535653371021109,5.2,520.0,46.0,TuShare index_daily,Archived FRED mirror (Hugging Face)
2023-03-16,3939.1505,3986.902,-1.1977,-0.012049397286707548,4.93,493.0,-27.0,TuShare index_daily,Archived FRED mirror (Hugging Face)
2023-03-17,3958.8194,3939.1505,0.4993,0.004980758577487929,5.17,517.0,24.0,TuShare index_daily,Archived FRED mirror (Hugging Face)
2023-03-20,3939.077,3958.8194,-0.4987,-0.004999417596918964,5.15,515.0,-2.0,TuShare index_daily,Archived FRED mirror (Hugging Face)
2023-03-21,3982.3782,3939.077,1.0993,0.010932746623865211,4.85,484.99999999999994,-30.000000000000057,TuShare index_daily,Archived FRED mirror (Hugging Face)
2023-03-22,3999.4427,3982.3782,0.4285,0.00427584788303179,5.0,500.0,15.000000000000057,TuShare index_daily,Archived FRED mirror (Hugging Face)
2023-03-23,4039.0895,3999.4427,0.9913,0.00986426887274393,5.1,509.99999999999994,9.999999999999943,TuShare index_daily,Archived FRED mirror (Hugging Face)
2023-03-24,4027.0457,4039.0895,-0.2982,-0.002986265082769179,5.22,522.0,12.000000000000057,TuShare index_daily,Archived FRED mirror (Hugging Face)
2023-03-27,4012.4771,4027.0457,-0.3618,-0.0036242489284966603,5.03,503.0,-19.0,TuShare index_daily,Archived FRED mirror (Hugging Face)
2023-03-28,3999.5147,4012.4771,-0.3231,-0.003235752515321773,5.01,501.0,-2.0,TuShare index_daily,Archived FRED mirror (Hugging Face)
2023-03-29,4006.144,3999.5147,0.1658,0.0016561539190427233,4.83,483.0,-18.0,TuShare index_daily,Archived FRED mirror (Hugging Face)
2023-03-30,4038.5257,4006.144,0.8083,0.008050516950421808,4.74,474.0,-9.0,TuShare index_daily,Archived FRED mirror (Hugging Face)
2023-03-31,4050.9257,4038.5257,0.307,0.0030657232731370397,4.58,458.0,-16.0,TuShare index_daily,Archived FRED mirror (Hugging Face)
2023-04-03,4090.5676,4050.9257,0.9786,0.00973831503009619,4.58,458.0,0.0,TuShare index_daily,Archived FRED mirror (Hugging Face)
2023-04-04,4103.1052,4090.5676,0.3065,0.0030603149750138407,4.73,473.00000000000006,15.000000000000057,TuShare index_daily,Archived FRED mirror (Hugging Face)
2023-04-06,4096.64,4103.1052,-0.1576,-0.0015769273756824943,4.84,484.0,0.0,TuShare index_daily,Archived FRED mirror (Hugging Face)
2023-04-10,4104.8118,4123.2799,-0.4479,-0.004489043556316856,4.7,470.0,-14.0,TuShare index_daily,Archived FRED mirror (Hugging Face)
2023-04-11,4100.1479,4104.8118,-0.1136,-0.0011368490944111537,4.63,463.0,-7.0,TuShare index_daily,Archived FRED mirror (Hugging Face)
2023-04-12,4097.2876,4100.1479,-0.0698,-0.00069785242374403,4.62,462.0,-1.0,TuShare index_daily,Archived FRED mirror (Hugging Face)
2023-04-13,4068.9786,4097.2876,-0.6909,-0.006933184078369438,4.49,449.0,-13.0,TuShare index_daily,Archived FRED mirror (Hugging Face)
2023-04-14,4091.9988,4068.9786,0.5657,0.005641545105945867,4.43,443.0,-6.0,TuShare index_daily,Archived FRED mirror (Hugging Face)
2023-04-17,4149.3836,4091.9988,1.4024,0.013926238256229347,4.41,441.0,-2.0,TuShare index_daily,Archived FRED mirror (Hugging Face)
2023-04-18,4162.032,4149.3836,0.3048,0.0030436234626958596,4.37,437.0,-4.0,TuShare index_daily,Archived FRED mirror (Hugging Face)
2023-04-19,4124.5589,4162.032,-0.9004,-0.00904433581759568,4.41,441.0,4.0,TuShare index_daily,Archived FRED mirror (Hugging Face)
2023-04-20,4113.0192,4124.5589,-0.2798,-0.0028017233726872733,4.54,454.0,13.0,TuShare index_daily,Archived FRED mirror (Hugging Face)
2023-04-21,4032.5672,4113.0192,-1.956,-0.01975416188434926,4.46,446.0,-8.0,TuShare index_daily,Archived FRED mirror (Hugging Face)
2023-04-24,3982.6429,4032.5672,-1.238,-0.012457551336495796,4.48,448.00000000000006,2.000000000000057,TuShare index_daily,Archived FRED mirror (Hugging Face)
2023-04-25,3962.6658,3982.6429,-0.5016,-0.005028663542673135,4.64,463.99999999999994,15.999999999999886,TuShare index_daily,Archived FRED mirror (Hugging Face)
2023-04-26,3959.2323,3962.6658,-0.0866,-0.0008668377632871743,4.63,463.0,-0.9999999999999432,TuShare index_daily,Archived FRED mirror (Hugging Face)
2023-04-27,3988.4185,3959.2323,0.7372,0.007344643577210908,4.48,448.00000000000006,-14.999999999999943,TuShare index_daily,Archived FRED mirror (Hugging Face)
2023-04-28,4029.0858,3988.4185,1.0196,0.01014471517605962,4.5,450.0,1.9999999999999432,TuShare index_daily,Archived FRED mirror (Hugging Face)
2023-05-04,4030.2471,4029.0858,0.0288,0.00028818762605953345,4.95,495.0,16.0,TuShare index_daily,Archived FRED mirror (Hugging Face)
2023-05-05,4016.8774,4030.2471,-0.3317,-0.0033228545927530486,4.77,476.99999999999994,-18.000000000000057,TuShare index_daily,Archived FRED mirror (Hugging Face)
2023-05-08,4062.6624,4016.8774,1.1398,0.011333687618858015,4.72,472.0,-4.999999999999943,TuShare index_daily,Archived FRED mirror (Hugging Face)
2023-05-09,4027.8754,4062.6624,-0.8563,-0.008599481329350357,4.74,474.0,2.0,TuShare index_daily,Archived FRED mirror (Hugging Face)
2023-05-10,3996.8695,4027.8754,-0.7698,-0.0077276112030614744,4.78,478.0,4.0,TuShare index_daily,Archived FRED mirror (Hugging Face)
2023-05-11,3990.6637,3996.8695,-0.1553,-0.001553871788268113,4.81,480.99999999999994,2.999999999999943,TuShare index_daily,Archived FRED mirror (Hugging Face)
2023-05-12,3937.7622,3990.6637,-1.3256,-0.013344965509902268,4.76,476.0,-4.999999999999943,TuShare index_daily,Archived FRED mirror (Hugging Face)
2023-05-15,3998.8872,3937.7622,1.5523,0.015403530004197431,4.77,476.99999999999994,0.9999999999999432,TuShare index_daily,Archived FRED mirror (Hugging Face)
2023-05-16,3978.2054,3998.8872,-0.5172,-0.0051853093293719,4.79,479.0,2.000000000000057,TuShare index_daily,Archived FRED mirror (Hugging Face)
2023-05-17,3960.165,3978.2054,-0.4535,-0.004545122020695687,4.75,475.0,-4.0,TuShare index_daily,Archived FRED mirror (Hugging Face)
2023-05-18,3956.0701,3960.165,-0.1034,-0.001034557542444401,4.69,469.00000000000006,-5.999999999999943,TuShare index_daily,Archived FRED mirror (Hugging Face)
2023-05-19,3944.5403,3956.0701,-0.2914,-0.002918713264252902,4.62,462.0,-7.000000000000057,TuShare index_daily,Archived FRED mirror (Hugging Face)
2023-05-22,3969.3277,3944.5403,0.6284,0.006264315012112265,4.54,454.0,-8.0,TuShare index_daily,Archived FRED mirror (Hugging Face)
2023-05-23,3913.1882,3969.3277,-1.4143,-0.014244297108787168,4.6,459.99999999999994,5.999999999999943,TuShare index_daily,Archived FRED mirror (Hugging Face)
2023-05-24,3859.0935,3913.1882,-1.3824,-0.013920126824799891,4.68,468.0,8.000000000000057,TuShare index_daily,Archived FRED mirror (Hugging Face)
2023-05-25,3850.4996,3859.0935,-0.2227,-0.002229405222302582,4.58,458.0,-10.0,TuShare index_daily,Archived FRED mirror (Hugging Face)
2023-05-26,3850.9511,3850.4996,0.0117,0.00011725063708255876,4.53,453.0,-5.0,TuShare index_daily,Archived FRED mirror (Hugging Face)
2023-05-29,3833.9416,3850.9511,-0.4417,-0.004426744377731629,4.54,454.0,1.0,TuShare index_daily,Archived FRED mirror (Hugging Face)
2023-05-30,3837.7531,3833.9416,0.0994,0.0009936527619133092,4.58,458.0,4.0,TuShare index_daily,Archived FRED mirror (Hugging Face)
2023-05-31,3798.5434,3837.7531,-1.0217,-0.01026938767722393,4.69,469.00000000000006,11.000000000000057,TuShare index_daily,Archived FRED mirror (Hugging Face)
2023-06-01,3806.8679,3798.5434,0.2191,0.002189100101492375,4.65,465.00000000000006,-4.0,TuShare index_daily,Archived FRED mirror (Hugging Face)
2023-06-02,3861.8337,3806.8679,1.4439,0.01433534492873864,4.37,437.0,-28.000000000000057,TuShare index_daily,Archived FRED mirror (Hugging Face)
2023-06-05,3844.2492,3861.8337,-0.4553,-0.004563805178188675,4.39,438.99999999999994,1.9999999999999432,TuShare index_daily,Archived FRED mirror (Hugging Face)
2023-06-06,3808.1629,3844.2492,-0.9387,-0.009431422935137213,4.39,438.99999999999994,0.0,TuShare index_daily,Archived FRED mirror (Hugging Face)
2023-06-07,3789.3418,3808.1629,-0.4942,-0.004954557909288927,4.33,433.0,-5.999999999999943,TuShare index_daily,Archived FRED mirror (Hugging Face)
2023-06-08,3820.1867,3789.3418,0.814,0.008106959303515378,4.39,438.99999999999994,5.999999999999943,TuShare index_daily,Archived FRED mirror (Hugging Face)
2023-06-09,3836.7026,3820.1867,0.4323,0.00431400402099796,4.29,429.0,-9.999999999999943,TuShare index_daily,Archived FRED mirror (Hugging Face)
2023-06-12,3844.4324,3836.7026,0.2015,0.002012671983855088,4.34,434.0,5.0,TuShare index_daily,Archived FRED mirror (Hugging Face)
2023-06-13,3864.9074,3844.4324,0.5326,0.005311751374952578,4.18,418.0,-16.0,TuShare index_daily,Archived FRED mirror (Hugging Face)
2023-06-14,3864.0247,3864.9074,-0.0228,-0.00022841448014214406,4.18,418.0,0.0,TuShare index_daily,Archived FRED mirror (Hugging Face)
2023-06-15,3925.4994,3864.0247,1.5909,0.01578427014000531,4.21,421.0,3.0,TuShare index_daily,Archived FRED mirror (Hugging Face)
2023-06-16,3963.3509,3925.4994,0.9642,0.009596275511414851,4.15,415.00000000000006,-5.999999999999943,TuShare index_daily,Archived FRED mirror (Hugging Face)
2023-06-19,3930.9079,3963.3509,-0.8186,-0.0082194373084361,4.15,415.00000000000006,0.0,TuShare index_daily,Archived FRED mirror (Hugging Face)
2023-06-20,3924.2377,3930.9079,-0.1697,-0.001698301200985408,4.22,422.0,6.999999999999943,TuShare index_daily,Archived FRED mirror (Hugging Face)
2023-06-21,3864.0323,3924.2377,-1.5342,-0.01546084028279967,4.32,432.0,10.0,TuShare index_daily,Archived FRED mirror (Hugging Face)
2023-06-26,3809.6962,3864.0323,-1.4062,-0.014161827101988902,4.45,445.0,4.999999999999943,TuShare index_daily,Archived FRED mirror (Hugging Face)
2023-06-27,3845.4334,3809.6962,0.9381,0.009336865994181069,4.3,430.0,-15.0,TuShare index_daily,Archived FRED mirror (Hugging Face)
2023-06-28,3840.7986,3845.4334,-0.1205,-0.0012060006936434353,4.27,426.99999999999994,-3.000000000000057,TuShare index_daily,Archived FRED mirror (Hugging Face)
2023-06-29,3821.8435,3840.7986,-0.4935,-0.004947415895498865,4.14,413.99999999999994,-13.0,TuShare index_daily,Archived FRED mirror (Hugging Face)
2023-06-30,3842.4516,3821.8435,0.5392,0.005377702553482227,4.05,405.0,-8.999999999999943,TuShare index_daily,Archived FRED mirror (Hugging Face)
2023-07-03,3892.8821,3842.4516,1.3125,0.013039182657447542,3.99,399.0,-6.0,TuShare index_daily,Archived FRED mirror (Hugging Face)
2023-07-04,3899.0133,3892.8821,0.1575,0.0015737380831380055,3.99,399.0,0.0,TuShare index_daily,Archived FRED mirror (Hugging Face)
2023-07-05,3868.8054,3899.0133,-0.7748,-0.007777743906701456,4.01,401.0,2.0,TuShare index_daily,Archived FRED mirror (Hugging Face)
2023-07-06,3842.7547,3868.8054,-0.6734,-0.0067562980144157386,4.1,409.99999999999994,8.999999999999943,TuShare index_daily,Archived FRED mirror (Hugging Face)
2023-07-07,3825.6988,3842.7547,-0.4438,-0.004448335801926922,4.08,408.0,-1.9999999999999432,TuShare index_daily,Archived FRED mirror (Hugging Face)
2023-07-10,3844.3269,3825.6988,0.4869,0.004857385712863811,4.13,413.0,5.0,TuShare index_daily,Archived FRED mirror (Hugging Face)
2023-07-11,3869.4861,3844.3269,0.6545,0.006523178411029411,4.05,405.0,-8.0,TuShare index_daily,Archived FRED mirror (Hugging Face)
2023-07-12,3843.4369,3869.4861,-0.6732,-0.006754715182223218,3.95,395.0,-10.0,TuShare index_daily,Archived FRED mirror (Hugging Face)
2023-07-13,3898.4229,3843.4369,1.4306,0.014205094390380651,3.97,397.0,2.0,TuShare index_daily,Archived FRED mirror (Hugging Face)
2023-07-14,3899.1027,3898.4229,0.0174,0.000174363006059742,3.9,390.0,-7.0,TuShare index_daily,Archived FRED mirror (Hugging Face)
2023-07-17,3867.1749,3899.1027,-0.8188,-0.008222209278820985,3.97,397.0,7.0,TuShare index_daily,Archived FRED mirror (Hugging Face)
2023-07-18,3854.9393,3867.1749,-0.3164,-0.0031689793553156373,3.9,390.0,-7.0,TuShare index_daily,Archived FRED mirror (Hugging Face)
2023-07-19,3850.8663,3854.9393,-0.1057,-0.00105712513155086,3.89,389.0,-1.0,TuShare index_daily,Archived FRED mirror (Hugging Face)
2023-07-20,3823.6946,3850.8663,-0.7056,-0.007081007991962629,3.9,390.0,1.0,TuShare index_daily,Archived FRED mirror (Hugging Face)
2023-07-21,3821.91,3823.6946,-0.0467,-0.0004668303229831912,3.89,389.0,-1.0,TuShare index_daily,Archived FRED mirror (Hugging Face)
2023-07-24,3805.221,3821.91,-0.4367,-0.004376226561401382,3.82,382.0,-7.0,TuShare index_daily,Archived FRED mirror (Hugging Face)
2023-07-25,3915.1153,3805.221,2.888,0.028470708740506268,3.84,384.0,2.0,TuShare index_daily,FRED current rolling window
2023-07-26,3907.0128,3915.1153,-0.207,-0.002071687600697664,3.91,391.0,7.0,TuShare index_daily,FRED current rolling window
2023-07-27,3902.3458,3907.0128,-0.1195,-0.001195232744363619,3.78,378.0,-13.0,TuShare index_daily,FRED current rolling window
2023-07-28,3992.7376,3902.3458,2.3163,0.022899251426328447,3.82,382.0,4.0,TuShare index_daily,FRED current rolling window
2023-07-31,4014.6301,3992.7376,0.5483,0.005468102719712426,3.79,379.0,-3.0,TuShare index_daily,FRED current rolling window
2023-08-01,3998.001,4014.6301,-0.4142,-0.004150727436979688,3.82,382.0,3.0,TuShare index_daily,FRED current rolling window
2023-08-02,3969.895,3998.001,-0.703,-0.00705484021662513,3.96,396.0,14.0,TuShare index_daily,FRED current rolling window
2023-08-03,4004.9839,3969.895,0.8839,0.008799914550596713,3.98,398.0,2.0,TuShare index_daily,FRED current rolling window
2023-08-04,4020.5792,4004.9839,0.3894,0.0038864113172395994,4.01,401.0,3.0,TuShare index_daily,FRED current rolling window
2023-08-07,3990.1531,4020.5792,-0.7568,-0.00759637076150556,3.97,397.0,-4.0,TuShare index_daily,FRED current rolling window
2023-08-08,3979.7322,3990.1531,-0.2612,-0.002615070492593251,4.0,400.0,3.0,TuShare index_daily,FRED current rolling window
2023-08-09,3967.5652,3979.7322,-0.3057,-0.0030619237945844866,3.94,394.0,-6.0,TuShare index_daily,FRED current rolling window
2023-08-10,3975.7166,3967.5652,0.2055,0.0020524017821905416,3.83,383.0,-11.0,TuShare index_daily,FRED current rolling window
2023-08-11,3884.2538,3975.7166,-2.3005,-0.023274115288622166,3.83,383.0,0.0,TuShare index_daily,FRED current rolling window
2023-08-14,3855.9061,3884.2538,-0.7298,-0.007324868507294283,3.79,379.0,-4.0,TuShare index_daily,FRED current rolling window
2023-08-15,3846.5357,3855.9061,-0.243,-0.002433099753563938,3.85,385.0,6.0,TuShare index_daily,FRED current rolling window
2023-08-16,3818.3338,3846.5357,-0.7332,-0.007358775583763774,3.81,381.0,-4.0,TuShare index_daily,FRED current rolling window
2023-08-17,3831.1008,3818.3338,0.3344,0.003338027585623975,3.95,395.0,14.0,TuShare index_daily,FRED current rolling window
2023-08-18,3784.0038,3831.1008,-1.2293,-0.012369521622880495,4.02,401.99999999999994,6.999999999999943,TuShare index_daily,FRED current rolling window
2023-08-21,3729.555,3784.0038,-1.4389,-0.014493731827957879,3.97,397.0,-4.999999999999943,TuShare index_daily,FRED current rolling window
2023-08-22,3758.2271,3729.555,0.7688,0.007658406656251673,3.93,393.0,-4.0,TuShare index_daily,FRED current rolling window
2023-08-23,3696.6339,3758.2271,-1.6389,-0.016524681432167936,3.92,392.0,-1.0,TuShare index_daily,FRED current rolling window
2023-08-24,3723.4293,3696.6339,0.7249,0.007222449662964919,3.91,391.0,-1.0,TuShare index_daily,FRED current rolling window
2023-08-25,3709.1517,3723.4293,-0.3835,-0.0038419002932303134,3.9,390.0,-1.0,TuShare index_daily,FRED current rolling window
2023-08-28,3752.6194,3709.1517,1.1719,0.011650904623430016,3.86,386.0,-4.0,TuShare index_daily,FRED current rolling window
2023-08-29,3790.1067,3752.6194,0.999,0.009940068925598318,3.87,387.0,1.0,TuShare index_daily,FRED current rolling window
2023-08-30,3788.5097,3790.1067,-0.0421,-0.0004214489662355312,3.8,380.0,-7.0,TuShare index_daily,FRED current rolling window
2023-08-31,3765.2678,3788.5097,-0.6135,-0.006153735225727366,3.85,385.0,5.0,TuShare index_daily,FRED current rolling window
2023-09-01,3791.4912,3765.2678,0.6965,0.006940410634633973,3.81,381.0,-4.0,TuShare index_daily,FRED current rolling window
2023-09-04,3848.9517,3791.4912,1.5155,0.015041427333904046,3.81,381.0,0.0,TuShare index_daily,FRED current rolling window
2023-09-05,3820.3174,3848.9517,-0.744,-0.0074673173369024385,3.83,383.0,2.0,TuShare index_daily,FRED current rolling window
2023-09-06,3812.0283,3820.3174,-0.217,-0.0021720984831716575,3.86,386.0,3.0,TuShare index_daily,FRED current rolling window
2023-09-07,3758.4748,3812.0283,-1.4049,-0.014148172878386153,3.9,390.0,4.0,TuShare index_daily,FRED current rolling window
2023-09-08,3739.9927,3758.4748,-0.4917,-0.004929577257583552,3.85,385.0,-5.0,TuShare index_daily,FRED current rolling window
2023-09-11,3767.537,3739.9927,0.7365,0.007337812753509666,3.82,382.0,-3.0,TuShare index_daily,FRED current rolling window
2023-09-12,3760.6048,3767.537,-0.184,-0.001841676775899936,3.84,384.0,2.0,TuShare index_daily,FRED current rolling window
2023-09-13,3736.6513,3760.6048,-0.637,-0.006389959522627915,3.85,385.0,1.0,TuShare index_daily,FRED current rolling window
2023-09-14,3733.5077,3736.6513,-0.0841,-0.0008416421084389641,3.78,378.0,-7.0,TuShare index_daily,FRED current rolling window
2023-09-15,3708.7766,3733.5077,-0.6624,-0.0066461290744070055,3.79,379.0,1.0,TuShare index_daily,FRED current rolling window
2023-09-18,3727.711,3708.7766,0.5105,0.0050923075341599,3.82,382.0,3.0,TuShare index_daily,FRED current rolling window
2023-09-19,3720.5021,3727.711,-0.1934,-0.0019357400638905927,3.82,382.0,0.0,TuShare index_daily,FRED current rolling window
2023-09-20,3705.6898,3720.5021,-0.3981,-0.003989210040026667,3.77,377.0,-5.0,TuShare index_daily,FRED current rolling window
2023-09-21,3672.4448,3705.6898,-0.8971,-0.00901182393540573,3.89,389.0,12.0,TuShare index_daily,FRED current rolling window
2023-09-22,3738.9327,3672.4448,1.8105,0.01794259804803621,3.93,393.0,4.0,TuShare index_daily,FRED current rolling window
2023-09-25,3714.6037,3738.9327,-0.6507,-0.006528199527715004,3.97,397.0,4.0,TuShare index_daily,FRED current rolling window
2023-09-26,3692.8928,3714.6037,-0.5845,-0.005861889281666779,4.04,404.0,7.0,TuShare index_daily,FRED current rolling window
2023-09-27,3700.495,3692.8928,0.2059,0.002056486927205133,4.03,403.0,-1.0,TuShare index_daily,FRED current rolling window
2023-09-28,3689.5172,3700.495,-0.2967,-0.0029709851019892155,4.09,409.0,6.0,TuShare index_daily,FRED current rolling window
2023-10-09,3684.7272,3689.5172,-0.1298,-0.001299116333512036,4.34,434.0,1.0,TuShare index_daily,FRED current rolling window
2023-10-10,3657.1259,3684.7272,-0.7491,-0.00751892734950509,4.26,426.0,-8.0,TuShare index_daily,FRED current rolling window
2023-10-11,3667.5483,3657.1259,0.285,0.0028458349817270063,4.25,425.0,-1.0,TuShare index_daily,FRED current rolling window
2023-10-12,3702.3824,3667.5483,0.9498,0.009453103650197869,4.25,425.0,0.0,TuShare index_daily,FRED current rolling window
2023-10-13,3663.4104,3702.3824,-1.0526,-0.010581987499846852,4.3,430.0,5.0,TuShare index_daily,FRED current rolling window
2023-10-16,3626.5972,3663.4104,-1.0049,-0.01009971866830757,4.27,426.99999999999994,-3.000000000000057,TuShare index_daily,FRED current rolling window
2023-10-17,3639.4018,3626.5972,0.3531,0.0035245293194285997,4.25,425.0,-1.9999999999999432,TuShare index_daily,FRED current rolling window
2023-10-18,3610.5767,3639.4018,-0.792,-0.007951817205375517,4.32,432.0,7.0,TuShare index_daily,FRED current rolling window
2023-10-19,3533.5445,3610.5767,-2.1335,-0.021566035463477812,4.37,437.0,5.0,TuShare index_daily,FRED current rolling window
2023-10-20,3510.5889,3533.5445,-0.6496,-0.006517673632614436,4.52,451.99999999999994,14.999999999999943,TuShare index_daily,FRED current rolling window
2023-10-23,3474.2438,3510.5889,-1.0353,-0.010406957357291196,4.51,451.0,-0.9999999999999432,TuShare index_daily,FRED current rolling window
2023-10-24,3487.1302,3474.2438,0.3709,0.003702261857848989,4.41,441.0,-10.0,TuShare index_daily,FRED current rolling window
2023-10-25,3504.4576,3487.1302,0.4969,0.004956652471855501,4.37,437.0,-4.0,TuShare index_daily,FRED current rolling window
2023-10-26,3514.1448,3504.4576,0.2764,0.0027604373632512803,4.5,450.0,13.0,TuShare index_daily,FRED current rolling window
2023-10-27,3562.3851,3514.1448,1.3727,0.013634096924963092,4.53,453.0,3.0,TuShare index_daily,FRED current rolling window
2023-10-30,3583.7718,3562.3851,0.6003,0.005985528767481468,4.5,450.0,-3.0,TuShare index_daily,FRED current rolling window
2023-10-31,3572.5056,3583.7718,-0.3144,-0.003148622860146272,4.42,442.0,-8.0,TuShare index_daily,FRED current rolling window
2023-11-01,3571.0268,3572.5056,-0.0414,-0.0004140248656600958,4.47,447.0,5.0,TuShare index_daily,FRED current rolling window
2023-11-02,3554.1889,3571.0268,-0.4715,-0.004726293786034514,4.15,415.00000000000006,-31.999999999999943,TuShare index_daily,FRED current rolling window
2023-11-03,3584.1364,3554.1889,0.8426,0.008390672725506256,4.04,404.0,-11.000000000000057,TuShare index_daily,FRED current rolling window
2023-11-06,3632.6084,3584.1364,1.3524,0.01343340529964992,4.0,400.0,-4.0,TuShare index_daily,FRED current rolling window
2023-11-07,3619.7593,3632.6084,-0.3537,-0.003543425809558976,4.08,408.0,8.0,TuShare index_daily,FRED current rolling window
2023-11-08,3611.0723,3619.7593,-0.24,-0.002402767664892778,4.08,408.0,0.0,TuShare index_daily,FRED current rolling window
2023-11-09,3612.8263,3611.0723,0.0486,0.00048561036957762407,4.04,404.0,-4.0,TuShare index_daily,FRED current rolling window
2023-11-10,3586.4893,3612.8263,-0.729,-0.007316561449093594,4.03,403.0,-1.0,TuShare index_daily,FRED current rolling window
2023-11-13,3579.4141,3586.4893,-0.1973,-0.001974685368791237,4.03,403.0,0.0,TuShare index_daily,FRED current rolling window
2023-11-14,3582.0584,3579.4141,0.0739,0.0007384794454416723,3.92,392.0,-11.0,TuShare index_daily,FRED current rolling window
2023-11-15,3607.2454,3582.0584,0.7031,0.007006826738225458,3.89,389.0,-3.0,TuShare index_daily,FRED current rolling window
2023-11-16,3572.3641,3607.2454,-0.967,-0.009716844474267466,4.02,401.99999999999994,12.999999999999943,TuShare index_daily,FRED current rolling window
2023-11-17,3568.0685,3572.3641,-0.1202,-0.0012031765465315332,3.99,399.0,-2.999999999999943,TuShare index_daily,FRED current rolling window
2023-11-20,3576.3233,3568.0685,0.2314,0.0023108485381220117,3.92,392.0,-7.0,TuShare index_daily,FRED current rolling window
2023-11-21,3581.0674,3576.3233,0.1327,0.001325650895305748,3.95,395.0,3.0,TuShare index_daily,FRED current rolling window
2023-11-22,3544.4162,3581.0674,-1.0235,-0.010287448626604224,3.9,390.0,-5.0,TuShare index_daily,FRED current rolling window
2023-11-23,3561.5204,3544.4162,0.4826,0.004814068572702551,3.9,390.0,0.0,TuShare index_daily,FRED current rolling window
2023-11-24,3538.0087,3561.5204,-0.6602,-0.006623477592530993,3.85,385.0,-5.0,TuShare index_daily,FRED current rolling window
2023-11-27,3511.9424,3538.0087,-0.7368,-0.007394780023751533,3.89,389.0,4.0,TuShare index_daily,FRED current rolling window
2023-11-28,3518.5232,3511.9424,0.1874,0.0018720813944303417,3.9,390.0,1.0,TuShare index_daily,FRED current rolling window
2023-11-29,3488.3073,3518.5232,-0.8588,-0.008624751891447943,3.8,380.0,-10.0,TuShare index_daily,FRED current rolling window
2023-11-30,3496.2028,3488.3073,0.2263,0.0022608610339468075,3.84,384.0,4.0,TuShare index_daily,FRED current rolling window
2023-12-01,3482.8813,3496.2028,-0.381,-0.0038175542772575606,3.87,387.0,3.0,TuShare index_daily,FRED current rolling window
2023-12-04,3460.138,3482.8813,-0.653,-0.006551438319548501,3.8,380.0,-7.0,TuShare index_daily,FRED current rolling window
2023-12-05,3394.2571,3460.138,-1.904,-0.019223557398418245,3.8,380.0,0.0,TuShare index_daily,FRED current rolling window
2023-12-06,3399.598,3394.2571,0.1574,0.0015722740687378373,3.79,379.0,-1.0,TuShare index_daily,FRED current rolling window
2023-12-07,3391.2823,3399.598,-0.2446,-0.002449079880397321,3.77,377.0,-2.0,TuShare index_daily,FRED current rolling window
2023-12-08,3399.4618,3391.2823,0.2412,0.0024090155173751376,3.75,375.0,-2.0,TuShare index_daily,FRED current rolling window
2023-12-11,3419.4548,3399.4618,0.5881,0.005863998187248521,3.79,379.0,4.0,TuShare index_daily,FRED current rolling window
2023-12-12,3426.803,3419.4548,0.2149,0.0021466333978044914,3.76,376.0,-3.0,TuShare index_daily,FRED current rolling window
2023-12-13,3369.605,3426.803,-1.6691,-0.01683222974761668,3.79,379.0,3.0,TuShare index_daily,FRED current rolling window
2023-12-14,3351.9639,3369.605,-0.5235,-0.005249113939963294,3.47,347.0,-32.0,TuShare index_daily,FRED current rolling window
2023-12-15,3341.5517,3351.9639,-0.3106,-0.003111132929438227,3.51,351.0,4.0,TuShare index_daily,FRED current rolling window
2023-12-18,3329.3657,3341.5517,-0.3647,-0.0036534745745062168,3.51,351.0,0.0,TuShare index_daily,FRED current rolling window
2023-12-19,3334.0412,3329.3657,0.1404,0.0014033364125818817,3.46,346.0,-5.0,TuShare index_daily,FRED current rolling window
2023-12-20,3297.5022,3334.0412,-1.0959,-0.011019868999532874,3.43,343.0,-3.0,TuShare index_daily,FRED current rolling window
2023-12-21,3330.8698,3297.5022,1.0119,0.01006819830524892,3.41,341.0,-2.0,TuShare index_daily,FRED current rolling window
2023-12-22,3337.2281,3330.8698,0.1909,0.0019070811564037447,3.39,339.0,-2.0,TuShare index_daily,FRED current rolling window
2023-12-26,3324.7902,3347.4508,-0.677,-0.006792526566996367,3.37,337.0,-2.0,TuShare index_daily,FRED current rolling window
2023-12-27,3336.3572,3324.7902,0.3479,0.0034729787322696913,3.34,334.0,-3.0,TuShare index_daily,FRED current rolling window
2023-12-28,3414.5403,3336.3572,2.3434,0.0231633188509078,3.32,332.0,-2.0,TuShare index_daily,FRED current rolling window
2023-12-29,3431.1099,3414.5403,0.4853,0.004840922885131526,3.34,334.0,2.0,TuShare index_daily,FRED current rolling window
2024-01-02,3386.3522,3431.1099,-1.3045,-0.013130500000731902,3.54,354.0,15.0,TuShare index_daily,FRED current rolling window
2024-01-03,3378.2971,3386.3522,-0.2379,-0.0023815288716185186,3.71,371.0,17.0,TuShare index_daily,FRED current rolling window
2024-01-04,3347.0519,3378.2971,-0.9249,-0.009291837436039434,3.69,369.0,-2.0,TuShare index_daily,FRED current rolling window
2024-01-05,3329.1114,3347.0519,-0.536,-0.005374506997078489,3.68,368.0,-1.0,TuShare index_daily,FRED current rolling window
2024-01-08,3286.0564,3329.1114,-1.2933,-0.013017238342875813,3.63,363.0,-5.0,TuShare index_daily,FRED current rolling window
2024-01-09,3292.4994,3286.0564,0.1961,0.0019587892102615333,3.59,359.0,-4.0,TuShare index_daily,FRED current rolling window
2024-01-10,3277.129,3292.4994,-0.4668,-0.00467923818793512,3.5,350.0,-9.0,TuShare index_daily,FRED current rolling window
2024-01-11,3295.6717,3277.129,0.5658,0.005642267288734283,3.55,355.0,5.0,TuShare index_daily,FRED current rolling window
2024-01-12,3284.1667,3295.6717,-0.3491,-0.003497049935115232,3.56,356.0,1.0,TuShare index_daily,FRED current rolling window
2024-01-15,3280.9195,3284.1667,-0.0989,-0.0009892330933307953,3.54,354.0,-2.0,TuShare index_daily,FRED current rolling window
2024-01-16,3300.8762,3280.9195,0.6083,0.006064229905750575,3.58,358.0,4.0,TuShare index_daily,FRED current rolling window
2024-01-17,3229.082,3300.8762,-2.175,-0.021990062068256426,3.62,362.0,4.0,TuShare index_daily,FRED current rolling window
2024-01-18,3274.7286,3229.082,1.4136,0.014037109111496884,3.58,358.0,-4.0,TuShare index_daily,FRED current rolling window
2024-01-19,3269.7763,3274.7286,-0.1512,-0.0015134226411072569,3.54,354.0,-4.0,TuShare index_daily,FRED current rolling window
2024-01-22,3218.9016,3269.7763,-1.5559,-0.015681389433262163,3.49,349.0,-5.0,TuShare index_daily,FRED current rolling window
2024-01-23,3231.9329,3218.9016,0.4048,0.004040195954808554,3.51,351.0,2.0,TuShare index_daily,FRED current rolling window
2024-01-24,3277.1089,3231.9329,1.3978,0.013881221474081462,3.44,344.0,-7.0,TuShare index_daily,FRED current rolling window
2024-01-25,3342.9189,3277.1089,2.0082,0.019882746717866898,3.45,345.0,1.0,TuShare index_daily,FRED current rolling window
2024-01-26,3333.8213,3342.9189,-0.2721,-0.002725163884702412,3.39,339.0,-6.0,TuShare index_daily,FRED current rolling window
2024-01-29,3303.9604,3333.8213,-0.8957,-0.00899731349721521,3.41,341.0,2.0,TuShare index_daily,FRED current rolling window
2024-01-30,3245.0387,3303.9604,-1.7834,-0.01799459398974998,3.42,342.0,1.0,TuShare index_daily,FRED current rolling window
2024-01-31,3215.3518,3245.0387,-0.9148,-0.009190499849532225,3.59,359.0,17.0,TuShare index_daily,FRED current rolling window
2024-02-01,3217.7109,3215.3518,0.0734,0.0007334298500620088,3.56,356.0,-3.0,TuShare index_daily,FRED current rolling window
2024-02-02,3179.6276,3217.7109,-1.1836,-0.011906123109234383,3.47,347.0,-9.0,TuShare index_daily,FRED current rolling window
2024-02-05,3200.4218,3179.6276,0.654,0.006518530602880647,3.5,350.0,3.0,TuShare index_daily,FRED current rolling window
2024-02-06,3311.6922,3200.4218,3.4767,0.034176683802523346,3.52,352.0,2.0,TuShare index_daily,FRED current rolling window
2024-02-07,3343.6303,3311.6922,0.9644,0.009597835468869923,3.43,343.0,-9.0,TuShare index_daily,FRED current rolling window
2024-02-08,3364.9297,3343.6303,0.637,0.006349938457429425,3.38,338.0,-5.0,TuShare index_daily,FRED current rolling window
2024-02-19,3403.8078,3364.9297,1.1554,0.011487674784309955,3.34,334.0,0.0,TuShare index_daily,FRED current rolling window
2024-02-20,3410.8542,3403.8078,0.207,0.0020680123273212306,3.37,337.0,3.0,TuShare index_daily,FRED current rolling window
2024-02-21,3456.8713,3410.8542,1.3491,0.013401172975739459,3.34,334.0,-3.0,TuShare index_daily,FRED current rolling window
2024-02-22,3486.6747,3456.8713,0.8621,0.00858454254593906,3.22,322.0,-12.0,TuShare index_daily,FRED current rolling window
2024-02-23,3489.7416,3486.6747,0.088,0.0008792193773087833,3.23,323.0,1.0,TuShare index_daily,FRED current rolling window
2024-02-26,3453.3585,3489.7416,-1.0426,-0.010480457577157869,3.23,323.0,0.0,TuShare index_daily,FRED current rolling window
2024-02-27,3494.7874,3453.3585,1.1997,0.011925308297313279,3.26,326.0,3.0,TuShare index_daily,FRED current rolling window
2024-02-28,3450.2598,3494.7874,-1.2741,-0.012823011522909118,3.31,331.0,5.0,TuShare index_daily,FRED current rolling window
2024-02-29,3516.0826,3450.2598,1.9078,0.01889793959635261,3.29,329.0,-2.0,TuShare index_daily,FRED current rolling window
2024-03-01,3537.8038,3516.0826,0.6178,0.00615866698833239,3.32,332.0,3.0,TuShare index_daily,FRED current rolling window
2024-03-04,3540.8686,3537.8038,0.0866,0.0008659251391561114,3.26,326.0,-6.0,TuShare index_daily,FRED current rolling window
2024-03-05,3565.5143,3540.8686,0.696,0.0069362428561649415,3.31,331.0,5.0,TuShare index_daily,FRED current rolling window
2024-03-06,3551.0481,3565.5143,-0.4057,-0.004065507786512169,3.27,327.0,-4.0,TuShare index_daily,FRED current rolling window
2024-03-07,3529.7195,3551.0481,-0.6006,-0.006024393317779147,3.27,327.0,0.0,TuShare index_daily,FRED current rolling window
2024-03-08,3544.9099,3529.7195,0.4304,0.004294337550533564,3.26,326.0,-1.0,TuShare index_daily,FRED current rolling window
2024-03-11,3589.2635,3544.9099,1.2512,0.012434284667935624,3.26,326.0,0.0,TuShare index_daily,FRED current rolling window
2024-03-12,3597.4939,3589.2635,0.2293,0.002290435905940713,3.2,320.0,-6.0,TuShare index_daily,FRED current rolling window
2024-03-13,3572.361,3597.4939,-0.6986,-0.007010742418553548,3.15,315.0,-5.0,TuShare index_daily,FRED current rolling window
2024-03-14,3562.2229,3572.361,-0.2838,-0.0028419616240185283,3.15,315.0,0.0,TuShare index_daily,FRED current rolling window
2024-03-15,3569.993,3562.2229,0.2181,0.0021788748918951115,3.16,316.0,1.0,TuShare index_daily,FRED current rolling window
2024-03-18,3603.528,3569.993,0.9394,0.009349730570252965,3.13,313.0,-3.0,TuShare index_daily,FRED current rolling window
2024-03-19,3577.6303,3603.528,-0.7187,-0.0072127117079038095,3.1,310.0,-3.0,TuShare index_daily,FRED current rolling window
2024-03-20,3585.3838,3577.6303,0.2167,0.0021648716364173998,3.14,314.0,4.0,TuShare index_daily,FRED current rolling window
2024-03-21,3581.0902,3585.3838,-0.1198,-0.0011982463101735089,3.05,305.0,-9.0,TuShare index_daily,FRED current rolling window
2024-03-22,3545.0023,3581.0902,-1.0077,-0.010128470408895992,3.08,308.0,3.0,TuShare index_daily,FRED current rolling window
2024-03-25,3525.7634,3545.0023,-0.5427,-0.005441828592219171,3.11,311.0,3.0,TuShare index_daily,FRED current rolling window
2024-03-26,3543.7467,3525.7634,0.5101,0.005087577083770784,3.15,315.0,4.0,TuShare index_daily,FRED current rolling window
2024-03-27,3502.7866,3543.7467,-1.1558,-0.011625734128965096,3.15,315.0,0.0,TuShare index_daily,FRED current rolling window
2024-03-28,3520.9648,3502.7866,0.519,0.005176219815450503,3.12,312.0,-3.0,TuShare index_daily,FRED current rolling window
2024-04-01,3595.6466,3537.4843,1.6442,0.016308011120952714,3.12,312.0,-3.0,TuShare index_daily,FRED current rolling window
2024-04-02,3580.6759,3595.6466,-0.4164,-0.0041722544428915275,3.23,323.0,11.0,TuShare index_daily,FRED current rolling window
2024-04-03,3567.8031,3580.6759,-0.3595,-0.003601553257586781,3.23,323.0,0.0,TuShare index_daily,FRED current rolling window
2024-04-08,3536.4077,3567.8031,-0.88,-0.008838590314792913,3.15,315.0,-3.0,TuShare index_daily,FRED current rolling window
2024-04-09,3533.4871,3536.4077,-0.0826,-0.0008262075317269229,3.14,314.0,-1.0,TuShare index_daily,FRED current rolling window
2024-04-10,3504.7086,3533.4871,-0.8145,-0.008177851714302322,3.1,310.0,-4.0,TuShare index_daily,FRED current rolling window
2024-04-11,3504.2447,3504.7086,-0.0132,-0.00013237354589799467,3.16,316.0,6.0,TuShare index_daily,FRED current rolling window
2024-04-12,3475.8389,3504.2447,-0.8106,-0.008139145156742146,3.25,325.0,9.0,TuShare index_daily,FRED current rolling window
2024-04-15,3549.0759,3475.8389,2.107,0.02085139978770184,3.28,328.0,3.0,TuShare index_daily,FRED current rolling window
2024-04-16,3511.1146,3549.0759,-1.0696,-0.010753722814637892,3.36,336.0,8.0,TuShare index_daily,FRED current rolling window
2024-04-17,3565.403,3511.1146,1.5462,0.015343554028548092,3.42,342.0,6.0,TuShare index_daily,FRED current rolling window
2024-04-18,3569.8018,3565.403,0.1234,0.0012329850874846476,3.39,339.0,-3.0,TuShare index_daily,FRED current rolling window
2024-04-19,3541.6619,3569.8018,-0.7883,-0.007913995783959946,3.37,337.0,-2.0,TuShare index_daily,FRED current rolling window
2024-04-22,3530.9045,3541.6619,-0.3037,-0.0030420098411770608,3.29,329.0,-8.0,TuShare index_daily,FRED current rolling window
2024-04-23,3506.2249,3530.9045,-0.699,-0.007014138799965217,3.2,320.0,-9.0,TuShare index_daily,FRED current rolling window
2024-04-24,3521.6219,3506.2249,0.4391,0.004381718916951932,3.19,319.0,-1.0,TuShare index_daily,FRED current rolling window
2024-04-25,3530.2813,3521.6219,0.2459,0.0024559056206020905,3.24,324.0,5.0,TuShare index_daily,FRED current rolling window
2024-04-26,3584.2686,3530.2813,1.5293,0.015176880345412834,3.16,316.0,-8.0,TuShare index_daily,FRED current rolling window
2024-04-29,3623.9124,3584.2686,1.106,0.010999779202213969,3.12,312.0,-4.0,TuShare index_daily,FRED current rolling window
2024-04-30,3604.3943,3623.9124,-0.5386,-0.005400475726166257,3.18,318.0,6.0,TuShare index_daily,FRED current rolling window
2024-05-06,3657.8767,3604.3943,1.4838,0.01472910247991278,3.03,303.0,-5.0,TuShare index_daily,FRED current rolling window
2024-05-07,3659.0076,3657.8767,0.0309,0.0003091206482533993,3.06,306.0,3.0,TuShare index_daily,FRED current rolling window
2024-05-08,3630.2233,3659.0076,-0.7867,-0.007897801568855183,3.1,310.0,4.0,TuShare index_daily,FRED current rolling window
2024-05-09,3664.561,3630.2233,0.9459,0.009414384908953369,3.14,314.0,4.0,TuShare index_daily,FRED current rolling window
2024-05-10,3666.2771,3664.561,0.0468,0.0004681865860184892,3.12,312.0,-2.0,TuShare index_daily,FRED current rolling window
2024-05-13,3664.6907,3666.2771,-0.0433,-0.00043279415980033276,3.14,314.0,2.0,TuShare index_daily,FRED current rolling window
2024-05-14,3657.0454,3664.6907,-0.2086,-0.0020883852338393584,3.14,314.0,0.0,TuShare index_daily,FRED current rolling window
2024-05-15,3626.0559,3657.0454,-0.8474,-0.008510024986955377,3.13,313.0,-1.0,TuShare index_daily,FRED current rolling window
2024-05-16,3640.3592,3626.0559,0.3945,0.003936829447977233,3.08,308.0,-5.0,TuShare index_daily,FRED current rolling window
2024-05-17,3677.9696,3640.3592,1.0332,0.010278502687711856,3.09,309.0,1.0,TuShare index_daily,FRED current rolling window
2024-05-20,3690.9623,3677.9696,0.3533,0.0035263491751993527,3.07,307.0,-2.0,TuShare index_daily,FRED current rolling window
2024-05-21,3676.1611,3690.9623,-0.401,-0.00401818161882359,3.07,307.0,0.0,TuShare index_daily,FRED current rolling window
2024-05-22,3684.451,3676.1611,0.2255,0.0022525038386657214,3.11,311.0,4.0,TuShare index_daily,FRED current rolling window
2024-05-23,3641.7917,3684.451,-1.1578,-0.01164574636115049,3.1,310.0,-1.0,TuShare index_daily,FRED current rolling window
2024-05-24,3601.4754,3641.7917,-1.107,-0.011132190983596793,3.11,311.0,1.0,TuShare index_daily,FRED current rolling window
2024-05-27,3635.7079,3601.4754,0.9505,0.009460242717951572,3.12,312.0,1.0,TuShare index_daily,FRED current rolling window
2024-05-28,3609.1724,3635.7079,-0.7299,-0.007325343569654487,3.09,309.0,-3.0,TuShare index_daily,FRED current rolling window
2024-05-29,3613.5223,3609.1724,0.1205,0.0012045090389653562,3.15,315.0,6.0,TuShare index_daily,FRED current rolling window
2024-05-30,3594.3121,3613.5223,-0.5316,-0.005330379256448552,3.19,319.0,4.0,TuShare index_daily,FRED current rolling window
2024-05-31,3579.9247,3594.3121,-0.4003,-0.00401085709562117,3.2,320.0,1.0,TuShare index_daily,FRED current rolling window
2024-06-03,3588.7483,3579.9247,0.2465,0.0024617120786335107,3.17,317.0,-3.0,TuShare index_daily,FRED current rolling window
2024-06-04,3615.6714,3588.7483,0.7502,0.007474085756360476,3.22,322.0,5.0,TuShare index_daily,FRED current rolling window
2024-06-05,3594.7936,3615.6714,-0.5774,-0.005790988055739421,3.2,320.0,-2.0,TuShare index_daily,FRED current rolling window
2024-06-06,3592.2454,3594.7936,-0.0709,-0.0007091098592278275,3.2,320.0,0.0,TuShare index_daily,FRED current rolling window
2024-06-07,3574.1143,3592.2454,-0.5047,-0.0050600693923201785,3.15,315.0,-5.0,TuShare index_daily,FRED current rolling window
2024-06-11,3542.8771,3574.1143,-0.874,-0.008778260035281154,3.19,319.0,4.0,TuShare index_daily,FRED current rolling window
2024-06-12,3544.1225,3542.8771,0.0352,0.00035146044394283323,3.09,309.0,-10.0,TuShare index_daily,FRED current rolling window
2024-06-13,3526.1306,3544.1225,-0.5077,-0.005089475180636833,3.2,320.0,11.0,TuShare index_daily,FRED current rolling window
2024-06-14,3541.5331,3526.1306,0.4368,0.004358590062463737,3.29,329.0,9.0,TuShare index_daily,FRED current rolling window
2024-06-17,3536.1986,3541.5331,-0.1506,-0.001507404133478877,3.26,326.0,-3.0,TuShare index_daily,FRED current rolling window
2024-06-18,3545.5902,3536.1986,0.2656,0.002652325781218718,3.24,324.0,-2.0,TuShare index_daily,FRED current rolling window
2024-06-19,3528.749,3545.5902,-0.475,-0.004761216938729962,3.24,324.0,0.0,TuShare index_daily,FRED current rolling window
2024-06-20,3503.2817,3528.749,-0.7217,-0.007243259431347746,3.23,323.0,-1.0,TuShare index_daily,FRED current rolling window
2024-06-21,3495.6198,3503.2817,-0.2187,-0.002189458748849752,3.21,321.0,-2.0,TuShare index_daily,FRED current rolling window
2024-06-24,3476.8102,3495.6198,-0.5381,-0.005395434770963799,3.19,319.0,-2.0,TuShare index_daily,FRED current rolling window
2024-06-25,3457.9023,3476.8102,-0.5438,-0.005453130711547871,3.19,319.0,0.0,TuShare index_daily,FRED current rolling window
2024-06-26,3480.2648,3457.9023,0.6467,0.0064462493092157,3.18,318.0,-1.0,TuShare index_daily,FRED current rolling window
2024-06-27,3454.1175,3480.2648,-0.7513,-0.007541385170448812,3.21,321.0,3.0,TuShare index_daily,FRED current rolling window
2024-06-28,3461.657,3454.1175,0.2183,0.0021803784917885987,3.18,318.0,-3.0,TuShare index_daily,FRED current rolling window
2024-07-01,3478.1827,3461.657,0.4774,0.0047625685752935455,3.21,321.0,0.0,TuShare index_daily,FRED current rolling window
2024-07-02,3471.7857,3478.1827,-0.1839,-0.0018408721992226827,3.23,323.0,2.0,TuShare index_daily,FRED current rolling window
2024-07-03,3463.4141,3471.7857,-0.2411,-0.002414235871381695,3.25,325.0,2.0,TuShare index_daily,FRED current rolling window
2024-07-04,3445.8128,3463.4141,-0.5082,-0.0050950238951884145,3.25,325.0,0.0,TuShare index_daily,FRED current rolling window
2024-07-05,3431.0605,3445.8128,-0.4281,-0.004290415712504689,3.27,327.0,2.0,TuShare index_daily,FRED current rolling window
2024-07-08,3401.7604,3431.0605,-0.854,-0.008576334729793503,3.2,320.0,-7.0,TuShare index_daily,FRED current rolling window
2024-07-09,3439.8111,3401.7604,1.1186,0.011123494752744543,3.21,321.0,1.0,TuShare index_daily,FRED current rolling window
2024-07-10,3428.9657,3439.8111,-0.3153,-0.003157886572395083,3.17,317.0,-4.0,TuShare index_daily,FRED current rolling window
2024-07-11,3468.169,3428.9657,1.1433,0.01136811847372326,3.18,318.0,1.0,TuShare index_daily,FRED current rolling window
2024-07-12,3472.4014,3468.169,0.122,0.001219611726616792,3.19,319.0,1.0,TuShare index_daily,FRED current rolling window
2024-07-15,3476.2467,3472.4014,0.1107,0.0011067765519817325,3.13,313.0,-6.0,TuShare index_daily,FRED current rolling window
2024-07-16,3498.2827,3476.2467,0.6339,0.006319013674132575,3.08,308.0,-5.0,TuShare index_daily,FRED current rolling window
2024-07-17,3501.5836,3498.2827,0.0944,0.0009431323694506291,3.09,309.0,1.0,TuShare index_daily,FRED current rolling window
2024-07-18,3520.931,3501.5836,0.5525,0.0055101199650592625,3.09,309.0,0.0,TuShare index_daily,FRED current rolling window
2024-07-19,3539.0156,3520.931,0.5136,0.005123166103060624,3.09,309.0,0.0,TuShare index_daily,FRED current rolling window
2024-07-22,3514.9249,3539.0156,-0.6807,-0.00683044992019825,3.05,305.0,-4.0,TuShare index_daily,FRED current rolling window
2024-07-23,3439.8779,3514.9249,-2.1351,-0.02158218288895174,3.02,302.0,-3.0,TuShare index_daily,FRED current rolling window
2024-07-24,3418.1663,3439.8779,-0.6312,-0.006331738875771058,3.1,310.0,8.0,TuShare index_daily,FRED current rolling window
2024-07-25,3399.2716,3418.1663,-0.5528,-0.005543064317216502,3.08,308.0,-2.0,TuShare index_daily,FRED current rolling window
2024-07-26,3409.2931,3399.2716,0.2948,0.0029437943762596146,3.1,310.0,2.0,TuShare index_daily,FRED current rolling window
2024-07-29,3390.742,3409.2931,-0.5441,-0.00545619125471861,3.13,313.0,3.0,TuShare index_daily,FRED current rolling window
2024-07-30,3369.3821,3390.742,-0.6299,-0.006319402060574553,3.2,320.0,7.0,TuShare index_daily,FRED current rolling window
2024-07-31,3442.0844,3369.3821,2.1577,0.02134784367895829,3.25,325.0,5.0,TuShare index_daily,FRED current rolling window
2024-08-01,3419.2666,3442.0844,-0.6629,-0.006651134482692493,3.35,335.0,10.0,TuShare index_daily,FRED current rolling window
2024-08-02,3384.3919,3419.2666,-1.0199,-0.010251838902348195,3.72,372.0,37.0,TuShare index_daily,FRED current rolling window
2024-08-05,3343.3205,3384.3919,-1.2136,-0.012209769917402505,3.93,393.0,21.0,TuShare index_daily,FRED current rolling window
2024-08-06,3342.9789,3343.3205,-0.0102,-0.00010217909185965092,3.67,367.0,-26.0,TuShare index_daily,FRED current rolling window
2024-08-07,3341.489,3342.9789,-0.0446,-0.0004457796931518292,3.57,357.0,-10.0,TuShare index_daily,FRED current rolling window
2024-08-08,3342.9369,3341.489,0.0433,0.00043321596927112054,3.48,348.0,-9.0,TuShare index_daily,FRED current rolling window
2024-08-09,3331.6274,3342.9369,-0.3383,-0.003388838676227704,3.49,349.0,1.0,TuShare index_daily,FRED current rolling window
2024-08-12,3325.8645,3331.6274,-0.173,-0.0017312530081779588,3.52,352.0,3.0,TuShare index_daily,FRED current rolling window
2024-08-13,3334.3903,3325.8645,0.2563,0.002560203749851808,3.54,354.0,2.0,TuShare index_daily,FRED current rolling window
2024-08-14,3309.2389,3334.3903,-0.7543,-0.007571620691752355,3.46,346.0,-8.0,TuShare index_daily,FRED current rolling window
2024-08-15,3341.953,3309.2389,0.9886,0.009837143267467686,3.31,331.0,-15.0,TuShare index_daily,FRED current rolling window
2024-08-16,3345.634,3341.953,0.1101,0.0011008456029771622,3.29,329.0,-2.0,TuShare index_daily,FRED current rolling window
2024-08-19,3356.9677,3345.634,0.3388,0.0033818840233607026,3.21,321.0,-8.0,TuShare index_daily,FRED current rolling window
2024-08-20,3332.7034,3356.9677,-0.7228,-0.007254289798614261,3.25,325.0,4.0,TuShare index_daily,FRED current rolling window
2024-08-21,3321.635,3332.7034,-0.3321,-0.0033266748825438617,3.27,327.0,2.0,TuShare index_daily,FRED current rolling window
2024-08-22,3313.1357,3321.635,-0.2559,-0.0025620492503788703,3.21,321.0,-6.0,TuShare index_daily,FRED current rolling window
2024-08-23,3327.1905,3313.1357,0.4242,0.004233171854778825,3.19,319.0,-2.0,TuShare index_daily,FRED current rolling window
2024-08-26,3324.2231,3327.1905,-0.0892,-0.0008922615177230389,3.15,315.0,-4.0,TuShare index_daily,FRED current rolling window
2024-08-27,3305.3338,3324.2231,-0.5682,-0.005698525980312443,3.17,317.0,2.0,TuShare index_daily,FRED current rolling window
2024-08-28,3286.4956,3305.3338,-0.5699,-0.0057156367804732594,3.19,319.0,2.0,TuShare index_daily,FRED current rolling window
2024-08-29,3277.6812,3286.4956,-0.2682,-0.002685608741622298,3.15,315.0,-4.0,TuShare index_daily,FRED current rolling window
2024-08-30,3321.4323,3277.6812,1.3348,0.013259884389376055,3.13,313.0,-2.0,TuShare index_daily,FRED current rolling window
2024-09-02,3265.011,3321.4323,-1.6987,-0.017132973769498065,3.17,317.0,0.0,TuShare index_daily,FRED current rolling window
2024-09-03,3273.4282,3265.011,0.2578,0.0025746831597963783,3.31,331.0,14.0,TuShare index_daily,FRED current rolling window
2024-09-04,3252.1649,3273.4282,-0.6496,-0.006516917291298055,3.35,335.0,4.0,TuShare index_daily,FRED current rolling window
2024-09-05,3257.7578,3252.1649,0.172,0.001718269673482513,3.29,329.0,-6.0,TuShare index_daily,FRED current rolling window
2024-09-06,3231.3457,3257.7578,-0.8107,-0.008140491473246482,3.39,339.0,10.0,TuShare index_daily,FRED current rolling window
2024-09-09,3192.9516,3231.3457,-1.1882,-0.01195292039801617,3.36,336.0,-3.0,TuShare index_daily,FRED current rolling window
2024-09-10,3195.7552,3192.9516,0.0878,0.000877673766456223,3.46,346.0,10.0,TuShare index_daily,FRED current rolling window
2024-09-11,3186.1299,3195.7552,-0.3012,-0.003016446440987152,3.44,344.0,-2.0,TuShare index_daily,FRED current rolling window
2024-09-12,3172.4747,3186.1299,-0.4286,-0.004295036993443384,3.39,339.0,-5.0,TuShare index_daily,FRED current rolling window
2024-09-13,3159.247,3172.4747,-0.417,-0.004178237727577415,3.37,337.0,-2.0,TuShare index_daily,FRED current rolling window
2024-09-18,3171.0102,3159.247,0.3723,0.003716504138199999,3.21,321.0,-4.0,TuShare index_daily,FRED current rolling window
2024-09-19,3196.0357,3171.0102,0.7892,0.007860985852472009,3.1,310.0,-11.0,TuShare index_daily,FRED current rolling window
2024-09-20,3201.0497,3196.0357,0.1569,0.0015675892107855256,3.15,315.0,5.0,TuShare index_daily,FRED current rolling window
2024-09-23,3212.7639,3201.0497,0.3659,0.0036528074421164,3.15,315.0,0.0,TuShare index_daily,FRED current rolling window
2024-09-24,3351.909,3212.7639,4.331,0.04239843957265368,3.21,321.0,6.0,TuShare index_daily,FRED current rolling window
2024-09-25,3401.533,3351.909,1.4805,0.014696178078189136,3.19,319.0,-2.0,TuShare index_daily,FRED current rolling window
2024-09-26,3545.3204,3401.533,4.2271,0.04140232435989194,3.14,314.0,-5.0,TuShare index_daily,FRED current rolling window
2024-09-27,3703.6849,3545.3204,4.4669,0.04369970625282989,3.14,314.0,0.0,TuShare index_daily,FRED current rolling window
2024-09-30,4017.8545,3703.6849,8.4826,0.08141981072040237,3.03,303.0,-11.0,TuShare index_daily,FRED current rolling window
2024-10-08,4256.0962,4017.8545,5.9296,0.0576043014760725,2.99,299.0,4.0,TuShare index_daily,FRED current rolling window
2024-10-09,3955.9839,4256.0962,-7.0514,-0.0731230111826069,2.94,294.0,-5.0,TuShare index_daily,FRED current rolling window
2024-10-10,3997.7879,3955.9839,1.0567,0.010511839160420986,2.99,299.0,5.0,TuShare index_daily,FRED current rolling window
2024-10-11,3887.167,3997.7879,-2.7671,-0.028060568472753827,2.98,298.0,-1.0,TuShare index_daily,FRED current rolling window
2024-10-14,3961.3424,3887.167,1.9082,0.01890234304887516,2.97,297.0,-1.0,TuShare index_daily,FRED current rolling window
2024-10-15,3855.9949,3961.3424,-2.6594,-0.026953903587968227,2.93,293.0,-4.0,TuShare index_daily,FRED current rolling window
2024-10-16,3831.589,3855.9949,-0.6329,-0.006349454474184984,2.9,290.0,-3.0,TuShare index_daily,FRED current rolling window
2024-10-17,3788.2217,3831.589,-1.1318,-0.011382899120795377,2.89,289.0,-1.0,TuShare index_daily,FRED current rolling window
2024-10-18,3925.234,3788.2217,3.6168,0.035529266753357894,2.88,288.0,-1.0,TuShare index_daily,FRED current rolling window
2024-10-21,3935.1974,3925.234,0.2538,0.002535078503685626,2.88,288.0,0.0,TuShare index_daily,FRED current rolling window
2024-10-22,3957.7755,3935.1974,0.5737,0.005721079210379723,2.92,292.0,4.0,TuShare index_daily,FRED current rolling window
2024-10-23,3973.2089,3957.7755,0.39,0.0038919303588495634,2.95,295.0,3.0,TuShare index_daily,FRED current rolling window
2024-10-24,3928.8334,3973.2089,-1.1169,-0.011231518334287871,2.93,293.0,-2.0,TuShare index_daily,FRED current rolling window
2024-10-25,3956.421,3928.8334,0.7022,0.006997291694767125,2.89,289.0,-4.0,TuShare index_daily,FRED current rolling window
2024-10-28,3964.1569,3956.421,0.1955,0.001953368190416609,2.82,282.0,-7.0,TuShare index_daily,FRED current rolling window
2024-10-29,3924.649,3964.1569,-0.9966,-0.010016276431536042,2.85,285.0,3.0,TuShare index_daily,FRED current rolling window
2024-10-30,3889.4487,3924.649,-0.8969,-0.009009495262216016,2.8,280.0,-5.0,TuShare index_daily,FRED current rolling window
2024-10-31,3891.0396,3889.4487,0.0409,0.00040894606118007065,2.88,288.0,8.0,TuShare index_daily,FRED current rolling window
2024-11-01,3890.0203,3891.0396,-0.0262,-0.0002619951571971654,2.83,283.0,-5.0,TuShare index_daily,FRED current rolling window
2024-11-04,3944.7619,3890.0203,1.4072,0.013974221471078057,2.87,287.0,4.0,TuShare index_daily,FRED current rolling window
2024-11-05,4044.5725,3944.7619,2.5302,0.024987261296340286,2.86,286.0,-1.0,TuShare index_daily,FRED current rolling window
2024-11-06,4024.2831,4044.5725,-0.5016,-0.0050290756876604685,2.74,274.0,-12.0,TuShare index_daily,FRED current rolling window
2024-11-07,4145.6952,4024.2831,3.017,0.02972371146306609,2.73,273.0,-1.0,TuShare index_daily,FRED current rolling window
2024-11-08,4104.047,4145.6952,-1.0046,-0.010096934623952768,2.63,263.0,-10.0,TuShare index_daily,FRED current rolling window
2024-11-11,4131.1312,4104.047,0.6599,0.006577707730125924,2.63,263.0,0.0,TuShare index_daily,FRED current rolling window
2024-11-12,4085.743,4131.1312,-1.0987,-0.011047671056907763,2.61,261.0,-2.0,TuShare index_daily,FRED current rolling window
2024-11-13,4110.8901,4085.743,0.6155,0.006135977685628404,2.64,264.0,3.0,TuShare index_daily,FRED current rolling window
2024-11-14,4039.6191,4110.8901,-1.7337,-0.017489169053457043,2.6,260.0,-4.0,TuShare index_daily,FRED current rolling window
2024-11-15,3968.8308,4039.6191,-1.7524,-0.01767886284325673,2.72,272.0,12.0,TuShare index_daily,FRED current rolling window
2024-11-18,3950.3806,3968.8308,-0.4649,-0.004659613805119821,2.72,272.0,0.0,TuShare index_daily,FRED current rolling window
2024-11-19,3976.8912,3950.3806,0.6711,0.00668847984521444,2.69,269.0,-3.0,TuShare index_daily,FRED current rolling window
2024-11-20,3985.7727,3976.8912,0.2233,0.0022307870317534334,2.67,267.0,-2.0,TuShare index_daily,FRED current rolling window
2024-11-21,3989.2979,3985.7727,0.0884,0.0008840549272616244,2.61,261.0,-6.0,TuShare index_daily,FRED current rolling window
2024-11-22,3865.6989,3989.2979,-3.0983,-0.031472756870787426,2.61,261.0,0.0,TuShare index_daily,FRED current rolling window
2024-11-25,3848.0909,3865.6989,-0.4555,-0.004565338449490279,2.64,264.0,3.0,TuShare index_daily,FRED current rolling window
2024-11-26,3840.1847,3848.0909,-0.2055,-0.002056690784321142,2.68,268.0,4.0,TuShare index_daily,FRED current rolling window
2024-11-27,3907.0447,3840.1847,1.7411,0.017260792609562207,2.69,269.0,1.0,TuShare index_daily,FRED current rolling window
2024-11-28,3872.5505,3907.0447,-0.8829,-0.008867923115554377,2.69,269.0,0.0,TuShare index_daily,FRED current rolling window
2024-11-29,3916.5832,3872.5505,1.137,0.01130630716142679,2.72,272.0,3.0,TuShare index_daily,FRED current rolling window
2024-12-02,3947.632,3916.5832,0.7928,0.007896264417277947,2.68,268.0,-6.0,TuShare index_daily,FRED current rolling window
2024-12-03,3951.8912,3947.632,0.1079,0.0010783436683179219,2.66,266.0,-2.0,TuShare index_daily,FRED current rolling window
2024-12-04,3930.5568,3951.8912,-0.5399,-0.005413153907375518,2.66,266.0,0.0,TuShare index_daily,FRED current rolling window
2024-12-05,3921.5881,3930.5568,-0.2282,-0.002284395923523181,2.66,266.0,0.0,TuShare index_daily,FRED current rolling window
2024-12-06,3973.1405,3921.5881,1.3146,0.01306014060080671,2.67,267.0,1.0,TuShare index_daily,FRED current rolling window
2024-12-09,3966.5708,3973.1405,-0.1654,-0.001654896822094964,2.67,267.0,0.0,TuShare index_daily,FRED current rolling window
2024-12-10,3995.6369,3966.5708,0.7328,0.007301047701793668,2.67,267.0,0.0,TuShare index_daily,FRED current rolling window
2024-12-11,3988.8308,3995.6369,-0.1703,-0.0017048354140059756,2.64,264.0,-3.0,TuShare index_daily,FRED current rolling window
2024-12-12,4028.5048,3988.8308,0.9946,0.00989713436700924,2.66,266.0,2.0,TuShare index_daily,FRED current rolling window
2024-12-13,3933.1808,4028.5048,-2.3662,-0.023946827354349536,2.68,268.0,2.0,TuShare index_daily,FRED current rolling window
2024-12-16,3911.8416,3933.1808,-0.5425,-0.005440201835291532,2.69,269.0,1.0,TuShare index_daily,FRED current rolling window
2024-12-17,3922.0334,3911.8416,0.2605,0.002601983245875659,2.75,275.0,6.0,TuShare index_daily,FRED current rolling window
2024-12-18,3941.89,3922.0334,0.5063,0.00505005992311564,2.73,273.0,-2.0,TuShare index_daily,FRED current rolling window
2024-12-19,3945.4635,3941.89,0.0907,0.0009061341664248782,2.91,291.0,18.0,TuShare index_daily,FRED current rolling window
2024-12-20,3927.7441,3945.4635,-0.4491,-0.0045011971784890865,2.86,286.0,-5.0,TuShare index_daily,FRED current rolling window
2024-12-23,3933.5718,3927.7441,0.1484,0.001482627372226493,2.85,285.0,-1.0,TuShare index_daily,FRED current rolling window
2024-12-24,3983.6882,3933.5718,1.2741,0.012660205523026491,2.86,286.0,1.0,TuShare index_daily,FRED current rolling window
2024-12-26,3987.4801,3985.6291,0.0464,0.00046431071914930863,2.86,286.0,0.0,TuShare index_daily,FRED current rolling window
2024-12-27,3981.0307,3987.4801,-0.1617,-0.0016187218842093583,2.84,284.0,-2.0,TuShare index_daily,FRED current rolling window
2024-12-30,3999.0549,3981.0307,0.4528,0.004517302583865979,2.94,294.0,10.0,TuShare index_daily,FRED current rolling window
2024-12-31,3934.9109,3999.0549,-1.604,-0.01616981953744762,2.92,292.0,-2.0,TuShare index_daily,FRED current rolling window
2025-01-02,3820.3952,3934.9109,-2.9102,-0.02953436590039252,2.88,288.0,-4.0,TuShare index_daily,FRED current rolling window
2025-01-03,3775.1648,3820.3952,-1.1839,-0.011909835387467288,2.81,281.0,-7.0,TuShare index_daily,FRED current rolling window
2025-01-06,3768.9697,3775.1648,-0.1641,-0.001642362392274843,2.76,276.0,-5.0,TuShare index_daily,FRED current rolling window
2025-01-07,3796.1055,3768.9697,0.72,0.00717399778957275,2.79,279.0,3.0,TuShare index_daily,FRED current rolling window
2025-01-08,3789.2153,3796.1055,-0.1815,-0.0018167199718371108,2.84,284.0,5.0,TuShare index_daily,FRED current rolling window
2025-01-09,3779.8773,3789.2153,-0.2464,-0.002467404015520258,2.82,282.0,-2.0,TuShare index_daily,FRED current rolling window
2025-01-10,3732.4806,3779.8773,-1.2539,-0.012618495958235146,2.81,281.0,-1.0,TuShare index_daily,FRED current rolling window
2025-01-13,3722.513,3732.4806,-0.2671,-0.002674074982328549,2.85,285.0,4.0,TuShare index_daily,FRED current rolling window
2025-01-14,3820.5395,3722.513,2.6333,0.025992665166281924,2.8,280.0,-5.0,TuShare index_daily,FRED current rolling window
2025-01-15,3796.026,3820.5395,-0.6416,-0.00643691297361315,2.72,272.0,-8.0,TuShare index_daily,FRED current rolling window
2025-01-16,3800.3836,3796.026,0.1148,0.001147278966625117,2.73,273.0,1.0,TuShare index_daily,FRED current rolling window
2025-01-17,3812.3429,3800.3836,0.3147,0.0031419255212209417,2.64,264.0,-9.0,TuShare index_daily,FRED current rolling window
2025-01-20,3829.6764,3812.3429,0.4547,0.004536374234242288,2.64,264.0,0.0,TuShare index_daily,FRED current rolling window
2025-01-21,3832.6145,3829.6764,0.0767,0.0007668986161828065,2.61,261.0,-3.0,TuShare index_daily,FRED current rolling window
2025-01-22,3797.0166,3832.6145,-0.9288,-0.009331554264925018,2.59,259.0,-2.0,TuShare index_daily,FRED current rolling window
2025-01-23,3803.7439,3797.0166,0.1772,0.0017701654345399053,2.61,261.0,2.0,TuShare index_daily,FRED current rolling window
2025-01-24,3832.8637,3803.7439,0.7656,0.007626407605101042,2.6,260.0,-1.0,TuShare index_daily,FRED current rolling window
2025-01-27,3817.0802,3832.8637,-0.4118,-0.004126441344529745,2.66,266.0,6.0,TuShare index_daily,FRED current rolling window
2025-02-05,3795.0848,3817.0802,-0.5762,-0.005779029018766741,2.69,269.0,-2.0,TuShare index_daily,FRED current rolling window
2025-02-06,3842.8314,3795.0848,1.2581,0.012502682856300004,2.66,266.0,-3.0,TuShare index_daily,FRED current rolling window
2025-02-07,3892.7028,3842.8314,1.2978,0.012894284916242608,2.67,267.0,1.0,TuShare index_daily,FRED current rolling window
2025-02-10,3901.0618,3892.7028,0.2147,0.0021450489292795475,2.66,266.0,-1.0,TuShare index_daily,FRED current rolling window
2025-02-11,3883.1352,3901.0618,-0.4595,-0.004605903908072592,2.66,266.0,0.0,TuShare index_daily,FRED current rolling window
2025-02-12,3919.8617,3883.1352,0.9458,0.009413503985017354,2.65,265.0,-1.0,TuShare index_daily,FRED current rolling window
2025-02-13,3905.1398,3919.8617,-0.3756,-0.0037627896608334837,2.65,265.0,0.0,TuShare index_daily,FRED current rolling window
2025-02-14,3939.0085,3905.1398,0.8673,0.008635458987621738,2.62,262.0,-3.0,TuShare index_daily,FRED current rolling window
2025-02-17,3947.3983,3939.0085,0.213,0.002127661780017049,2.62,262.0,0.0,TuShare index_daily,FRED current rolling window
2025-02-18,3912.7829,3947.3983,-0.8769,-0.008807843713023247,2.62,262.0,0.0,TuShare index_daily,FRED current rolling window
2025-02-19,3940.1602,3912.7829,0.6997,0.006972522420195474,2.68,268.0,6.0,TuShare index_daily,FRED current rolling window
2025-02-20,3928.8959,3940.1602,-0.2859,-0.0028629374478347314,2.66,266.0,-2.0,TuShare index_daily,FRED current rolling window
2025-02-21,3978.444,3928.8959,1.2611,0.012532343145841354,2.78,278.0,12.0,TuShare index_daily,FRED current rolling window
2025-02-24,3969.7169,3978.444,-0.2194,-0.0021960057469798933,2.78,278.0,0.0,TuShare index_daily,FRED current rolling window
2025-02-25,3925.6505,3969.7169,-1.1101,-0.011162712346417768,2.84,284.0,6.0,TuShare index_daily,FRED current rolling window
2025-02-26,3959.9413,3925.6505,0.8735,0.008697131937863404,2.81,281.0,-3.0,TuShare index_daily,FRED current rolling window
2025-02-27,3968.1159,3959.9413,0.2064,0.002062195741215508,2.81,281.0,0.0,TuShare index_daily,FRED current rolling window
2025-02-28,3890.0487,3968.1159,-1.9674,-0.01986972083322121,2.87,287.0,6.0,TuShare index_daily,FRED current rolling window
2025-03-03,3888.4738,3890.0487,-0.0405,-0.0004049355186720422,2.94,294.0,7.0,TuShare index_daily,FRED current rolling window
2025-03-04,3885.2208,3888.4738,-0.0837,-0.0008369251320675289,2.99,299.0,5.0,TuShare index_daily,FRED current rolling window
2025-03-05,3902.5706,3885.2208,0.4466,0.004455648029683655,2.88,288.0,-11.0,TuShare index_daily,FRED current rolling window
2025-03-06,3956.2369,3902.5706,1.3752,0.013657831477298408,2.99,299.0,11.0,TuShare index_daily,FRED current rolling window
2025-03-07,3944.0143,3956.2369,-0.3089,-0.003094233193972485,2.97,297.0,-2.0,TuShare index_daily,FRED current rolling window
2025-03-10,3928.8018,3944.0143,-0.3857,-0.0038645685965101716,3.16,316.0,19.0,TuShare index_daily,FRED current rolling window
2025-03-11,3941.4157,3928.8018,0.3211,0.0032054795946247984,3.22,322.0,6.0,TuShare index_daily,FRED current rolling window
2025-03-12,3927.2315,3941.4157,-0.3599,-0.0036052487811718,3.2,320.0,-2.0,TuShare index_daily,FRED current rolling window
2025-03-13,3911.5793,3927.2315,-0.3986,-0.003993519221569567,3.4,340.0,20.0,TuShare index_daily,FRED current rolling window
2025-03-14,4006.5567,3911.5793,2.4281,0.023990988649006423,3.25,325.0,-15.0,TuShare index_daily,FRED current rolling window
2025-03-17,3996.7876,4006.5567,-0.2438,-0.0024412556765214454,3.18,318.0,-7.0,TuShare index_daily,FRED current rolling window
2025-03-18,4007.7229,3996.7876,0.2736,0.002732286203639958,3.23,323.0,5.0,TuShare index_daily,FRED current rolling window
2025-03-19,4010.168,4007.7229,0.061,0.0006099110367779948,3.19,319.0,-4.0,TuShare index_daily,FRED current rolling window
2025-03-20,3974.9918,4010.168,-0.8772,-0.008810450491655575,3.17,317.0,-2.0,TuShare index_daily,FRED current rolling window
2025-03-21,3914.6956,3974.9918,-1.5169,-0.015285111026174561,3.21,321.0,4.0,TuShare index_daily,FRED current rolling window
2025-03-24,3934.8486,3914.6956,0.5148,0.005134831721901653,3.05,305.0,-16.0,TuShare index_daily,FRED current rolling window
2025-03-25,3932.2951,3934.8486,-0.0649,-0.0006491555733679615,3.09,309.0,4.0,TuShare index_daily,FRED current rolling window
2025-03-26,3919.3566,3932.2951,-0.329,-0.0032957426553727287,3.19,319.0,10.0,TuShare index_daily,FRED current rolling window
2025-03-27,3932.4117,3919.3566,0.3331,0.0033253941104043395,3.27,327.0,8.0,TuShare index_daily,FRED current rolling window
2025-03-28,3915.1662,3932.4117,-0.4385,-0.004395121139495452,3.47,347.0,20.0,TuShare index_daily,FRED current rolling window
2025-03-31,3887.3056,3915.1662,-0.7116,-0.007141510824859772,3.55,355.0,8.0,TuShare index_daily,FRED current rolling window
2025-04-01,3887.6841,3887.3056,0.0097,9.736347311147538e-05,3.5,350.0,-5.0,TuShare index_daily,FRED current rolling window
2025-04-02,3884.3858,3887.6841,-0.0848,-0.000848757214086465,3.42,342.0,-8.0,TuShare index_daily,FRED current rolling window
2025-04-03,3861.5034,3884.3858,-0.5891,-0.005908286569494701,4.01,401.0,59.0,TuShare index_daily,FRED current rolling window
2025-04-07,3589.4406,3861.5034,-7.0455,-0.07306022088195,4.61,461.00000000000006,16.000000000000057,TuShare index_daily,FRED current rolling window
2025-04-08,3650.759,3589.4406,1.7083,0.016938722550570866,4.57,457.0,-4.000000000000057,TuShare index_daily,FRED current rolling window
2025-04-09,3686.7943,3650.759,0.9871,0.009822235897704312,4.37,437.0,-20.0,TuShare index_daily,FRED current rolling window
2025-04-10,3735.1151,3686.7943,1.3106,0.013021307629714781,4.42,442.0,5.0,TuShare index_daily,FRED current rolling window
2025-04-11,3750.5167,3735.1151,0.4123,0.00411498244758409,4.26,426.0,-16.0,TuShare index_daily,FRED current rolling window
2025-04-14,3759.1422,3750.5167,0.23,0.002297175919155268,4.14,413.99999999999994,-12.000000000000057,TuShare index_daily,FRED current rolling window
2025-04-15,3761.2348,3759.1422,0.0557,0.0005565146678174699,4.09,409.0,-4.999999999999943,TuShare index_daily,FRED current rolling window
2025-04-16,3772.8204,3761.2348,0.308,0.0030755307267302905,4.16,416.0,7.0,TuShare index_daily,FRED current rolling window
2025-04-17,3772.2221,3772.8204,-0.0159,-0.0001585942030821602,4.02,401.99999999999994,-14.000000000000057,TuShare index_daily,FRED current rolling window
2025-04-21,3784.8806,3772.523,0.3276,0.003270332423105079,4.16,416.0,14.000000000000057,TuShare index_daily,FRED current rolling window
2025-04-22,3783.9522,3784.8806,-0.0245,-0.000245321842664046,3.99,399.0,-17.0,TuShare index_daily,FRED current rolling window
2025-04-23,3786.8824,3783.9522,0.0774,0.0007740758585090369,3.75,375.0,-24.0,TuShare index_daily,FRED current rolling window
2025-04-24,3784.3574,3786.8824,-0.0667,-0.0006669977864422178,3.73,373.0,-2.0,TuShare index_daily,FRED current rolling window
2025-04-25,3786.9937,3784.3574,0.0697,0.0006963882857158247,3.67,367.0,-6.0,TuShare index_daily,FRED current rolling window
2025-04-28,3781.6188,3786.9937,-0.1419,-0.0014203134071299587,3.73,373.0,6.0,TuShare index_daily,FRED current rolling window
2025-04-29,3775.0767,3781.6188,-0.173,-0.0017314715498146472,3.74,374.0,1.0,TuShare index_daily,FRED current rolling window
2025-04-30,3770.5705,3775.0767,-0.1194,-0.0011943841041746196,3.94,394.0,20.0,TuShare index_daily,FRED current rolling window
2025-05-06,3808.5424,3770.5705,1.0071,0.010020227489523251,3.66,366.0,6.0,TuShare index_daily,FRED current rolling window
2025-05-07,3831.627,3808.5424,0.6061,0.006042973405624675,3.67,367.0,1.0,TuShare index_daily,FRED current rolling window
2025-05-08,3852.8963,3831.627,0.5551,0.005535634022564487,3.51,351.0,-16.0,TuShare index_daily,FRED current rolling window
2025-05-09,3846.1566,3852.8963,-0.1749,-0.00175078722256223,3.53,353.0,2.0,TuShare index_daily,FRED current rolling window
2025-05-12,3890.6096,3846.1566,1.1558,0.011491490897917114,3.15,315.0,-38.0,TuShare index_daily,FRED current rolling window
2025-05-13,3896.2583,3890.6096,0.1452,0.0014508274863194843,3.09,309.0,-6.0,TuShare index_daily,FRED current rolling window
2025-05-14,3943.2108,3896.2583,1.2051,0.0119786329469608,3.1,310.0,1.0,TuShare index_daily,FRED current rolling window
2025-05-15,3907.1992,3943.2108,-0.9133,-0.009174515113527595,3.2,320.0,10.0,TuShare index_daily,FRED current rolling window
2025-05-16,3889.0854,3907.1992,-0.4636,-0.004646785878926658,3.16,316.0,-4.0,TuShare index_daily,FRED current rolling window
2025-05-19,3877.1453,3889.0854,-0.307,-0.0030748788875620053,3.21,321.0,5.0,TuShare index_daily,FRED current rolling window
2025-05-20,3898.1705,3877.1453,0.5423,0.005408205090934483,3.2,320.0,-1.0,TuShare index_daily,FRED current rolling window
2025-05-21,3916.3807,3898.1705,0.4671,0.0046605959820707294,3.25,325.0,5.0,TuShare index_daily,FRED current rolling window
2025-05-22,3913.8651,3916.3807,-0.0642,-0.0006425341300390055,3.32,332.0,7.0,TuShare index_daily,FRED current rolling window
2025-05-23,3882.2741,3913.8651,-0.8072,-0.00810431217224979,3.4,340.0,8.0,TuShare index_daily,FRED current rolling window
2025-05-26,3860.1067,3882.2741,-0.571,-0.005726264606510733,3.4,340.0,0.0,TuShare index_daily,FRED current rolling window
2025-05-27,3839.3969,3860.1067,-0.5365,-0.005379528608558668,3.24,324.0,-16.0,TuShare index_daily,FRED current rolling window
2025-05-28,3836.2366,3839.3969,-0.0823,-0.0008234630219332806,3.23,323.0,-1.0,TuShare index_daily,FRED current rolling window
2025-05-29,3858.6998,3836.2366,0.5856,0.005838453404127622,3.22,322.0,-1.0,TuShare index_daily,FRED current rolling window
2025-05-30,3840.2323,3858.6998,-0.4786,-0.004797427793809138,3.31,331.0,9.0,TuShare index_daily,FRED current rolling window
2025-06-03,3852.0127,3840.2323,0.3068,0.003062931357455309,3.19,319.0,-8.0,TuShare index_daily,FRED current rolling window
2025-06-04,3868.7429,3852.0127,0.4343,0.004333831311970103,3.23,323.0,4.0,TuShare index_daily,FRED current rolling window
2025-06-05,3877.5557,3868.7429,0.2278,0.002275358660244949,3.18,318.0,-5.0,TuShare index_daily,FRED current rolling window
2025-06-06,3873.9841,3877.5557,-0.0921,-0.0009215201998316871,3.09,309.0,-9.0,TuShare index_daily,FRED current rolling window
2025-06-09,3885.2459,3873.9841,0.2907,0.0029028158484742258,3.12,312.0,3.0,TuShare index_daily,FRED current rolling window
2025-06-10,3865.4652,3885.2459,-0.5091,-0.005104239518348043,3.12,312.0,0.0,TuShare index_daily,FRED current rolling window
2025-06-11,3894.6252,3865.4652,0.7544,0.00751541174048836,3.12,312.0,0.0,TuShare index_daily,FRED current rolling window
2025-06-12,3892.1992,3894.6252,-0.0623,-0.0006231038363964183,3.17,317.0,5.0,TuShare index_daily,FRED current rolling window
2025-06-13,3864.1822,3892.1992,-0.7198,-0.007224276477919164,3.18,318.0,1.0,TuShare index_daily,FRED current rolling window
2025-06-16,3873.7951,3864.1822,0.2488,0.002484604069655626,3.1,310.0,-8.0,TuShare index_daily,FRED current rolling window
2025-06-17,3870.3786,3873.7951,-0.0882,-0.0008823408032937927,3.17,317.0,7.0,TuShare index_daily,FRED current rolling window
2025-06-18,3874.9708,3870.3786,0.1186,0.0011857955789820504,3.16,316.0,-1.0,TuShare index_daily,FRED current rolling window
2025-06-19,3843.0912,3874.9708,-0.8227,-0.008261084532130274,3.16,316.0,0.0,TuShare index_daily,FRED current rolling window
2025-06-20,3846.6443,3843.0912,0.0925,0.0009241150759630508,3.13,313.0,-3.0,TuShare index_daily,FRED current rolling window
2025-06-23,3857.9016,3846.6443,0.2927,0.0029222508781529557,3.12,312.0,-1.0,TuShare index_daily,FRED current rolling window
2025-06-24,3904.0342,3857.9016,1.1958,0.011887020043343742,3.06,306.0,-6.0,TuShare index_daily,FRED current rolling window
2025-06-25,3960.0662,3904.0342,1.4352,0.014250313539999039,3.04,304.0,-2.0,TuShare index_daily,FRED current rolling window
2025-06-26,3946.0195,3960.0662,-0.3547,-0.003553392997035483,3.04,304.0,0.0,TuShare index_daily,FRED current rolling window
2025-06-27,3921.7578,3946.0195,-0.6148,-0.006167377641092893,3.02,302.0,-2.0,TuShare index_daily,FRED current rolling window
2025-06-30,3936.0791,3921.7578,0.3652,0.0036451038725418333,2.96,296.0,-6.0,TuShare index_daily,FRED current rolling window
2025-07-01,3942.762,3936.0791,0.1698,0.0016964174090751496,2.91,291.0,-5.0,TuShare index_daily,FRED current rolling window
2025-07-02,3943.6849,3942.762,0.0234,0.00023404709774001539,2.88,288.0,-3.0,TuShare index_daily,FRED current rolling window
2025-07-03,3968.0676,3943.6849,0.6183,0.006163685528228147,2.8,280.0,-8.0,TuShare index_daily,FRED current rolling window
2025-07-04,3982.2034,3968.0676,0.3562,0.00355605862900712,2.8,280.0,0.0,TuShare index_daily,FRED current rolling window
2025-07-07,3965.1746,3982.2034,-0.4276,-0.004285394770601262,2.86,286.0,6.0,TuShare index_daily,FRED current rolling window
2025-07-08,3998.4527,3965.1746,0.8393,0.008357571857561771,2.92,292.0,6.0,TuShare index_daily,FRED current rolling window
2025-07-09,3991.4006,3998.4527,-0.1764,-0.0017652644088692639,2.94,294.0,2.0,TuShare index_daily,FRED current rolling window
2025-07-10,4010.0243,3991.4006,0.4666,0.004655104275559548,2.92,292.0,-2.0,TuShare index_daily,FRED current rolling window
2025-07-11,4014.807,4010.0243,0.1193,0.0011919753543662215,2.97,297.0,5.0,TuShare index_daily,FRED current rolling window
2025-07-14,4017.6678,4014.807,0.0713,0.0007123085206467977,2.95,295.0,-2.0,TuShare index_daily,FRED current rolling window
2025-07-15,4019.0644,4017.6678,0.0348,0.0003475541997177205,2.95,295.0,0.0,TuShare index_daily,FRED current rolling window
2025-07-16,4007.2019,4019.0644,-0.2952,-0.002955922017528145,3.0,300.0,5.0,TuShare index_daily,FRED current rolling window
2025-07-17,4034.491,4007.2019,0.681,0.006786930336544563,2.91,291.0,-9.0,TuShare index_daily,FRED current rolling window
2025-07-18,4058.5486,4034.491,0.5963,0.0059452744707187335,2.93,293.0,2.0,TuShare index_daily,FRED current rolling window
2025-07-21,4085.6072,4058.5486,0.6667,0.006644936621844214,2.89,289.0,-4.0,TuShare index_daily,FRED current rolling window
2025-07-22,4118.9582,4085.6072,0.8163,0.008129908671452656,2.9,290.0,1.0,TuShare index_daily,FRED current rolling window
2025-07-23,4119.7685,4118.9582,0.0197,0.0001967051541138663,2.83,283.0,-7.0,TuShare index_daily,FRED current rolling window
2025-07-24,4149.0368,4119.7685,0.7104,0.007079238456162641,2.82,282.0,-1.0,TuShare index_daily,FRED current rolling window
2025-07-25,4127.1634,4149.0368,-0.5272,-0.005285868007222081,2.84,284.0,2.0,TuShare index_daily,FRED current rolling window
2025-07-28,4135.8242,4127.1634,0.2098,0.002096288555873746,2.82,282.0,-2.0,TuShare index_daily,FRED current rolling window
2025-07-29,4152.0247,4135.8242,0.3917,0.003909463318980385,2.86,286.0,4.0,TuShare index_daily,FRED current rolling window
2025-07-30,4151.2379,4152.0247,-0.0189,-0.00018951586629451265,2.89,289.0,3.0,TuShare index_daily,FRED current rolling window
2025-07-31,4075.5912,4151.2379,-1.8223,-0.01839076299549046,2.86,286.0,-3.0,TuShare index_daily,FRED current rolling window
2025-08-01,4054.9286,4075.5912,-0.507,-0.005082736403513882,3.13,313.0,27.0,TuShare index_daily,FRED current rolling window
2025-08-04,4070.7023,4054.9286,0.389,0.003882460330244926,3.02,302.0,-11.0,TuShare index_daily,FRED current rolling window
2025-08-05,4103.45,4070.7023,0.8045,0.008012543441925745,2.98,298.0,-4.0,TuShare index_daily,FRED current rolling window
2025-08-06,4113.4852,4103.45,0.2446,0.002442566418018243,2.98,298.0,0.0,TuShare index_daily,FRED current rolling window
2025-08-07,4114.666,4113.4852,0.0287,0.00028701465964952667,2.95,295.0,-3.0,TuShare index_daily,FRED current rolling window
2025-08-08,4104.9669,4114.666,-0.2357,-0.002359984836212605,2.94,294.0,-1.0,TuShare index_daily,FRED current rolling window
2025-08-11,4122.5106,4104.9669,0.4274,0.004264667169128132,2.94,294.0,0.0,TuShare index_daily,FRED current rolling window
2025-08-12,4143.8252,4122.5106,0.517,0.0051569758967200535,2.93,293.0,-1.0,TuShare index_daily,FRED current rolling window
2025-08-13,4176.5776,4143.8252,0.7904,0.00787283259172163,2.9,290.0,-3.0,TuShare index_daily,FRED current rolling window
2025-08-14,4173.3131,4176.5776,-0.0782,-0.0007819264427803516,2.89,289.0,-1.0,TuShare index_daily,FRED current rolling window
2025-08-15,4202.3533,4173.3131,0.6959,0.0069344491490834215,2.88,288.0,-1.0,TuShare index_daily,FRED current rolling window
2025-08-18,4239.4125,4202.3533,0.8819,0.008780020424242996,2.88,288.0,0.0,TuShare index_daily,FRED current rolling window
2025-08-19,4223.3741,4239.4125,-0.3783,-0.003790339981286738,2.9,290.0,2.0,TuShare index_daily,FRED current rolling window
2025-08-20,4271.3958,4223.3741,1.137,0.01130630072977471,2.94,294.0,4.0,TuShare index_daily,FRED current rolling window
2025-08-21,4288.0707,4271.3958,0.3904,0.003896252434618806,2.95,295.0,1.0,TuShare index_daily,FRED current rolling window
2025-08-22,4377.9977,4288.0707,2.0971,0.020754562240778436,2.88,288.0,-7.0,TuShare index_daily,FRED current rolling window
2025-08-25,4469.2217,4377.9977,2.0837,0.020622803387883,2.8,280.0,-8.0,TuShare index_daily,FRED current rolling window
2025-08-26,4452.5905,4469.2217,-0.3721,-0.0037282154995151224,2.78,278.0,-2.0,TuShare index_daily,FRED current rolling window
2025-08-27,4386.1266,4452.5905,-1.4927,-0.01503954748665182,2.78,278.0,0.0,TuShare index_daily,FRED current rolling window
2025-08-28,4463.782,4386.1266,1.7705,0.017549874612882172,2.75,275.0,-3.0,TuShare index_daily,FRED current rolling window
2025-08-29,4496.7591,4463.782,0.7388,0.0073605485465789156,2.82,282.0,7.0,TuShare index_daily,FRED current rolling window
2025-09-01,4523.7111,4496.7591,0.5994,0.005975759490662033,2.84,284.0,0.0,TuShare index_daily,FRED current rolling window
2025-09-02,4490.4528,4523.7111,-0.7352,-0.007379153803648037,2.92,292.0,8.0,TuShare index_daily,FRED current rolling window
2025-09-03,4459.8296,4490.4528,-0.682,-0.006842983970613739,2.88,288.0,-4.0,TuShare index_daily,FRED current rolling window
2025-09-04,4365.2085,4459.8296,-2.1216,-0.0214446045502523,2.84,284.0,-4.0,TuShare index_daily,FRED current rolling window
2025-09-05,4460.3249,4365.2085,2.179,0.02155565643853706,2.83,283.0,-1.0,TuShare index_daily,FRED current rolling window
2025-09-08,4467.5733,4460.3249,0.1625,0.0016237643911757873,2.84,284.0,1.0,TuShare index_daily,FRED current rolling window
2025-09-09,4436.2584,4467.5733,-0.7009,-0.0070340568356272665,2.87,287.0,3.0,TuShare index_daily,FRED current rolling window
2025-09-10,4445.3649,4436.2584,0.2053,0.0020506393670538855,2.84,284.0,-3.0,TuShare index_daily,FRED current rolling window
2025-09-11,4548.0345,4445.3649,2.3096,0.022833203776542223,2.78,278.0,-6.0,TuShare index_daily,FRED current rolling window
2025-09-12,4521.998,4548.0345,-0.5725,-0.00574123003799257,2.79,279.0,1.0,TuShare index_daily,FRED current rolling window
2025-09-15,4533.0557,4521.998,0.2445,0.0024423279779261227,2.75,275.0,-4.0,TuShare index_daily,FRED current rolling window
2025-09-16,4523.3367,4533.0557,-0.2144,-0.0021463300841667505,2.79,279.0,4.0,TuShare index_daily,FRED current rolling window
2025-09-17,4551.023,4523.3367,0.6121,0.006102113388792819,2.79,279.0,0.0,TuShare index_daily,FRED current rolling window
2025-09-18,4498.109,4551.023,-1.1627,-0.011694956620105569,2.71,271.0,-8.0,TuShare index_daily,FRED current rolling window
2025-09-19,4501.9195,4498.109,0.0847,0.000846775146920046,2.72,272.0,1.0,TuShare index_daily,FRED current rolling window
2025-09-22,4522.608,4501.9195,0.4595,0.004584957216320352,2.69,269.0,-3.0,TuShare index_daily,FRED current rolling window
2025-09-23,4519.7781,4522.608,-0.0626,-0.0006259188805021417,2.71,271.0,2.0,TuShare index_daily,FRED current rolling window
2025-09-24,4566.0708,4519.7781,1.0242,0.010190154181971384,2.7,270.0,-1.0,TuShare index_daily,FRED current rolling window
2025-09-25,4593.4875,4566.0708,0.6004,0.0059864855884912554,2.76,276.0,6.0,TuShare index_daily,FRED current rolling window
2025-09-26,4550.0487,4593.4875,-0.9457,-0.009501603286869161,2.75,275.0,-1.0,TuShare index_daily,FRED current rolling window
2025-09-29,4620.0528,4550.0487,1.5385,0.01526819739748804,2.74,274.0,-1.0,TuShare index_daily,FRED current rolling window
2025-09-30,4640.6935,4620.0528,0.4468,0.004457682677076719,2.8,280.0,6.0,TuShare index_daily,FRED current rolling window
2025-10-09,4709.482,4640.6935,1.4823,0.014714106934793574,2.95,295.0,11.0,TuShare index_daily,FRED current rolling window
2025-10-10,4616.8341,4709.482,-1.9673,-0.01986871275602549,3.18,318.0,23.0,TuShare index_daily,FRED current rolling window
2025-10-13,4593.9785,4616.8341,-0.495,-0.00496278621707397,3.18,318.0,0.0,TuShare index_daily,FRED current rolling window
2025-10-14,4539.0644,4593.9785,-1.1953,-0.012025512717694411,3.11,311.0,-7.0,TuShare index_daily,FRED current rolling window
2025-10-15,4606.2879,4539.0644,1.481,0.01470139335196678,2.95,295.0,-16.0,TuShare index_daily,FRED current rolling window
2025-10-16,4618.4218,4606.2879,0.2634,0.0026307401300698563,3.04,304.0,9.0,TuShare index_daily,FRED current rolling window
2025-10-17,4514.2345,4618.4218,-2.2559,-0.02281741846639355,3.04,304.0,0.0,TuShare index_daily,FRED current rolling window
2025-10-20,4538.2201,4514.2345,0.5313,0.005299260187528013,2.99,299.0,-5.0,TuShare index_daily,FRED current rolling window
2025-10-21,4607.8715,4538.2201,1.5348,0.015231149996020378,2.97,297.0,-2.0,TuShare index_daily,FRED current rolling window
2025-10-22,4592.57,4607.8715,-0.3321,-0.0033262564862693283,3.01,301.0,4.0,TuShare index_daily,FRED current rolling window
2025-10-23,4606.3447,4592.57,0.2999,0.00299485553347343,2.96,296.0,-5.0,TuShare index_daily,FRED current rolling window
2025-10-24,4660.6835,4606.3447,1.1797,0.011727475434501661,2.88,288.0,-8.0,TuShare index_daily,FRED current rolling window
2025-10-27,4716.0186,4660.6835,1.1873,0.011802815485959269,2.8,280.0,-8.0,TuShare index_daily,FRED current rolling window
2025-10-28,4691.973,4716.0186,-0.5099,-0.005111750388734483,2.82,282.0,2.0,TuShare index_daily,FRED current rolling window
2025-10-29,4747.8378,4691.973,1.1906,0.01183613811261025,2.76,276.0,-6.0,TuShare index_daily,FRED current rolling window
2025-10-30,4709.911,4747.8378,-0.7988,-0.00802030252781325,2.85,285.0,9.0,TuShare index_daily,FRED current rolling window
2025-10-31,4640.6676,4709.911,-1.4702,-0.014810776684892252,2.94,294.0,9.0,TuShare index_daily,FRED current rolling window
2025-11-03,4653.4028,4640.6676,0.2744,0.002740501722578582,3.04,304.0,10.0,TuShare index_daily,FRED current rolling window
2025-11-04,4618.699,4653.4028,-0.7458,-0.00748567321661909,3.13,313.0,9.0,TuShare index_daily,FRED current rolling window
2025-11-05,4627.257,4618.699,0.1853,0.0018511882262794356,3.05,305.0,-8.0,TuShare index_daily,FRED current rolling window
2025-11-06,4693.4032,4627.257,1.4295,0.014193696383509896,3.13,313.0,8.0,TuShare index_daily,FRED current rolling window
2025-11-07,4678.7944,4693.4032,-0.3113,-0.003117478409014484,3.15,315.0,2.0,TuShare index_daily,FRED current rolling window
2025-11-10,4695.0507,4678.7944,0.3474,0.0034684414183575644,3.02,302.0,-13.0,TuShare index_daily,FRED current rolling window
2025-11-11,4652.1655,4695.0507,-0.9134,-0.009176101204058719,3.02,302.0,0.0,TuShare index_daily,FRED current rolling window
2025-11-12,4645.9079,4652.1655,-0.1345,-0.001345999472266731,3.02,302.0,0.0,TuShare index_daily,FRED current rolling window
2025-11-13,4702.0738,4645.9079,1.2089,0.01201683479581121,3.09,309.0,7.0,TuShare index_daily,FRED current rolling window
2025-11-14,4628.1398,4702.0738,-1.5724,-0.015848629135239458,3.07,307.0,-2.0,TuShare index_daily,FRED current rolling window
2025-11-17,4598.0525,4628.1398,-0.6501,-0.006522172024576896,3.13,313.0,6.0,TuShare index_daily,FRED current rolling window
2025-11-18,4568.1928,4598.0525,-0.6494,-0.006515166165609792,3.2,320.0,7.0,TuShare index_daily,FRED current rolling window
2025-11-19,4588.2922,4568.1928,0.44,0.004390207002542607,3.17,317.0,-3.0,TuShare index_daily,FRED current rolling window
2025-11-20,4564.9483,4588.2922,-0.5088,-0.005100696438971781,3.17,317.0,0.0,TuShare index_daily,FRED current rolling window
2025-11-21,4453.6076,4564.9483,-2.439,-0.024692724311248634,3.19,319.0,2.0,TuShare index_daily,FRED current rolling window
2025-11-24,4448.0478,4453.6076,-0.1248,-0.0012491610769297722,3.15,315.0,-4.0,TuShare index_daily,FRED current rolling window
2025-11-25,4490.4047,4448.0478,0.9523,0.009477528029243936,3.1,310.0,-5.0,TuShare index_daily,FRED current rolling window
2025-11-26,4517.6255,4490.4047,0.6062,0.006043692627946167,3.0,300.0,-10.0,TuShare index_daily,FRED current rolling window
2025-11-27,4515.4027,4517.6255,-0.0492,-0.0004921494753810251,3.0,300.0,0.0,TuShare index_daily,FRED current rolling window
2025-11-28,4526.6616,4515.4027,0.2493,0.0024903396935098345,2.95,295.0,-5.0,TuShare index_daily,FRED current rolling window
2025-12-01,4576.4856,4526.6616,1.1007,0.010946653159669466,2.94,294.0,2.0,TuShare index_daily,FRED current rolling window
2025-12-02,4554.3347,4576.4856,-0.484,-0.004851906559699918,2.92,292.0,-2.0,TuShare index_daily,FRED current rolling window
2025-12-03,4531.0486,4554.3347,-0.5113,-0.005126069032201992,2.89,289.0,-3.0,TuShare index_daily,FRED current rolling window
2025-12-04,4546.5664,4531.0486,0.3425,0.0034189189816126045,2.88,288.0,-1.0,TuShare index_daily,FRED current rolling window
2025-12-05,4584.5368,4546.5664,0.8351,0.008316764805146162,2.85,285.0,-3.0,TuShare index_daily,FRED current rolling window
2025-12-08,4621.7545,4584.5368,0.8118,0.008085319383845935,2.89,289.0,4.0,TuShare index_daily,FRED current rolling window
2025-12-09,4598.2232,4621.7545,-0.5091,-0.005104426899569132,2.89,289.0,0.0,TuShare index_daily,FRED current rolling window
2025-12-10,4591.8273,4598.2232,-0.1391,-0.0013919185825232096,2.91,291.0,2.0,TuShare index_daily,FRED current rolling window
2025-12-11,4552.1848,4591.8273,-0.8633,-0.008670755885500946,2.88,288.0,-3.0,TuShare index_daily,FRED current rolling window
2025-12-12,4580.95,4552.1848,0.6319,0.006299106658067917,2.91,291.0,3.0,TuShare index_daily,FRED current rolling window
2025-12-15,4552.0596,4580.95,-0.6307,-0.006326610313397728,2.91,291.0,0.0,TuShare index_daily,FRED current rolling window
2025-12-16,4497.5545,4552.0596,-1.1974,-0.01204598527180826,2.98,298.0,7.0,TuShare index_daily,FRED current rolling window
2025-12-17,4579.875,4497.5545,1.8303,0.01813790056484832,2.99,299.0,1.0,TuShare index_daily,FRED current rolling window
2025-12-18,4552.7926,4579.875,-0.5913,-0.005930902245165715,2.95,295.0,-4.0,TuShare index_daily,FRED current rolling window
2025-12-19,4568.1781,4552.7926,0.3379,0.0033736572780755153,2.9,290.0,-5.0,TuShare index_daily,FRED current rolling window
2025-12-22,4611.6235,4568.1781,0.951,0.009465503998802404,2.88,288.0,-2.0,TuShare index_daily,FRED current rolling window
2025-12-23,4620.7341,4611.6235,0.1976,0.0019736243659572456,2.83,283.0,-5.0,TuShare index_daily,FRED current rolling window
2025-12-24,4634.0586,4620.7341,0.2884,0.002879483017828682,2.84,284.0,1.0,TuShare index_daily,FRED current rolling window
2025-12-26,4657.24,4642.5357,0.3167,0.0031622939580590193,2.86,286.0,2.0,TuShare index_daily,FRED current rolling window
2025-12-29,4639.3721,4657.24,-0.3837,-0.0038439641902292404,2.87,287.0,1.0,TuShare index_daily,FRED current rolling window
2025-12-30,4651.2818,4639.3721,0.2567,0.0025638037218513182,2.84,284.0,-3.0,TuShare index_daily,FRED current rolling window
2025-12-31,4629.9395,4651.2818,-0.4588,-0.004599036469006681,2.81,281.0,-3.0,TuShare index_daily,FRED current rolling window
2026-01-05,4717.7457,4629.9395,1.8965,0.018787278517093456,2.81,281.0,-2.0,TuShare index_daily,FRED current rolling window
2026-01-06,4790.6938,4717.7457,1.5462,0.015344164782608284,2.79,279.0,-2.0,TuShare index_daily,FRED current rolling window
2026-01-07,4776.6658,4790.6938,-0.2928,-0.0029324726234168375,2.79,279.0,0.0,TuShare index_daily,FRED current rolling window
2026-01-08,4737.6536,4776.6658,-0.8167,-0.008200779687864628,2.76,276.0,-3.0,TuShare index_daily,FRED current rolling window
2026-01-09,4758.9221,4737.6536,0.4489,0.0044792009733730246,2.74,274.0,-2.0,TuShare index_daily,FRED current rolling window
2026-01-12,4789.9155,4758.9221,0.6513,0.006491577328721426,2.74,274.0,0.0,TuShare index_daily,FRED current rolling window
2026-01-13,4761.0324,4789.9155,-0.603,-0.006048234866409194,2.75,275.0,1.0,TuShare index_daily,FRED current rolling window
2026-01-14,4741.9306,4761.0324,-0.4012,-0.004020183121144707,2.76,276.0,1.0,TuShare index_daily,FRED current rolling window
2026-01-15,4751.4293,4741.9306,0.2003,0.002001125685711866,2.71,271.0,-5.0,TuShare index_daily,FRED current rolling window
2026-01-16,4731.8728,4751.4293,-0.4116,-0.0041244131034499296,2.65,265.0,-6.0,TuShare index_daily,FRED current rolling window
2026-01-19,4734.4556,4731.8728,0.0546,0.0005456814838769734,2.65,265.0,0.0,TuShare index_daily,FRED current rolling window
2026-01-20,4718.8782,4734.4556,-0.329,-0.0032956445691566306,2.73,273.0,8.0,TuShare index_daily,FRED current rolling window
2026-01-21,4723.0692,4718.8782,0.0888,0.000887740653000851,2.69,269.0,-4.0,TuShare index_daily,FRED current rolling window
2026-01-22,4723.7091,4723.0692,0.0135,0.0001354747577760709,2.64,264.0,-5.0,TuShare index_daily,FRED current rolling window
2026-01-23,4702.4966,4723.7091,-0.4491,-0.004500758095729463,2.68,268.0,4.0,TuShare index_daily,FRED current rolling window
2026-01-26,4706.964,4702.4966,0.095,0.0009495550330845036,2.69,269.0,1.0,TuShare index_daily,FRED current rolling window
2026-01-27,4705.6918,4706.964,-0.027,-0.00027031690837922264,2.71,271.0,2.0,TuShare index_daily,FRED current rolling window
2026-01-28,4717.9914,4705.6918,0.2614,0.0026103608797261027,2.72,272.0,1.0,TuShare index_daily,FRED current rolling window
2026-01-29,4753.8697,4717.9914,0.7605,0.007575801886727559,2.77,277.0,5.0,TuShare index_daily,FRED current rolling window
2026-01-30,4706.3401,4753.8697,-0.9998,-0.010048402927151283,2.8,280.0,3.0,TuShare index_daily,FRED current rolling window
2026-02-02,4605.9799,4706.3401,-2.1324,-0.02155511962136138,2.81,281.0,-7.0,TuShare index_daily,FRED current rolling window
2026-02-03,4660.1074,4605.9799,1.1752,0.011683057566509144,2.85,285.0,4.0,TuShare index_daily,FRED current rolling window
2026-02-04,4698.6832,4660.1074,0.8278,0.008243804165968633,2.86,286.0,1.0,TuShare index_daily,FRED current rolling window
2026-02-05,4670.4188,4698.6832,-0.6015,-0.006033552787481481,2.97,297.0,11.0,TuShare index_daily,FRED current rolling window
2026-02-06,4643.5959,4670.4188,-0.5743,-0.005759701915058707,2.87,287.0,-10.0,TuShare index_daily,FRED current rolling window
2026-02-09,4719.0559,4643.5959,1.625,0.016119713858417335,2.84,284.0,-3.0,TuShare index_daily,FRED current rolling window
2026-02-10,4724.2956,4719.0559,0.111,0.0011097120630757652,2.86,286.0,2.0,TuShare index_daily,FRED current rolling window
2026-02-11,4713.8185,4724.2956,-0.2218,-0.0022201690279628427,2.84,284.0,-2.0,TuShare index_daily,FRED current rolling window
2026-02-12,4719.578,4713.8185,0.1222,0.0012210873815480068,2.92,292.0,8.0,TuShare index_daily,FRED current rolling window
2026-02-13,4660.4056,4719.578,-1.2538,-0.01261690584425625,2.95,295.0,3.0,TuShare index_daily,FRED current rolling window
2026-02-24,4707.544,4660.4056,1.0115,0.010063845316008837,2.97,297.0,2.0,TuShare index_daily,FRED current rolling window
2026-02-25,4735.8858,4707.544,0.6021,0.0060024558227702906,2.94,294.0,-3.0,TuShare index_daily,FRED current rolling window
2026-02-26,4726.8739,4735.8858,-0.1903,-0.001904709199058713,2.98,298.0,4.0,TuShare index_daily,FRED current rolling window
2026-02-27,4710.6469,4726.8739,-0.3433,-0.003438830246838009,3.1,310.0,12.0,TuShare index_daily,FRED current rolling window
2026-03-02,4728.6688,4710.6469,0.3826,0.003818480591298883,3.03,303.0,-9.0,TuShare index_daily,FRED current rolling window
2026-03-03,4655.8962,4728.6688,-1.539,-0.01550930889451081,3.08,308.0,5.0,TuShare index_daily,FRED current rolling window
2026-03-04,4602.6247,4655.8962,-1.1442,-0.01150768863746393,2.97,297.0,-11.0,TuShare index_daily,FRED current rolling window
2026-03-05,4647.6921,4602.6247,0.9792,0.009744046081069595,3.0,300.0,3.0,TuShare index_daily,FRED current rolling window
2026-03-06,4660.439,4647.6921,0.2743,0.002738875899232227,3.13,313.0,13.0,TuShare index_daily,FRED current rolling window
2026-03-09,4615.4551,4660.439,-0.9652,-0.009699173398410947,3.19,319.0,6.0,TuShare index_daily,FRED current rolling window
2026-03-10,4674.7562,4615.4551,1.2848,0.012766535337565442,3.06,306.0,-13.0,TuShare index_daily,FRED current rolling window
2026-03-11,4704.4959,4674.7562,0.6362,0.0063416143101133245,3.09,309.0,3.0,TuShare index_daily,FRED current rolling window
2026-03-12,4687.5601,4704.4959,-0.36,-0.003606413410628779,3.17,317.0,8.0,TuShare index_daily,FRED current rolling window
2026-03-13,4669.14,4687.5601,-0.393,-0.00393731200091498,3.28,328.0,11.0,TuShare index_daily,FRED current rolling window
2026-03-16,4671.5591,4669.14,0.0518,0.0005179698067964963,3.27,327.0,-1.0,TuShare index_daily,FRED current rolling window
2026-03-17,4637.4392,4671.5591,-0.7304,-0.007330553018070816,3.22,322.0,-5.0,TuShare index_daily,FRED current rolling window
2026-03-18,4658.3324,4637.4392,0.4505,0.004495212679770905,3.2,320.0,-2.0,TuShare index_daily,FRED current rolling window
2026-03-19,4583.2511,4658.3324,-1.6118,-0.016248936549918862,3.27,327.0,7.0,TuShare index_daily,FRED current rolling window
2026-03-20,4567.0179,4583.2511,-0.3542,-0.0035481398482115844,3.24,324.0,-3.0,TuShare index_daily,FRED current rolling window
2026-03-23,4417.9971,4567.0179,-3.263,-0.033174005025024496,3.19,319.0,-5.0,TuShare index_daily,FRED current rolling window
2026-03-24,4474.7224,4417.9971,1.284,0.012757867691010732,3.19,319.0,0.0,TuShare index_daily,FRED current rolling window
2026-03-25,4537.4656,4474.7224,1.4022,0.013924302011906592,3.17,317.0,-2.0,TuShare index_daily,FRED current rolling window
2026-03-26,4477.5343,4537.4656,-1.3208,-0.013296102846779104,3.21,321.0,4.0,TuShare index_daily,FRED current rolling window
2026-03-27,4502.5698,4477.5343,0.5591,0.005575784998188893,3.42,342.0,21.0,TuShare index_daily,FRED current rolling window
2026-03-30,4491.95,4502.5698,-0.2359,-0.0023613945315523644,3.46,346.0,4.0,TuShare index_daily,FRED current rolling window
2026-03-31,4450.0493,4491.95,-0.9328,-0.009371731146404768,3.28,328.0,-18.0,TuShare index_daily,FRED current rolling window
2026-04-01,4526.0668,4450.0493,1.7082,0.016938131503208057,3.16,316.0,-12.0,TuShare index_daily,FRED current rolling window
2026-04-02,4478.9141,4526.0668,-1.0418,-0.010472677618452112,3.17,317.0,1.0,TuShare index_daily,FRED current rolling window
2026-04-03,4440.7889,4478.9141,-0.8512,-0.008548587812162561,3.13,313.0,-4.0,TuShare index_daily,FRED current rolling window
2026-04-07,4440.6162,4440.7889,-0.0039,-3.889024272089768e-05,3.12,312.0,7.0,TuShare index_daily,FRED current rolling window
2026-04-08,4595.556,4440.6162,3.4892,0.03429659897740949,2.94,294.0,-18.0,TuShare index_daily,FRED current rolling window
2026-04-09,4566.2237,4595.556,-0.6383,-0.006403210114583198,2.9,290.0,-4.0,TuShare index_daily,FRED current rolling window
2026-04-10,4636.5655,4566.2237,1.5405,0.015287358732672058,2.94,294.0,4.0,TuShare index_daily,FRED current rolling window
2026-04-13,4646.1546,4636.5655,0.2068,0.002066011537037725,2.95,295.0,1.0,TuShare index_daily,FRED current rolling window
2026-04-14,4701.2837,4646.1546,1.1866,0.011795689352143368,2.84,284.0,-11.0,TuShare index_daily,FRED current rolling window
2026-04-15,4685.2464,4701.2837,-0.3411,-0.003417091392478743,2.85,285.0,1.0,TuShare index_daily,FRED current rolling window
2026-04-16,4736.6077,4685.2464,1.0962,0.010902696693278813,2.86,286.0,1.0,TuShare index_daily,FRED current rolling window
2026-04-17,4728.6716,4736.6077,-0.1675,-0.0016768869904682999,2.83,283.0,-3.0,TuShare index_daily,FRED current rolling window
2026-04-20,4757.4419,4728.6716,0.6084,0.006065790423872393,2.87,287.0,4.0,TuShare index_daily,FRED current rolling window
2026-04-21,4767.997,4757.4419,0.2219,0.0022161927509973633,2.85,285.0,-2.0,TuShare index_daily,FRED current rolling window
2026-04-22,4799.627,4767.997,0.6634,0.006611905992843182,2.84,284.0,-1.0,TuShare index_daily,FRED current rolling window
2026-04-23,4786.3273,4799.627,-0.2771,-0.002774832451190693,2.86,286.0,2.0,TuShare index_daily,FRED current rolling window
2026-04-24,4769.3688,4786.3273,-0.3543,-0.0035494050096433406,2.86,286.0,0.0,TuShare index_daily,FRED current rolling window
2026-04-27,4770.9469,4769.3688,0.0331,0.0003308276296125082,2.84,284.0,-2.0,TuShare index_daily,FRED current rolling window
2026-04-28,4758.2083,4770.9469,-0.267,-0.002673606908646539,2.85,285.0,1.0,TuShare index_daily,FRED current rolling window
2026-04-29,4810.3468,4758.2083,1.0958,0.010897991489509644,2.82,282.0,-3.0,TuShare index_daily,FRED current rolling window
2026-04-30,4807.3069,4810.3468,-0.0632,-0.0006321500432548737,2.83,283.0,1.0,TuShare index_daily,FRED current rolling window
2026-05-06,4877.0932,4807.3069,1.4517,0.014412355386543571,2.75,275.0,-2.0,TuShare index_daily,FRED current rolling window
2026-05-07,4900.5098,4877.0932,0.4801,0.004789853867043837,2.79,279.0,4.0,TuShare index_daily,FRED current rolling window
2026-05-08,4871.9122,4900.5098,-0.5836,-0.005852731622297235,2.81,281.0,2.0,TuShare index_daily,FRED current rolling window
2026-05-11,4951.8366,4871.9122,1.6405,0.016272029170167585,2.79,279.0,-2.0,TuShare index_daily,FRED current rolling window
2026-05-12,4948.0465,4951.8366,-0.0765,-0.0007656858463650147,2.82,282.0,3.0,TuShare index_daily,FRED current rolling window
2026-05-13,4998.3417,4948.0465,1.0165,0.01011334520021664,2.82,282.0,0.0,TuShare index_daily,FRED current rolling window
2026-05-14,4914.5971,4998.3417,-1.6754,-0.016896420734000092,2.76,276.0,-6.0,TuShare index_daily,FRED current rolling window
2026-05-15,4859.5927,4914.5971,-1.1192,-0.011255148872686452,2.8,280.0,4.0,TuShare index_daily,FRED current rolling window
2026-05-18,4833.5237,4859.5927,-0.5364,-0.005378881626373026,2.83,283.0,3.0,TuShare index_daily,FRED current rolling window
2026-05-19,4852.8832,4833.5237,0.4005,0.003997256356691384,2.86,286.0,3.0,TuShare index_daily,FRED current rolling window
2026-05-20,4850.7,4852.8832,-0.045,-0.0004499781146490447,2.8,280.0,-6.0,TuShare index_daily,FRED current rolling window
2026-05-21,4783.0976,4850.7,-1.3937,-0.014034654338595203,2.78,278.0,-2.0,TuShare index_daily,FRED current rolling window
2026-05-22,4845.0956,4783.0976,1.2962,0.01287860673706273,2.74,274.0,-4.0,TuShare index_daily,FRED current rolling window
2026-05-25,4921.5974,4845.0956,1.579,0.015666175775299437,2.74,274.0,0.0,TuShare index_daily,FRED current rolling window
2026-05-26,4947.8493,4921.5974,0.5334,0.005319844710714726,2.72,272.0,-2.0,TuShare index_daily,FRED current rolling window
2026-05-27,4908.1714,4947.8493,-0.8019,-0.008051548501949888,2.71,271.0,-1.0,TuShare index_daily,FRED current rolling window
2026-05-28,4914.2133,4908.1714,0.1231,0.0012302309360817918,2.72,272.0,1.0,TuShare index_daily,FRED current rolling window
2026-05-29,4892.1213,4914.2133,-0.4496,-0.004505666648206661,2.72,272.0,0.0,TuShare index_daily,FRED current rolling window
2026-06-01,4844.2556,4892.1213,-0.9784,-0.009832422494559519,2.72,272.0,-2.0,TuShare index_daily,FRED current rolling window
2026-06-02,4914.5591,4844.2556,1.4513,0.01440845398306778,2.71,271.0,-1.0,TuShare index_daily,FRED current rolling window
2026-06-03,4938.8091,4914.5591,0.4934,0.00492218467194442,2.75,275.0,4.0,TuShare index_daily,FRED current rolling window
2026-06-04,4904.7454,4938.8091,-0.6897,-0.0069210438105936824,2.74,274.0,-1.0,TuShare index_daily,FRED current rolling window
2026-06-05,4816.9199,4904.7454,-1.7906,-0.018068486549197182,2.76,276.0,2.0,TuShare index_daily,FRED current rolling window
2026-06-08,4713.6358,4816.9199,-2.1442,-0.021675156601350522,2.75,275.0,-1.0,TuShare index_daily,FRED current rolling window
2026-06-09,4801.8106,4713.6358,1.8706,0.01853351282054119,2.78,278.0,3.0,TuShare index_daily,FRED current rolling window
2026-06-10,4748.5932,4801.8106,-1.1083,-0.011144649363031658,2.8,280.0,2.0,TuShare index_daily,FRED current rolling window
2026-06-11,4722.4122,4748.5932,-0.5513,-0.005528677385810438,2.78,278.0,-2.0,TuShare index_daily,FRED current rolling window
2026-06-12,4777.3206,4722.4122,1.1627,0.01156011703366715,2.71,271.0,-7.0,TuShare index_daily,FRED current rolling window
2026-06-15,4891.7126,4777.3206,2.3945,0.02366262171438832,2.66,266.0,-5.0,TuShare index_daily,FRED current rolling window
2026-06-16,4884.2322,4891.7126,-0.1529,-0.001530369005345078,2.71,271.0,5.0,TuShare index_daily,FRED current rolling window
2026-06-17,4931.3861,4884.2322,0.9654,0.009608006608348506,2.63,263.0,-8.0,TuShare index_daily,FRED current rolling window
2026-06-18,4941.5986,4931.3861,0.2071,0.0020687773662452385,2.66,266.0,3.0,TuShare index_daily,FRED current rolling window
2026-06-22,5059.6582,4941.5986,2.3891,0.023610049520233017,2.65,265.0,-1.0,TuShare index_daily,FRED current rolling window
2026-06-23,4919.386,5059.6582,-2.7724,-0.02811520564220836,2.71,271.0,6.0,TuShare index_daily,FRED current rolling window
2026-06-24,4943.0197,4919.386,0.4804,0.004792693782340063,2.76,276.0,5.0,TuShare index_daily,FRED current rolling window
2026-06-25,5020.1038,4943.0197,1.5595,0.01547419102987474,2.78,278.0,2.0,TuShare index_daily,FRED current rolling window
2026-06-26,4868.2205,5020.1038,-3.0255,-0.03072214087187831,2.83,283.0,5.0,TuShare index_daily,FRED current rolling window
2026-06-29,4926.921,4868.2205,1.2058,0.011985779426626321,2.8,280.0,-3.0,TuShare index_daily,FRED current rolling window
2026-06-30,4979.4328,4926.921,1.0658,0.01060173963218757,2.75,275.0,-5.0,TuShare index_daily,FRED current rolling window
2026-07-01,4958.9773,4979.4328,-0.4108,-0.004116459006911529,2.74,274.0,-1.0,TuShare index_daily,FRED current rolling window
2026-07-02,4812.2957,4958.9773,-2.9579,-0.030025283195985117,2.75,275.0,1.0,TuShare index_daily,FRED current rolling window
2026-07-03,4842.1737,4812.2957,0.6209,0.006189484713631253,2.74,274.0,-1.0,TuShare index_daily,FRED current rolling window
2026-07-06,4841.998,4842.1737,-0.0036,-3.62860150486603e-05,2.72,272.0,-2.0,TuShare index_daily,FRED current rolling window
2026-07-07,4792.2624,4841.998,-1.0272,-0.010324828219453176,2.67,267.0,-5.0,TuShare index_daily,FRED current rolling window
2026-07-08,4755.5338,4792.2624,-0.7664,-0.0076936667691582285,2.7,270.0,3.0,TuShare index_daily,FRED current rolling window
2026-07-09,4876.3125,4755.5338,2.5398,0.02508034850822912,2.7,270.0,0.0,TuShare index_daily,FRED current rolling window
2026-07-10,4780.7867,4876.3125,-1.959,-0.019784184431682877,2.69,269.0,-1.0,TuShare index_daily,FRED current rolling window
2026-07-13,4695.383,4780.7867,-1.7864,-0.01802542907335032,2.69,269.0,0.0,TuShare index_daily,FRED current rolling window
2026-07-14,4796.502,4695.383,2.1536,0.02130721676857777,2.72,272.0,3.0,TuShare index_daily,FRED current rolling window
2026-07-15,4786.7828,4796.502,-0.2026,-0.0020283657503912377,2.71,271.0,-1.0,TuShare index_daily,FRED current rolling window
2026-07-16,4698.4344,4786.7828,-1.8457,-0.01862918965531543,2.71,271.0,0.0,TuShare index_daily,FRED current rolling window
2026-07-17,4529.0953,4698.4344,-3.6042,-0.036707140315421015,2.73,273.0,2.0,TuShare index_daily,FRED current rolling window
2026-07-20,4598.3208,4529.0953,1.5285,0.015168986846840348,2.69,269.0,-4.0,TuShare index_daily,FRED current rolling window
2026-07-21,4739.2287,4598.3208,3.0643,0.0301832075752162,2.69,269.0,0.0,TuShare index_daily,FRED current rolling window
2026-07-22,4717.2442,4739.2287,-0.4639,-0.004649627792401307,2.68,268.0,-1.0,TuShare index_daily,FRED current rolling window
2026-07-23,4728.0018,4717.2442,0.228,0.002277887659370913,2.77,277.0,9.0,TuShare index_daily,FRED current rolling window
