date,ts_code,open,high,low,close,pre_close,change,pct_chg,log_return,vol,amount,source
2016-07-26,000300.SH,3228.234,3269.7457,3228.0075,3269.5882,3230.885,38.7032,1.1979,0.01190795074409212,81051089.0,103745762.758,TuShare index_daily
2016-07-27,000300.SH,3270.0837,3276.5112,3157.4093,3218.243,3269.5882,-51.3452,-1.5704,-0.015828485797177723,160188665.0,186928366.498,TuShare index_daily
2016-07-28,000300.SH,3204.4645,3235.7816,3195.2696,3221.1365,3218.243,2.8935,0.0899,0.0008986891344864949,112779964.0,137295892.753,TuShare index_daily
2016-07-29,000300.SH,3217.1923,3225.4184,3198.6839,3203.9304,3221.1365,-17.2061,-0.5342,-0.005355941470840886,88044837.0,103787029.748,TuShare index_daily
2016-08-01,000300.SH,3196.425,3199.9751,3156.7488,3176.8091,3203.9304,-27.1213,-0.8465,-0.008501040775170844,87003497.0,98818634.361,TuShare index_daily
2016-08-02,000300.SH,3173.7576,3189.0529,3165.5422,3189.0529,3176.8091,12.2438,0.3854,0.0038467108139667687,62167639.0,70640763.842,TuShare index_daily
2016-08-03,000300.SH,3179.6842,3197.1573,3173.5356,3193.5073,3189.0529,4.4544,0.1397,0.0013958037475924041,72864102.0,79754323.301,TuShare index_daily
2016-08-04,000300.SH,3190.546,3201.5539,3170.4189,3201.2888,3193.5073,7.7815,0.2437,0.0024336988135545256,73504373.0,86919591.121,TuShare index_daily
2016-08-05,000300.SH,3201.3543,3224.873,3192.8614,3205.1101,3201.2888,3.8213,0.1194,0.0011929636330307713,77196366.0,94429542.391,TuShare index_daily
2016-08-08,000300.SH,3199.5723,3234.4795,3187.2521,3234.1833,3205.1101,29.0732,0.9071,0.0090299962272696,86676051.0,102638114.597,TuShare index_daily
2016-08-09,000300.SH,3232.603,3257.3336,3229.1741,3256.9813,3234.1833,22.798,0.7049,0.007024346213754837,91065259.0,105924052.436,TuShare index_daily
2016-08-10,000300.SH,3255.1822,3261.8609,3242.7509,3243.3409,3256.9813,-13.6404,-0.4188,-0.004196844279891693,90430372.0,106157448.028,TuShare index_daily
2016-08-11,000300.SH,3239.5583,3274.0261,3232.6127,3233.3604,3243.3409,-9.9805,-0.3077,-0.0030819725776225675,101041213.0,116996159.046,TuShare index_daily
2016-08-12,000300.SH,3231.8065,3294.2337,3231.1366,3294.2337,3233.3604,60.8733,1.8827,0.0186516084752912,116254044.0,129354686.387,TuShare index_daily
2016-08-15,000300.SH,3303.4688,3417.9147,3302.3776,3393.4239,3294.2337,99.1902,3.011,0.029665835270030912,220543421.0,258897463.91,TuShare index_daily
2016-08-16,000300.SH,3403.3839,3418.6884,3372.0206,3378.2451,3393.4239,-15.1788,-0.4473,-0.0044830382056433955,196389740.0,226785231.085,TuShare index_daily
2016-08-17,000300.SH,3377.7713,3394.3887,3356.9244,3373.0476,3378.2451,-5.1975,-0.1539,-0.0015397054335406538,138847688.0,167917530.856,TuShare index_daily
2016-08-18,000300.SH,3369.9472,3394.7912,3349.6879,3364.4851,3373.0476,-8.5625,-0.2539,-0.0025417330025779114,142380169.0,172256533.0,TuShare index_daily
2016-08-19,000300.SH,3358.555,3374.045,3341.1922,3365.0197,3364.4851,0.5346,0.0159,0.00015888241914154328,119961508.0,135382706.293,TuShare index_daily
2016-08-22,000300.SH,3364.681,3372.8331,3335.4695,3336.7949,3365.0197,-28.2248,-0.8388,-0.008423081973935091,107951008.0,128201783.812,TuShare index_daily
2016-08-23,000300.SH,3332.621,3359.6477,3324.9603,3341.8298,3336.7949,5.0349,0.1509,0.001507765799100466,92924516.0,108503692.377,TuShare index_daily
2016-08-24,000300.SH,3341.9304,3348.1291,3323.7251,3329.8631,3341.8298,-11.9667,-0.3581,-0.0035873092519213734,81191429.0,94012832.2,TuShare index_daily
2016-08-25,000300.SH,3314.0846,3315.0812,3279.8064,3308.9721,3329.8631,-20.891,-0.6274,-0.006293594682544413,100589153.0,112578140.01,TuShare index_daily
2016-08-26,000300.SH,3312.4991,3328.9453,3301.7359,3307.0902,3308.9721,-1.8819,-0.0569,-0.0005688882496628478,81530691.0,93213205.56,TuShare index_daily
2016-08-29,000300.SH,3306.5749,3315.0789,3297.0697,3307.7812,3307.0902,0.691,0.0209,0.00020892318557031632,77036333.0,88011642.022,TuShare index_daily
2016-08-30,000300.SH,3310.3188,3325.1218,3304.5966,3311.9872,3307.7812,4.206,0.1272,0.0012707394917260413,75725987.0,89513016.667,TuShare index_daily
2016-08-31,000300.SH,3310.5654,3333.9729,3304.6552,3327.7938,3311.9872,15.8066,0.4773,0.004761190123554675,79570805.0,99215044.445,TuShare index_daily
2016-09-01,000300.SH,3326.7389,3329.3455,3301.2129,3301.5767,3327.7938,-26.2171,-0.7878,-0.007909419657862729,84947219.0,100911462.823,TuShare index_daily
2016-09-02,000300.SH,3298.7217,3320.4252,3295.7554,3314.1142,3301.5767,12.5375,0.3797,0.003790236030935871,82791803.0,99396378.584,TuShare index_daily
2016-09-05,000300.SH,3321.0053,3338.4197,3314.6293,3319.6803,3314.1142,5.5661,0.168,0.0016781048331221168,78292477.0,87531089.645,TuShare index_daily
2016-09-06,000300.SH,3322.018,3347.9511,3300.1257,3342.6259,3319.6803,22.9456,0.6912,0.006888212590956062,98283998.0,118366533.426,TuShare index_daily
2016-09-07,000300.SH,3344.0657,3357.3567,3337.7508,3340.8172,3342.6259,-1.8087,-0.0541,-0.0005412479816442902,102940106.0,115119908.617,TuShare index_daily
2016-09-08,000300.SH,3338.0082,3343.395,3328.2264,3339.564,3340.8172,-1.2532,-0.0375,-0.0003751881748008009,71916158.0,83742346.85,TuShare index_daily
2016-09-09,000300.SH,3339.3733,3344.951,3318.044,3318.044,3339.564,-21.52,-0.6444,-0.006464806864577446,82657036.0,95471188.732,TuShare index_daily
2016-09-12,000300.SH,3271.8702,3276.7163,3234.573,3262.6043,3318.044,-55.4397,-1.6709,-0.016849711194467095,122917682.0,134456630.927,TuShare index_daily
2016-09-13,000300.SH,3265.3373,3269.2224,3246.3857,3260.333,3262.6043,-2.2713,-0.0696,-0.0006964040852559073,67180288.0,76862644.231,TuShare index_daily
2016-09-14,000300.SH,3245.7371,3254.995,3231.3355,3238.7299,3260.333,-21.6031,-0.6626,-0.006648090624313015,70432697.0,79780746.436,TuShare index_daily
2016-09-19,000300.SH,3242.7429,3264.8995,3242.7429,3263.1242,3238.7299,24.3943,0.7532,0.007503833241994968,58831082.0,67678031.642,TuShare index_daily
2016-09-20,000300.SH,3264.6649,3265.0353,3252.3885,3257.4034,3263.1242,-5.7208,-0.1753,-0.0017547050848636815,52784206.0,61626150.818,TuShare index_daily
2016-09-21,000300.SH,3257.7097,3270.9022,3254.3214,3266.6363,3257.4034,9.2329,0.2834,0.0028304261128174898,59142979.0,68957744.044,TuShare index_daily
2016-09-22,000300.SH,3281.4718,3303.1993,3277.9791,3291.1211,3266.6363,24.4848,0.7495,0.007467465563396537,75753542.0,89991761.655,TuShare index_daily
2016-09-23,000300.SH,3292.2788,3293.9162,3275.025,3275.6665,3291.1211,-15.4546,-0.4696,-0.004706906778287755,57993986.0,68046257.25,TuShare index_daily
2016-09-26,000300.SH,3267.6905,3267.6905,3220.2838,3220.2838,3275.6665,-55.3827,-1.6907,-0.017051867513477082,70452186.0,78700835.132,TuShare index_daily
2016-09-27,000300.SH,3214.8704,3240.7756,3214.4414,3240.7546,3220.2838,20.4708,0.6357,0.00633671160304996,58460550.0,66651130.361,TuShare index_daily
2016-09-28,000300.SH,3243.647,3243.647,3227.996,3230.8904,3240.7546,-9.8642,-0.3044,-0.0030484390410734077,44727498.0,51996404.752,TuShare index_daily
2016-09-29,000300.SH,3234.857,3257.7668,3234.8032,3244.3874,3230.8904,13.497,0.4177,0.004168784711216974,55452556.0,62220302.312,TuShare index_daily
2016-09-30,000300.SH,3240.1775,3260.9405,3239.0364,3253.2848,3244.3874,8.8974,0.2742,0.00273864402116231,44978022.0,52655734.553,TuShare index_daily
2016-10-10,000300.SH,3265.3644,3294.6409,3258.9584,3293.8689,3253.2848,40.5841,1.2475,0.012397637714891285,80519260.0,89607989.896,TuShare index_daily
2016-10-11,000300.SH,3296.8672,3308.0042,3292.8775,3306.5573,3293.8689,12.6884,0.3852,0.003844726157200156,87713163.0,88213421.183,TuShare index_daily
2016-10-12,000300.SH,3299.1388,3302.561,3289.7532,3300.0099,3306.5573,-6.5474,-0.198,-0.0019820890169864208,68669781.0,72386912.616,TuShare index_daily
2016-10-13,000300.SH,3299.1557,3307.4091,3292.3974,3302.6455,3300.0099,2.6356,0.0799,0.0007983455080768248,81224198.0,79923748.596,TuShare index_daily
2016-10-14,000300.SH,3298.734,3306.6859,3285.729,3305.8481,3302.6455,3.2026,0.097,0.0009692376037757813,82316271.0,81485597.806,TuShare index_daily
2016-10-17,000300.SH,3305.9635,3309.0097,3271.5413,3277.8787,3305.8481,-27.9694,-0.8461,-0.008496576213721017,86113509.0,88199418.936,TuShare index_daily
2016-10-18,000300.SH,3272.6815,3321.3324,3272.6815,3321.3324,3277.8787,43.4537,1.3257,0.013169552354076618,102860714.0,104625044.142,TuShare index_daily
2016-10-19,000300.SH,3323.3038,3332.5201,3309.8313,3316.2407,3321.3324,-5.0917,-0.1533,-0.0015342056266713757,101167725.0,96354442.199,TuShare index_daily
2016-10-20,000300.SH,3317.1792,3324.9031,3312.1741,3318.6044,3316.2407,2.3637,0.0713,0.0007125110125025173,79238871.0,82481095.277,TuShare index_daily
2016-10-21,000300.SH,3315.7156,3341.5603,3309.1787,3327.74,3318.6044,9.1356,0.2753,0.0027490618010714697,109785176.0,107114926.126,TuShare index_daily
2016-10-24,000300.SH,3332.5125,3382.8259,3330.9674,3367.5778,3327.74,39.8378,1.1971,0.01190033732074127,153014345.0,150063007.899,TuShare index_daily
2016-10-25,000300.SH,3367.4753,3373.9139,3356.5853,3367.4547,3367.5778,-0.1231,-0.0037,-3.655513169800312e-05,111191693.0,110576512.916,TuShare index_daily
2016-10-26,000300.SH,3365.1975,3367.831,3349.5744,3354.8003,3367.4547,-12.6544,-0.3758,-0.0037649315438644418,98024786.0,104719318.22,TuShare index_daily
2016-10-27,000300.SH,3351.4603,3352.3545,3335.1332,3345.695,3354.8003,-9.1053,-0.2714,-0.002717800758593384,77629851.0,85241012.414,TuShare index_daily
2016-10-28,000300.SH,3347.1438,3370.7485,3337.2888,3340.1262,3345.695,-5.5688,-0.1664,-0.0016658540876975168,93133309.0,104797971.448,TuShare index_daily
2016-10-31,000300.SH,3332.406,3340.4695,3317.3279,3336.2778,3340.1262,-3.8484,-0.1152,-0.0011528362951734367,71352863.0,80701820.968,TuShare index_daily
2016-11-01,000300.SH,3338.7099,3359.3941,3334.4568,3359.0515,3336.2778,22.7737,0.6826,0.006802888045893891,74938199.0,84717683.75,TuShare index_daily
2016-11-02,000300.SH,3350.71,3356.3974,3331.3841,3333.3524,3359.0515,-25.6991,-0.7651,-0.007680118147076697,91197104.0,100348995.733,TuShare index_daily
2016-11-03,000300.SH,3326.9045,3379.9889,3324.8378,3365.085,3333.3524,31.7326,0.952,0.00947469849780264,126223504.0,137386468.361,TuShare index_daily
2016-11-04,000300.SH,3362.2055,3377.6394,3348.4263,3354.1749,3365.085,-10.9101,-0.3242,-0.003247414075435183,104069655.0,110813764.577,TuShare index_daily
2016-11-07,000300.SH,3353.4441,3362.7416,3342.3122,3356.5916,3354.1749,2.4167,0.0721,0.0007202456245417308,99877988.0,94370876.771,TuShare index_daily
2016-11-08,000300.SH,3367.6974,3383.9174,3361.1292,3371.1177,3356.5916,14.5261,0.4328,0.004318296741261629,103148282.0,105138256.061,TuShare index_daily
2016-11-09,000300.SH,3370.5999,3373.096,3322.0798,3353.0547,3371.1177,-18.063,-0.5358,-0.0053725699978424205,139110059.0,145186921.69,TuShare index_daily
2016-11-10,000300.SH,3374.906,3403.0158,3374.906,3390.6119,3353.0547,37.5572,1.1201,0.01113862547894849,134705535.0,133277399.553,TuShare index_daily
2016-11-11,000300.SH,3387.9481,3422.6715,3382.8925,3417.2211,3390.6119,26.6092,0.7848,0.007817270343318574,198781496.0,190647270.04,TuShare index_daily
2016-11-14,000300.SH,3409.2241,3452.6159,3408.1392,3430.2482,3417.2211,13.0271,0.3812,0.0038049431537427606,213247105.0,208353308.629,TuShare index_daily
2016-11-15,000300.SH,3428.8663,3434.9216,3415.9948,3429.8697,3430.2482,-0.3785,-0.011,-0.00011034795783432362,134566320.0,135206770.523,TuShare index_daily
2016-11-16,000300.SH,3432.4336,3435.6366,3419.2435,3429.5921,3429.8697,-0.2776,-0.0081,-8.093929472776848e-05,129808511.0,128944599.173,TuShare index_daily
2016-11-17,000300.SH,3423.4654,3437.669,3412.8771,3436.535,3429.5921,6.9429,0.2024,0.0020223634853321413,121561731.0,121576882.948,TuShare index_daily
2016-11-18,000300.SH,3437.4898,3443.1185,3413.2698,3417.4554,3436.535,-19.0796,-0.5552,-0.005567457253369951,115951205.0,117345607.612,TuShare index_daily
2016-11-21,000300.SH,3412.6523,3463.1423,3412.0801,3441.1106,3417.4554,23.6552,0.6922,0.006898029062729212,146434529.0,147542589.349,TuShare index_daily
2016-11-22,000300.SH,3443.2201,3469.2189,3443.2201,3468.3637,3441.1106,27.2531,0.792,0.007888658427169803,168523446.0,167250665.827,TuShare index_daily
2016-11-23,000300.SH,3473.8949,3492.9564,3465.7639,3474.7289,3468.3637,6.3652,0.1835,0.001833535039771207,162388504.0,171247116.196,TuShare index_daily
2016-11-24,000300.SH,3468.8071,3508.1648,3467.0108,3488.7402,3474.7289,14.0113,0.4032,0.004024235250442054,145746301.0,165071453.531,TuShare index_daily
2016-11-25,000300.SH,3490.0399,3521.3029,3463.9477,3521.2984,3488.7402,32.5582,0.9332,0.009289088397475146,153621506.0,166832181.108,TuShare index_daily
2016-11-28,000300.SH,3538.6754,3553.3603,3528.3196,3535.0807,3521.2984,13.7823,0.3914,0.003906342709372829,207375483.0,219859766.828,TuShare index_daily
2016-11-29,000300.SH,3525.9011,3583.7185,3521.3787,3564.0404,3535.0807,28.9597,0.8192,0.00815871718004215,236918356.0,248322816.339,TuShare index_daily
2016-11-30,000300.SH,3557.6357,3567.0689,3527.0231,3538.001,3564.0404,-26.0394,-0.7306,-0.007332966739201804,178560178.0,190681227.631,TuShare index_daily
2016-12-01,000300.SH,3543.9555,3575.97,3543.245,3565.036,3538.001,27.035,0.7641,0.007612273608875042,180170761.0,199637742.998,TuShare index_daily
2016-12-02,000300.SH,3559.7711,3562.5497,3516.7881,3528.9547,3565.036,-36.0813,-1.0121,-0.010172443878838089,196355480.0,203742147.476,TuShare index_daily
2016-12-05,000300.SH,3473.6876,3496.8838,3457.3433,3469.4073,3528.9547,-59.5474,-1.6874,-0.01701793565997444,180852355.0,190175061.733,TuShare index_daily
2016-12-06,000300.SH,3466.2417,3477.5901,3456.8067,3459.1533,3469.4073,-10.254,-0.2956,-0.0029599243128228037,115529090.0,125727753.193,TuShare index_daily
2016-12-07,000300.SH,3458.3687,3475.7473,3445.7561,3475.7473,3459.1533,16.594,0.4797,0.004785658116097955,114345103.0,115282194.223,TuShare index_daily
2016-12-08,000300.SH,3481.8067,3484.3402,3466.512,3470.1426,3475.7473,-5.6047,-0.1613,-0.0016138180412017936,117383922.0,119188508.676,TuShare index_daily
2016-12-09,000300.SH,3464.8733,3507.9276,3461.7612,3493.7004,3470.1426,23.5578,0.6789,0.006765772825280966,150303308.0,152674867.707,TuShare index_daily
2016-12-12,000300.SH,3489.2683,3495.8022,3400.793,3409.1794,3493.7004,-84.521,-2.4192,-0.024489843866090665,187467751.0,199163540.831,TuShare index_daily
2016-12-13,000300.SH,3394.2072,3416.2147,3370.5956,3405.0355,3409.1794,-4.1439,-0.1216,-0.0012162517829687064,121105097.0,124454188.749,TuShare index_daily
2016-12-14,000300.SH,3399.4113,3412.2795,3378.2656,3378.9453,3405.0355,-26.0902,-0.7662,-0.00769174601171859,124007744.0,126182669.414,TuShare index_daily
2016-12-15,000300.SH,3363.8597,3378.0367,3327.1429,3340.4338,3378.9453,-38.5115,-1.1397,-0.011462940585333025,114960660.0,121507811.54,TuShare index_daily
2016-12-16,000300.SH,3335.3625,3356.2916,3330.4928,3346.0305,3340.4338,5.5967,0.1675,0.0016740390902915004,90775422.0,98112206.845,TuShare index_daily
2016-12-19,000300.SH,3342.3449,3344.8584,3324.9986,3328.9827,3346.0305,-17.0478,-0.5095,-0.00510795606111114,81640678.0,86095693.838,TuShare index_daily
2016-12-20,000300.SH,3328.2985,3329.1022,3289.2682,3309.0641,3328.9827,-19.9186,-0.5983,-0.006001361660447885,87569592.0,88527345.889,TuShare index_daily
2016-12-21,000300.SH,3313.7451,3342.4761,3313.7451,3338.536,3309.0641,29.4719,0.8906,0.008866987380399797,108254995.0,106205485.213,TuShare index_daily
2016-12-22,000300.SH,3335.1218,3340.3628,3322.7196,3335.672,3338.536,-2.864,-0.0858,-0.0008582292238395543,92277249.0,92564877.57,TuShare index_daily
2016-12-23,000300.SH,3333.4009,3334.8937,3300.8843,3307.5991,3335.672,-28.0729,-0.8416,-0.008451579554493814,97444713.0,99575473.231,TuShare index_daily
2016-12-26,000300.SH,3293.2236,3322.4212,3267.0481,3322.4006,3307.5991,14.8015,0.4475,0.004465015161512447,89793982.0,95493219.936,TuShare index_daily
2016-12-27,000300.SH,3319.2061,3330.2324,3315.8318,3316.3852,3322.4006,-6.0154,-0.1811,-0.001812199347129835,75486359.0,79617133.03,TuShare index_daily
2016-12-28,000300.SH,3315.7526,3320.5467,3293.1737,3301.8887,3316.3852,-14.4965,-0.4371,-0.004380756494092432,69000437.0,71759839.566,TuShare index_daily
2016-12-29,000300.SH,3297.036,3312.113,3288.0959,3297.7648,3301.8887,-4.1239,-0.1249,-0.0012497324402671603,70087923.0,75972960.431,TuShare index_daily
2016-12-30,000300.SH,3302.5993,3313.5497,3295.7513,3310.0808,3297.7648,12.316,0.3735,0.003727694321920061,71744116.0,76921368.838,TuShare index_daily
2017-01-03,000300.SH,3313.9534,3345.2629,3313.9534,3342.2272,3310.0808,32.1464,0.9712,0.009664811138848765,86567896.0,87612765.768,TuShare index_daily
2017-01-04,000300.SH,3340.5576,3369.5658,3338.1527,3368.3117,3342.2272,26.0845,0.7805,0.007774228497749764,90050827.0,98014355.468,TuShare index_daily
2017-01-05,000300.SH,3368.3402,3373.4119,3361.462,3367.7892,3368.3117,-0.5225,-0.0155,-0.0001551342560940013,88336357.0,91189339.582,TuShare index_daily
2017-01-06,000300.SH,3366.8522,3368.8705,3346.8914,3347.6665,3367.7892,-20.1227,-0.5975,-0.005992969390497952,87459114.0,91072256.748,TuShare index_daily
2017-01-09,000300.SH,3345.7483,3366.2219,3344.3472,3363.9014,3347.6665,16.2349,0.485,0.004837895379147162,83707942.0,87916115.243,TuShare index_daily
2017-01-10,000300.SH,3361.6394,3370.5051,3354.0878,3358.2716,3363.9014,-5.6298,-0.1674,-0.0016749944746291014,83819160.0,82533965.08,TuShare index_daily
2017-01-11,000300.SH,3355.8008,3366.6315,3334.2978,3334.4954,3358.2716,-23.7762,-0.708,-0.007105073289585152,91071438.0,86750457.122,TuShare index_daily
2017-01-12,000300.SH,3332.6857,3343.1279,3315.9629,3317.6241,3334.4954,-16.8713,-0.506,-0.005072469361016922,81239135.0,75031886.874,TuShare index_daily
2017-01-13,000300.SH,3317.9625,3338.174,3309.3741,3319.9122,3317.6241,2.2881,0.069,0.0006894425844824638,84180589.0,84556101.403,TuShare index_daily
2017-01-16,000300.SH,3314.1507,3322.7819,3264.2071,3319.4455,3319.9122,-0.4667,-0.0141,-0.0001405858885322311,157779135.0,153262520.121,TuShare index_daily
2017-01-17,000300.SH,3305.6001,3327.3767,3292.2044,3326.3563,3319.4455,6.9108,0.2082,0.002079749802642117,69453328.0,74754505.696,TuShare index_daily
2017-01-18,000300.SH,3323.3389,3350.9619,3320.4062,3339.3653,3326.3563,13.009,0.3911,0.0039032582808338225,70623227.0,75680677.264,TuShare index_daily
2017-01-19,000300.SH,3330.9522,3346.4959,3324.6835,3329.2891,3339.3653,-10.0762,-0.3017,-0.003021961272486019,66159808.0,63869709.163,TuShare index_daily
2017-01-20,000300.SH,3326.9773,3358.4121,3326.374,3354.8891,3329.2891,25.6,0.7689,0.007659917017705633,65300462.0,70831324.31,TuShare index_daily
2017-01-23,000300.SH,3359.0543,3378.7388,3355.8475,3364.0808,3354.8891,9.1917,0.274,0.0027360461114876037,75557498.0,76492660.154,TuShare index_daily
2017-01-24,000300.SH,3363.1374,3371.32,3355.899,3364.4509,3364.0808,0.3701,0.011,0.00011000914222430327,66194226.0,66049651.289,TuShare index_daily
2017-01-25,000300.SH,3361.6561,3376.4415,3357.2183,3375.9042,3364.4509,11.4533,0.3404,0.0033984295643869795,58376931.0,62483395.802,TuShare index_daily
2017-01-26,000300.SH,3378.2609,3395.8848,3378.2609,3387.9606,3375.9042,12.0564,0.3571,0.003564947888545204,65316647.0,66488818.305,TuShare index_daily
2017-02-03,000300.SH,3390.9315,3392.4773,3362.5653,3364.4923,3387.9606,-23.4683,-0.6927,-0.006951072400334702,55188861.0,57113853.255,TuShare index_daily
2017-02-06,000300.SH,3368.1081,3381.3348,3358.7516,3373.2051,3364.4923,8.7128,0.259,0.002586285592632144,68521360.0,73408134.768,TuShare index_daily
2017-02-07,000300.SH,3371.7695,3376.7099,3354.6251,3365.6849,3373.2051,-7.5202,-0.2229,-0.0022318818445456945,63754462.0,69758178.999,TuShare index_daily
2017-02-08,000300.SH,3361.7811,3383.6859,3347.4302,3383.2878,3365.6849,17.6029,0.523,0.005216479810918396,75402879.0,82869735.773,TuShare index_daily
2017-02-09,000300.SH,3381.8992,3406.5888,3379.7872,3396.2924,3383.2878,13.0046,0.3844,0.003836407437192441,97558515.0,102134228.699,TuShare index_daily
2017-02-10,000300.SH,3398.3173,3422.3256,3398.0295,3413.4868,3396.2924,17.1944,0.5063,0.005049924831800413,123768720.0,121908580.284,TuShare index_daily
2017-02-13,000300.SH,3416.9168,3439.5432,3416.8746,3436.275,3413.4868,22.7882,0.6676,0.006653744973676488,120144538.0,125332998.844,TuShare index_daily
2017-02-14,000300.SH,3438.511,3440.6748,3424.4028,3435.8042,3436.275,-0.4708,-0.0137,-0.00013701821152957766,94809465.0,98537165.438,TuShare index_daily
2017-02-15,000300.SH,3435.3882,3448.0322,3417.0811,3421.7131,3435.8042,-14.0911,-0.4101,-0.004109685536673305,127643338.0,124653179.488,TuShare index_daily
2017-02-16,000300.SH,3421.8299,3440.9331,3418.3514,3440.9331,3421.7131,19.22,0.5617,0.005601352508163811,108276962.0,101809767.504,TuShare index_daily
2017-02-17,000300.SH,3443.6166,3457.5562,3419.6143,3421.4419,3440.9331,-19.4912,-0.5665,-0.005680614193787631,114600036.0,118033129.67,TuShare index_daily
2017-02-20,000300.SH,3421.6434,3472.6035,3421.6434,3471.3926,3421.4419,49.9507,1.4599,0.014493768687695141,132628862.0,134681505.159,TuShare index_daily
2017-02-21,000300.SH,3475.0584,3490.0855,3472.017,3482.823,3471.3926,11.4304,0.3293,0.0032873327348675757,114842009.0,120675429.543,TuShare index_daily
2017-02-22,000300.SH,3483.2008,3489.946,3473.524,3489.7567,3482.823,6.9337,0.1991,0.0019888484847383437,102815994.0,109232425.841,TuShare index_daily
2017-02-23,000300.SH,3487.5745,3492.9616,3460.118,3473.3236,3489.7567,-16.4331,-0.4709,-0.004720074967268536,99536330.0,106555922.466,TuShare index_daily
2017-02-24,000300.SH,3468.9588,3473.8517,3455.2514,3473.8517,3473.3236,0.5281,0.0152,0.00015203301434385405,95535133.0,99875164.759,TuShare index_daily
2017-02-27,000300.SH,3471.1319,3472.8356,3441.3938,3446.2228,3473.8517,-27.6289,-0.7953,-0.007985187676467454,98672160.0,106830874.529,TuShare index_daily
2017-02-28,000300.SH,3445.0274,3460.9089,3441.3589,3452.8103,3446.2228,6.5875,0.1912,0.0019096884756218898,75215260.0,81979307.361,TuShare index_daily
2017-03-01,000300.SH,3452.2058,3472.6962,3449.109,3458.4376,3452.8103,5.6273,0.163,0.0016284472283388108,103260354.0,109317781.348,TuShare index_daily
2017-03-02,000300.SH,3463.4829,3468.471,3434.001,3435.0963,3458.4376,-23.3413,-0.6749,-0.0067719661759197015,89898077.0,97876187.925,TuShare index_daily
2017-03-03,000300.SH,3424.6627,3428.8824,3412.8312,3427.8628,3435.0963,-7.2335,-0.2106,-0.0021079836184837606,80994652.0,90009618.835,TuShare index_daily
2017-03-06,000300.SH,3427.2533,3449.0342,3425.9041,3446.484,3427.8628,18.6212,0.5432,0.005417604344606997,83070882.0,95178548.496,TuShare index_daily
2017-03-07,000300.SH,3446.1628,3454.0386,3440.0574,3453.9565,3446.484,7.4725,0.2168,0.0021658046094139493,80334720.0,94483824.245,TuShare index_daily
2017-03-08,000300.SH,3452.2006,3457.0351,3441.2575,3448.7313,3453.9565,-5.2252,-0.1513,-0.0015139612711579506,79587690.0,89124904.682,TuShare index_daily
2017-03-09,000300.SH,3442.8953,3443.0455,3414.6782,3426.9438,3448.7313,-21.7875,-0.6318,-0.0063375807051733735,84570381.0,90090049.49,TuShare index_daily
2017-03-10,000300.SH,3423.9776,3436.2388,3423.9369,3427.8916,3426.9438,0.9478,0.0277,0.00027653472351488564,70016199.0,82161714.923,TuShare index_daily
2017-03-13,000300.SH,3425.6723,3458.098,3412.6879,3458.098,3427.8916,30.2064,0.8812,0.00877334864193802,91684124.0,108489140.923,TuShare index_daily
2017-03-14,000300.SH,3456.6584,3465.3915,3448.9034,3456.6934,3458.098,-1.4046,-0.0406,-0.00040625954944027487,77077963.0,95317564.129,TuShare index_daily
2017-03-15,000300.SH,3452.2139,3463.9191,3445.2676,3463.6436,3456.6934,6.9502,0.2011,0.0020086311798897453,79104954.0,94056256.667,TuShare index_daily
2017-03-16,000300.SH,3472.2694,3492.1267,3472.2694,3481.5066,3463.6436,17.863,0.5157,0.005144032562317347,106333913.0,124695573.677,TuShare index_daily
2017-03-17,000300.SH,3485.3114,3488.4969,3441.4685,3445.8051,3481.5066,-35.7015,-1.0255,-0.010307552955506163,103755560.0,122368918.55,TuShare index_daily
2017-03-20,000300.SH,3449.0515,3454.063,3429.8254,3449.6126,3445.8051,3.8075,0.1105,0.0011043567054596322,88734322.0,103769403.897,TuShare index_daily
2017-03-21,000300.SH,3449.7696,3466.7026,3445.6416,3466.3468,3449.6126,16.7342,0.4851,0.004839309108162561,87707855.0,113528201.39,TuShare index_daily
2017-03-22,000300.SH,3450.7544,3464.3328,3433.4994,3450.0502,3466.3468,-16.2966,-0.4701,-0.0047124623293353035,104935894.0,123865640.377,TuShare index_daily
2017-03-23,000300.SH,3452.4056,3470.8164,3435.6912,3461.9782,3450.0502,11.928,0.3457,0.003451378133960319,94318062.0,115813813.702,TuShare index_daily
2017-03-24,000300.SH,3464.1966,3499.3179,3461.1108,3489.5997,3461.9782,27.6215,0.7979,0.00794687069947966,125645833.0,141752526.681,TuShare index_daily
2017-03-27,000300.SH,3488.7647,3505.9789,3474.5206,3478.0385,3489.5997,-11.5612,-0.3313,-0.0033185450444427754,107015377.0,124388012.134,TuShare index_daily
2017-03-28,000300.SH,3480.249,3482.2923,3461.4678,3469.8093,3478.0385,-8.2292,-0.2366,-0.002368849774787695,84194820.0,97495938.765,TuShare index_daily
2017-03-29,000300.SH,3472.9665,3483.0571,3455.5529,3465.1933,3469.8093,-4.616,-0.133,-0.001331218154607123,104851706.0,114663468.279,TuShare index_daily
2017-03-30,000300.SH,3461.6159,3467.3049,3422.366,3436.758,3465.1933,-28.4353,-0.8206,-0.008239832374357891,116376922.0,122088021.63,TuShare index_daily
2017-03-31,000300.SH,3434.8222,3456.3051,3430.8197,3456.0455,3436.758,19.2875,0.5612,0.005596431217114241,91577491.0,100984904.83,TuShare index_daily
2017-04-05,000300.SH,3476.4231,3504.5379,3475.1486,3503.8932,3456.0455,47.8477,1.3845,0.013749676793178263,143399017.0,160742981.172,TuShare index_daily
2017-04-06,000300.SH,3507.9879,3517.7779,3495.7246,3514.0469,3503.8932,10.1537,0.2898,0.0028936431318037823,136767004.0,145221644.165,TuShare index_daily
2017-04-07,000300.SH,3514.4521,3526.815,3506.3885,3517.4634,3514.0469,3.4165,0.0972,0.0009717685456167432,140293204.0,144559675.567,TuShare index_daily
2017-04-10,000300.SH,3519.4597,3522.7955,3502.0826,3505.1392,3517.4634,-12.3242,-0.3504,-0.003509870443761566,141887380.0,155747834.572,TuShare index_daily
2017-04-11,000300.SH,3503.8294,3520.1315,3466.139,3517.328,3505.1392,12.1888,0.3477,0.0034713760542855474,165945832.0,189457268.655,TuShare index_daily
2017-04-12,000300.SH,3514.5723,3523.0975,3497.9991,3509.4387,3517.328,-7.8893,-0.2243,-0.0022455002853585654,181824537.0,202154571.423,TuShare index_daily
2017-04-13,000300.SH,3500.2838,3518.4385,3496.5699,3514.5662,3509.4387,5.1275,0.1461,0.001459993546077126,129981813.0,133345929.014,TuShare index_daily
2017-04-14,000300.SH,3516.8103,3517.4664,3476.9468,3486.5045,3514.5662,-28.0617,-0.7984,-0.00801644533547814,135474078.0,130425385.379,TuShare index_daily
2017-04-17,000300.SH,3475.7381,3480.5696,3453.6759,3479.9417,3486.5045,-6.5628,-0.1882,-0.0018841175982784407,117164961.0,123884371.227,TuShare index_daily
2017-04-18,000300.SH,3474.8892,3489.0845,3462.6297,3462.7429,3479.9417,-17.1988,-0.4942,-0.004954520094993246,110927823.0,126790853.425,TuShare index_daily
2017-04-19,000300.SH,3452.9904,3459.3524,3418.514,3445.8761,3462.7429,-16.8668,-0.4871,-0.004882837948266378,121349264.0,127050362.407,TuShare index_daily
2017-04-20,000300.SH,3444.5225,3465.6088,3440.7151,3461.5481,3445.8761,15.672,0.4548,0.0045377340201217834,114184208.0,133977258.346,TuShare index_daily
2017-04-21,000300.SH,3461.389,3475.5622,3449.5421,3466.7865,3461.5481,5.2384,0.1513,0.0015121674401230765,104419110.0,115208831.746,TuShare index_daily
2017-04-24,000300.SH,3458.2279,3458.2279,3403.9792,3431.2587,3466.7865,-35.5278,-1.0248,-0.010300922397859099,114660791.0,122778154.321,TuShare index_daily
2017-04-25,000300.SH,3427.7322,3449.6716,3422.6521,3440.9743,3431.2587,9.7156,0.2831,0.0028274962367554088,94072148.0,107599357.209,TuShare index_daily
2017-04-26,000300.SH,3440.2526,3466.5651,3439.1505,3445.1832,3440.9743,4.2089,0.1223,0.0012224235429179387,111940029.0,131316579.235,TuShare index_daily
2017-04-27,000300.SH,3435.1017,3449.2723,3399.5392,3446.7202,3445.1832,1.537,0.0446,0.0004460306351600045,123298425.0,134610947.828,TuShare index_daily
2017-04-28,000300.SH,3439.5735,3439.904,3417.2375,3439.753,3446.7202,-6.9672,-0.2021,-0.0020234457246328286,101632351.0,113761006.698,TuShare index_daily
2017-05-02,000300.SH,3427.9169,3436.3064,3418.6652,3426.5766,3439.753,-13.1764,-0.3831,-0.003837979515030131,92797462.0,101635858.602,TuShare index_daily
2017-05-03,000300.SH,3421.7586,3432.2248,3403.0782,3413.1282,3426.5766,-13.4484,-0.3925,-0.003932455485719591,91669624.0,97854119.098,TuShare index_daily
2017-05-04,000300.SH,3404.9379,3421.3953,3391.277,3404.3864,3413.1282,-8.7418,-0.2561,-0.0025645136985957425,103482075.0,106985952.575,TuShare index_daily
2017-05-05,000300.SH,3393.4831,3395.4532,3366.5568,3382.5502,3404.3864,-21.8362,-0.6414,-0.006434795735926154,109895333.0,117464939.578,TuShare index_daily
2017-05-08,000300.SH,3369.1084,3374.1571,3339.5743,3358.8125,3382.5502,-23.7377,-0.7018,-0.007042433158971218,123749287.0,126885426.472,TuShare index_daily
2017-05-09,000300.SH,3342.5981,3358.0463,3327.5901,3352.5324,3358.8125,-6.2801,-0.187,-0.0018714883310459937,76771668.0,85528831.749,TuShare index_daily
2017-05-10,000300.SH,3350.6502,3369.4345,3336.003,3337.7007,3352.5324,-14.8317,-0.4424,-0.004433843806724372,92082628.0,102194980.791,TuShare index_daily
2017-05-11,000300.SH,3322.9455,3359.6003,3312.8921,3356.6459,3337.7007,18.9452,0.5676,0.005660074600273593,109252890.0,111576379.054,TuShare index_daily
2017-05-12,000300.SH,3350.9371,3387.2677,3349.1671,3385.3787,3356.6459,28.7328,0.856,0.008523544679708842,93386466.0,97522124.594,TuShare index_daily
2017-05-15,000300.SH,3391.5881,3406.581,3391.5881,3399.1937,3385.3787,13.815,0.4081,0.004072480409697438,82977611.0,92183332.845,TuShare index_daily
2017-05-16,000300.SH,3390.925,3428.8531,3373.552,3428.6491,3399.1937,29.4554,0.8665,0.008628078763215188,105242416.0,112814103.201,TuShare index_daily
2017-05-17,000300.SH,3423.19,3433.9695,3408.1541,3409.9656,3428.6491,-18.6835,-0.5449,-0.005464131934695424,99736837.0,110553451.835,TuShare index_daily
2017-05-18,000300.SH,3387.6655,3409.9319,3383.935,3398.1127,3409.9656,-11.8529,-0.3476,-0.0034820139996903057,85759589.0,88091166.041,TuShare index_daily
2017-05-19,000300.SH,3395.2318,3405.9448,3392.3776,3403.8492,3398.1127,5.7365,0.1688,0.0016867196389440404,71473525.0,78397081.602,TuShare index_daily
2017-05-22,000300.SH,3400.5882,3424.1776,3391.1748,3411.2387,3403.8492,7.3895,0.2171,0.002168571558962522,92539559.0,99021121.578,TuShare index_daily
2017-05-23,000300.SH,3405.0254,3434.7662,3401.5338,3424.194,3411.2387,12.9553,0.3798,0.0037906350867286664,116911033.0,126767856.025,TuShare index_daily
2017-05-24,000300.SH,3409.7169,3424.1669,3383.8922,3424.1669,3424.194,-0.0271,-0.0008,-7.91430253039329e-06,83553161.0,92620045.548,TuShare index_daily
2017-05-25,000300.SH,3414.3992,3490.4176,3413.2246,3485.6581,3424.1669,61.4912,1.7958,0.017798663011057387,130721631.0,136634020.807,TuShare index_daily
2017-05-26,000300.SH,3479.6206,3498.3148,3473.04,3480.4345,3485.6581,-5.2236,-0.1499,-0.0014997219471536538,103241153.0,112585907.354,TuShare index_daily
2017-05-31,000300.SH,3495.073,3515.0812,3474.9215,3492.8845,3480.4345,12.45,0.3577,0.0035707568314135704,104829744.0,115968725.31,TuShare index_daily
2017-06-01,000300.SH,3485.2223,3499.8142,3476.4283,3497.7382,3492.8845,4.8537,0.139,0.0013886318825212262,103127724.0,116088766.249,TuShare index_daily
2017-06-02,000300.SH,3491.5893,3498.1189,3470.2017,3486.5074,3497.7382,-11.2308,-0.3211,-0.0032160408791855996,82668010.0,92850747.181,TuShare index_daily
2017-06-05,000300.SH,3480.1692,3484.1244,3462.3144,3468.7538,3486.5074,-17.7536,-0.5092,-0.0051050961415664035,79738152.0,85609467.477,TuShare index_daily
2017-06-06,000300.SH,3464.3765,3492.8816,3460.4534,3492.8816,3468.7538,24.1278,0.6956,0.006931674878540226,64089388.0,77868793.73,TuShare index_daily
2017-06-07,000300.SH,3493.8846,3537.0947,3491.1328,3533.8718,3492.8816,40.9902,1.1735,0.011667028179158117,104419968.0,124189288.483,TuShare index_daily
2017-06-08,000300.SH,3531.2419,3562.2724,3528.179,3560.9786,3533.8718,27.1068,0.7671,0.007641297664501799,90224905.0,112035619.671,TuShare index_daily
2017-06-09,000300.SH,3561.2411,3590.8872,3560.6336,3576.1703,3560.9786,15.1917,0.4266,0.004257084490128767,101188265.0,121700586.716,TuShare index_daily
2017-06-12,000300.SH,3570.2191,3603.6901,3565.9012,3574.3894,3576.1703,-1.7809,-0.0498,-0.0004981148641617354,90381167.0,117690802.225,TuShare index_daily
2017-06-13,000300.SH,3569.1594,3584.4094,3559.2134,3582.2674,3574.3894,7.878,0.2204,0.0022015875295422825,75177138.0,94223084.812,TuShare index_daily
2017-06-14,000300.SH,3571.2483,3571.2483,3530.274,3535.2987,3582.2674,-46.9687,-1.3111,-0.0131981582280622,83810783.0,106105319.868,TuShare index_daily
2017-06-15,000300.SH,3530.7465,3542.2796,3508.9461,3528.7926,3535.2987,-6.5061,-0.184,-0.0018420208809083619,82632535.0,106053901.141,TuShare index_daily
2017-06-16,000300.SH,3522.9745,3536.1401,3514.3892,3518.7611,3528.7926,-10.0315,-0.2843,-0.0028468053460470708,76452707.0,91462286.377,TuShare index_daily
2017-06-19,000300.SH,3520.0602,3554.91,3520.0602,3553.6653,3518.7611,34.9042,0.9919,0.009870582290651478,79797141.0,98572358.252,TuShare index_daily
2017-06-20,000300.SH,3560.7871,3563.6964,3539.5149,3546.494,3553.6653,-7.1713,-0.2018,-0.0020200398710990114,80509559.0,98187595.478,TuShare index_daily
2017-06-21,000300.SH,3567.1256,3587.9863,3545.5666,3587.955,3546.494,41.461,1.1691,0.011622892462132673,87859824.0,117147797.136,TuShare index_daily
2017-06-22,000300.SH,3583.5583,3635.5273,3581.3375,3590.3425,3587.955,2.3875,0.0665,0.000665199537365851,135526987.0,169418803.351,TuShare index_daily
2017-06-23,000300.SH,3583.4359,3623.2352,3569.3225,3622.8831,3590.3425,32.5406,0.9063,0.009022543465296705,105129134.0,133975111.796,TuShare index_daily
2017-06-26,000300.SH,3627.0208,3671.9435,3627.0208,3668.0919,3622.8831,45.2088,1.2479,0.012401463291442894,134637995.0,170736841.952,TuShare index_daily
2017-06-27,000300.SH,3665.5775,3676.5328,3648.7635,3674.7152,3668.0919,6.6233,0.1806,0.0018040244571579066,97558702.0,123057231.694,TuShare index_daily
2017-06-28,000300.SH,3664.1629,3672.1887,3644.0268,3646.1666,3674.7152,-28.5486,-0.7769,-0.0077992639394721675,97920858.0,124465947.132,TuShare index_daily
2017-06-29,000300.SH,3649.2525,3669.1345,3644.7331,3668.8279,3646.1666,22.6613,0.6215,0.006195868635291732,85589498.0,111847266.867,TuShare index_daily
2017-06-30,000300.SH,3654.7348,3669.7584,3646.2272,3666.7977,3668.8279,-2.0302,-0.0553,-0.000553517903594956,81510028.0,102459981.992,TuShare index_daily
2017-07-03,000300.SH,3667.2316,3667.5957,3633.7825,3650.8463,3666.7977,-15.9514,-0.435,-0.004359716123344102,88820860.0,115214687.872,TuShare index_daily
2017-07-04,000300.SH,3646.828,3646.8455,3611.6911,3619.9841,3650.8463,-30.8622,-0.8453,-0.00848937016918417,95071413.0,125350417.552,TuShare index_daily
2017-07-05,000300.SH,3611.8984,3660.7291,3610.4586,3659.6795,3619.9841,39.6954,1.0966,0.010905941710095658,88232425.0,120351565.382,TuShare index_daily
2017-07-06,000300.SH,3654.5576,3666.7745,3629.56,3660.0967,3659.6795,0.4172,0.0114,0.00011399255634387506,102379245.0,132837126.778,TuShare index_daily
2017-07-07,000300.SH,3647.6416,3657.1131,3631.8702,3655.9293,3660.0967,-4.1674,-0.1139,-0.0011392524987576937,103735497.0,123465392.616,TuShare index_daily
2017-07-10,000300.SH,3647.9379,3667.8455,3641.5277,3653.6868,3655.9293,-2.2425,-0.0613,-0.0006135753341008933,120591910.0,141034626.508,TuShare index_daily
2017-07-11,000300.SH,3646.8783,3701.2087,3645.9946,3670.8086,3653.6868,17.1218,0.4686,0.004675224777110892,118760826.0,145084363.277,TuShare index_daily
2017-07-12,000300.SH,3672.6328,3691.5814,3640.5893,3658.8236,3670.8086,-11.985,-0.3265,-0.003270289792010191,122287792.0,143494599.072,TuShare index_daily
2017-07-13,000300.SH,3656.3502,3690.4832,3652.5658,3686.9205,3658.8236,28.0969,0.7679,0.0076498817922887085,125669549.0,146388679.598,TuShare index_daily
2017-07-14,000300.SH,3682.6153,3703.094,3672.7425,3703.094,3686.9205,16.1735,0.4387,0.004377129658592193,105514005.0,121021448.889,TuShare index_daily
2017-07-17,000300.SH,3700.6179,3716.47,3621.3652,3663.5575,3703.094,-39.5365,-1.0677,-0.010734016564415513,178821600.0,196217253.798,TuShare index_daily
2017-07-18,000300.SH,3648.4942,3667.5408,3622.0414,3667.1807,3663.5575,3.6232,0.0989,0.0009884953455373269,124622056.0,141472283.974,TuShare index_daily
2017-07-19,000300.SH,3660.8665,3731.0468,3658.2035,3729.7466,3667.1807,62.5659,1.7061,0.016917130477631895,182477787.0,198392451.748,TuShare index_daily
2017-07-20,000300.SH,3725.1436,3750.1938,3723.0689,3747.8843,3729.7466,18.1377,0.4863,0.004851198411312107,142410039.0,169267149.94,TuShare index_daily
2017-07-21,000300.SH,3738.1847,3751.6947,3722.0656,3728.5976,3747.8843,-19.2867,-0.5146,-0.005159309696680246,117941226.0,141432632.987,TuShare index_daily
2017-07-24,000300.SH,3724.3778,3755.1902,3719.8488,3743.4686,3728.5976,14.871,0.3988,0.003980430375324101,134868722.0,154701874.682,TuShare index_daily
2017-07-25,000300.SH,3742.6405,3752.1559,3713.2766,3719.559,3743.4686,-23.9096,-0.6387,-0.006407501910569485,121672059.0,133531656.186,TuShare index_daily
2017-07-26,000300.SH,3722.8761,3738.5316,3684.1819,3705.3884,3719.559,-14.1706,-0.381,-0.0038170283078687544,136325210.0,146518004.915,TuShare index_daily
2017-07-27,000300.SH,3700.8558,3716.6888,3672.4971,3712.1947,3705.3884,6.8063,0.1837,0.0018351804943682085,145002904.0,161631225.346,TuShare index_daily
2017-07-28,000300.SH,3703.4895,3725.5378,3696.7776,3721.8914,3712.1947,9.6967,0.2612,0.0026087148759696005,111411392.0,125817861.948,TuShare index_daily
2017-07-31,000300.SH,3722.4282,3746.5207,3713.655,3737.8732,3721.8914,15.9818,0.4294,0.004284806641638821,148429039.0,160890133.166,TuShare index_daily
2017-08-01,000300.SH,3738.7364,3770.4043,3737.0954,3770.3828,3737.8732,32.5096,0.8697,0.008659748192126341,152546539.0,173127578.959,TuShare index_daily
2017-08-02,000300.SH,3768.1938,3784.3511,3759.2764,3760.8525,3770.3828,-9.5303,-0.2528,-0.0025308743406424234,172293383.0,189336782.813,TuShare index_daily
2017-08-03,000300.SH,3755.1081,3766.3452,3718.4351,3727.8264,3760.8525,-33.0261,-0.8782,-0.008820331210649436,146153944.0,164710461.6,TuShare index_daily
2017-08-04,000300.SH,3724.7225,3738.7312,3707.003,3707.5796,3727.8264,-20.2468,-0.5431,-0.005446064422755287,157470060.0,168292664.589,TuShare index_daily
2017-08-07,000300.SH,3701.2161,3730.7774,3689.9552,3726.7948,3707.5796,19.2152,0.5183,0.0051692965015135515,124231530.0,134348537.498,TuShare index_daily
2017-08-08,000300.SH,3724.3287,3737.3344,3718.8116,3732.2129,3726.7948,5.4181,0.1454,0.0014527672234264035,137241928.0,146481868.919,TuShare index_daily
2017-08-09,000300.SH,3728.0319,3738.999,3713.5668,3731.044,3732.2129,-1.1689,-0.0313,-0.00031324126322330027,124679989.0,137223598.286,TuShare index_daily
2017-08-10,000300.SH,3724.962,3746.8614,3688.1766,3715.9208,3731.044,-15.1232,-0.4053,-0.004061579770028071,130085128.0,148005169.417,TuShare index_daily
2017-08-11,000300.SH,3687.9314,3700.4944,3645.0945,3647.3503,3715.9208,-68.5705,-1.8453,-0.018625548721311613,150387421.0,161083470.412,TuShare index_daily
2017-08-14,000300.SH,3651.3754,3698.3663,3651.3754,3694.6831,3647.3503,47.3328,1.2977,0.012893827412384441,115308451.0,140233894.117,TuShare index_daily
2017-08-15,000300.SH,3695.78,3719.2931,3692.2802,3706.0566,3694.6831,11.3735,0.3078,0.003073614102083343,106444857.0,124790630.952,TuShare index_daily
2017-08-16,000300.SH,3701.1337,3707.144,3679.7338,3701.4207,3706.0566,-4.6359,-0.1251,-0.001251681353180175,104134141.0,127282165.884,TuShare index_daily
2017-08-17,000300.SH,3707.0668,3722.6239,3704.4126,3721.277,3701.4207,19.8563,0.5365,0.005350170023601936,108656251.0,137020002.92,TuShare index_daily
2017-08-18,000300.SH,3707.1891,3733.4914,3700.4112,3724.6748,3721.277,3.3978,0.0913,0.0009126570590606256,96561705.0,123078163.944,TuShare index_daily
2017-08-21,000300.SH,3731.8399,3744.2631,3728.6157,3740.9941,3724.6748,16.3193,0.4381,0.004371832239290388,100313073.0,123911716.276,TuShare index_daily
2017-08-22,000300.SH,3745.7543,3758.2924,3734.5556,3752.298,3740.9941,11.3039,0.3022,0.0030170740507233697,100292856.0,131131078.398,TuShare index_daily
2017-08-23,000300.SH,3747.6108,3772.4568,3741.7204,3756.0884,3752.298,3.7904,0.101,0.0010096444482368895,104961573.0,124081155.71,TuShare index_daily
2017-08-24,000300.SH,3755.8902,3765.7082,3729.0876,3734.6458,3756.0884,-21.4426,-0.5709,-0.005725115321418205,89947372.0,107736019.091,TuShare index_daily
2017-08-25,000300.SH,3736.2916,3795.9693,3736.2916,3795.7544,3734.6458,61.1086,1.6363,0.0162301975467989,129940900.0,150697083.062,TuShare index_daily
2017-08-28,000300.SH,3805.6567,3866.9422,3805.6567,3842.7119,3795.7544,46.9575,1.2371,0.012295162328488495,185576325.0,236446280.855,TuShare index_daily
2017-08-29,000300.SH,3839.1779,3847.9303,3825.7597,3834.5376,3842.7119,-8.1743,-0.2127,-0.002129487413170702,128227070.0,158978683.685,TuShare index_daily
2017-08-30,000300.SH,3834.2682,3854.7062,3827.8607,3834.3005,3834.5376,-0.2371,-0.0062,-6.183466047503646e-05,141352857.0,166235122.004,TuShare index_daily
2017-08-31,000300.SH,3835.8394,3840.199,3800.8861,3822.0928,3834.3005,-12.2077,-0.3184,-0.003188893220792988,132944935.0,157079216.083,TuShare index_daily
2017-09-01,000300.SH,3825.3392,3843.6176,3818.1586,3830.5383,3822.0928,8.4455,0.221,0.0022072156147009,158645511.0,182770431.967,TuShare index_daily
2017-09-04,000300.SH,3828.5447,3847.0906,3813.5537,3845.6163,3830.5383,15.078,0.3936,0.003928534579551534,149566320.0,175551068.278,TuShare index_daily
2017-09-05,000300.SH,3845.5451,3865.2938,3841.9514,3857.0464,3845.6163,11.4301,0.2972,0.0029678330299271072,124964155.0,145779755.314,TuShare index_daily
2017-09-06,000300.SH,3846.7471,3858.2481,3831.3835,3849.4499,3857.0464,-7.5965,-0.197,-0.0019714542548732172,131398723.0,155883314.756,TuShare index_daily
2017-09-07,000300.SH,3851.688,3858.1617,3828.835,3829.8713,3849.4499,-19.5786,-0.5086,-0.0050990554792473795,123884181.0,156113397.125,TuShare index_daily
2017-09-08,000300.SH,3830.0707,3843.0186,3813.9833,3825.9895,3829.8713,-3.8818,-0.1014,-0.0010140728610560975,106036504.0,134958583.983,TuShare index_daily
2017-09-11,000300.SH,3828.3422,3850.7409,3817.5108,3825.6453,3825.9895,-0.3442,-0.009,-8.996770212613721e-05,123883997.0,154793900.773,TuShare index_daily
2017-09-12,000300.SH,3832.2422,3849.3885,3822.0037,3837.9341,3825.6453,12.2888,0.3212,0.003207068105229335,144190242.0,187605312.03,TuShare index_daily
2017-09-13,000300.SH,3835.5493,3847.7841,3822.9441,3842.6061,3837.9341,4.672,0.1217,0.001216581244178713,95410785.0,126254360.933,TuShare index_daily
2017-09-14,000300.SH,3843.572,3854.4931,3820.0876,3829.9554,3842.6061,-12.6507,-0.3292,-0.0032976500648873265,115358583.0,143111639.152,TuShare index_daily
2017-09-15,000300.SH,3826.1448,3843.297,3818.5234,3831.2965,3829.9554,1.3411,0.035,0.000350099443590409,122427006.0,153477215.18,TuShare index_daily
2017-09-18,000300.SH,3832.9626,3862.3589,3832.9626,3843.1428,3831.2965,11.8463,0.3092,0.003087211702567067,117934405.0,152841028.494,TuShare index_daily
2017-09-19,000300.SH,3849.8794,3857.303,3820.2885,3832.1161,3843.1428,-11.0267,-0.2869,-0.0028733122178582586,112432987.0,145528457.523,TuShare index_daily
2017-09-20,000300.SH,3830.1549,3850.9426,3827.8858,3842.4353,3832.1161,10.3192,0.2693,0.00268920114832173,101129542.0,135041882.371,TuShare index_daily
2017-09-21,000300.SH,3843.2577,3860.7977,3837.384,3837.8176,3842.4353,-4.6177,-0.1202,-0.0012024865890608793,111098192.0,144132893.229,TuShare index_daily
2017-09-22,000300.SH,3826.4589,3842.252,3816.8225,3837.7304,3837.8176,-0.0872,-0.0023,-2.2721504706530016e-05,100619802.0,128360894.859,TuShare index_daily
2017-09-25,000300.SH,3829.219,3835.3894,3811.1192,3817.7915,3837.7304,-19.9389,-0.5195,-0.005209036129921053,103948976.0,135980239.129,TuShare index_daily
2017-09-26,000300.SH,3810.3333,3821.6928,3808.3827,3820.7816,3817.7915,2.9901,0.0783,0.0007828949500334316,81869407.0,101036334.815,TuShare index_daily
2017-09-27,000300.SH,3818.9646,3832.566,3818.8147,3821.2,3820.7816,0.4184,0.011,0.00010950039461436072,85655811.0,109299492.247,TuShare index_daily
2017-09-28,000300.SH,3821.5904,3827.3308,3813.7532,3822.5386,3821.2,1.3386,0.035,0.00035024745971412797,93544069.0,115646338.522,TuShare index_daily
2017-09-29,000300.SH,3825.2021,3852.2236,3825.2021,3836.5013,3822.5386,13.9627,0.3653,0.003646074612610034,93306028.0,116056776.566,TuShare index_daily
2017-10-09,000300.SH,3910.1149,3918.8391,3876.0322,3882.2076,3836.5013,45.7063,1.1914,0.01184312941977477,135535851.0,171941460.832,TuShare index_daily
2017-10-10,000300.SH,3883.0037,3900.7418,3855.4666,3889.8637,3882.2076,7.6561,0.1972,0.001970157550263779,112532586.0,157979737.603,TuShare index_daily
2017-10-11,000300.SH,3886.8184,3913.0695,3885.497,3902.6868,3889.8637,12.8231,0.3297,0.003291120557876686,104418151.0,144152740.056,TuShare index_daily
2017-10-12,000300.SH,3902.0156,3917.4435,3897.5472,3912.9536,3902.6868,10.2668,0.2631,0.002627246234481852,94340921.0,123147248.618,TuShare index_daily
2017-10-13,000300.SH,3912.975,3927.1744,3908.8885,3921.0017,3912.9536,8.0481,0.2057,0.0020546716245297427,90142068.0,114314854.703,TuShare index_daily
2017-10-16,000300.SH,3926.2754,3947.4239,3913.3224,3913.4462,3921.0017,-7.5555,-0.1927,-0.0019287899897451727,121355033.0,150823756.592,TuShare index_daily
2017-10-17,000300.SH,3910.7894,3924.6141,3900.4758,3913.0688,3913.4462,-0.3774,-0.0096,-9.644139193307079e-05,82241227.0,106708451.684,TuShare index_daily
2017-10-18,000300.SH,3914.8152,3944.4106,3914.8152,3944.1626,3913.0688,31.0938,0.7946,0.007914737579810524,100969841.0,126420379.66,TuShare index_daily
2017-10-19,000300.SH,3940.5831,3944.0349,3923.6455,3931.2495,3944.1626,-12.9131,-0.3274,-0.0032793487905036084,106527252.0,133189855.169,TuShare index_daily
2017-10-20,000300.SH,3918.5265,3928.9607,3910.1974,3926.852,3931.2495,-4.3975,-0.1119,-0.0011192271973201407,72980180.0,94529636.639,TuShare index_daily
2017-10-23,000300.SH,3930.8914,3936.2729,3920.6562,3930.7981,3926.852,3.9461,0.1005,0.0010043970605767502,81484980.0,100280911.371,TuShare index_daily
2017-10-24,000300.SH,3926.2299,3959.4951,3922.0288,3959.3953,3930.7981,28.5972,0.7275,0.007248827442194198,93058154.0,120192150.584,TuShare index_daily
2017-10-25,000300.SH,3958.1669,3978.0893,3954.0011,3976.949,3959.3953,17.5537,0.4433,0.004423630820797213,88205458.0,106820309.535,TuShare index_daily
2017-10-26,000300.SH,3980.0479,4013.5988,3973.5535,3993.5752,3976.949,16.6262,0.4181,0.004171927390893789,129895465.0,170488618.587,TuShare index_daily
2017-10-27,000300.SH,3992.5539,4024.4645,3991.354,4021.9676,3993.5752,28.3924,0.711,0.0070843658265906375,126672846.0,152974831.071,TuShare index_daily
2017-10-30,000300.SH,4022.1641,4033.3394,3960.2698,4009.7218,4021.9676,-12.2458,-0.3045,-0.0030493732711187656,157387603.0,193489838.439,TuShare index_daily
2017-10-31,000300.SH,3995.3935,4009.2828,3983.2565,4006.7179,4009.7218,-3.0039,-0.0749,-0.0007494349743803357,109178779.0,142897206.949,TuShare index_daily
2017-11-01,000300.SH,4007.9116,4032.4581,3991.3235,3996.6221,4006.7179,-10.0958,-0.252,-0.002522898028820987,130417380.0,166477138.571,TuShare index_daily
2017-11-02,000300.SH,3994.0946,3999.2262,3971.3761,3997.1343,3996.6221,0.5122,0.0128,0.00012815001485439733,126100579.0,151981363.64,TuShare index_daily
2017-11-03,000300.SH,3992.3496,3999.3373,3963.0263,3992.6979,3997.1343,-4.4364,-0.111,-0.001110511546394529,129404439.0,158142056.585,TuShare index_daily
2017-11-06,000300.SH,3989.1824,4021.6382,3975.4069,4020.8896,3992.6979,28.1917,0.7061,0.007036003862998055,122081159.0,158911861.111,TuShare index_daily
2017-11-07,000300.SH,4022.4018,4064.2178,4021.3639,4054.2465,4020.8896,33.3569,0.8296,0.008261678643900625,152116663.0,193990974.032,TuShare index_daily
2017-11-08,000300.SH,4051.4935,4089.1457,4040.5772,4048.0057,4054.2465,-6.2408,-0.1539,-0.0015405102384266635,150827719.0,200949740.671,TuShare index_daily
2017-11-09,000300.SH,4043.0663,4076.6102,4038.4004,4075.8998,4048.0057,27.8941,0.6891,0.006867192046937809,121056335.0,159247198.176,TuShare index_daily
2017-11-10,000300.SH,4070.2763,4116.7142,4067.657,4111.9112,4075.8998,36.0114,0.8835,0.008796400455064404,141817165.0,198869833.811,TuShare index_daily
2017-11-13,000300.SH,4115.5507,4137.6455,4115.5507,4128.0733,4111.9112,16.1621,0.3931,0.0039228522156154084,151446309.0,205930794.541,TuShare index_daily
2017-11-14,000300.SH,4129.2736,4133.5462,4086.8903,4099.351,4128.0733,-28.7223,-0.6958,-0.006982116306831353,143236936.0,199605009.025,TuShare index_daily
2017-11-15,000300.SH,4084.2131,4102.8071,4055.7167,4073.6696,4099.351,-25.6814,-0.6265,-0.006284453638224415,120635696.0,177753075.436,TuShare index_daily
2017-11-16,000300.SH,4063.4943,4107.617,4062.2734,4105.0122,4073.6696,31.3426,0.7694,0.0076645000258571145,121384414.0,172903880.58,TuShare index_daily
2017-11-17,000300.SH,4094.0787,4122.3756,4081.3723,4120.8508,4105.0122,15.8386,0.3858,0.0038509320112525168,191784119.0,253079314.045,TuShare index_daily
2017-11-20,000300.SH,4093.734,4144.5144,4060.9636,4143.8334,4120.8508,22.9826,0.5577,0.005561654549717554,137447258.0,191589637.482,TuShare index_daily
2017-11-21,000300.SH,4131.8482,4220.2636,4129.9783,4217.7015,4143.8334,73.8681,1.7826,0.01766900996951351,180350821.0,253302199.628,TuShare index_daily
2017-11-22,000300.SH,4228.3721,4260.6395,4191.145,4227.5666,4217.7015,9.8651,0.2339,0.0023362442423838147,186477003.0,254298361.69,TuShare index_daily
2017-11-23,000300.SH,4213.3781,4214.1895,4086.9018,4102.3966,4227.5666,-125.17,-2.9608,-0.03005521613756193,178147228.0,237536704.704,TuShare index_daily
2017-11-24,000300.SH,4089.4723,4116.5942,4057.4894,4104.2034,4102.3966,1.8068,0.044,0.00044032852318716474,130858040.0,182912191.367,TuShare index_daily
2017-11-27,000300.SH,4088.9318,4088.9318,4037.1457,4049.9475,4104.2034,-54.2559,-1.322,-0.013307749972386596,143455268.0,183004551.223,TuShare index_daily
2017-11-28,000300.SH,4034.2057,4056.4753,4010.2955,4055.8235,4049.9475,5.876,0.1451,0.0014498314914854682,102058095.0,135539647.289,TuShare index_daily
2017-11-29,000300.SH,4061.3545,4069.2418,4004.687,4053.7529,4055.8235,-2.0706,-0.0511,-0.000510655536828198,124553642.0,165743341.284,TuShare index_daily
2017-11-30,000300.SH,4034.0091,4052.797,3988.0018,4006.0993,4053.7529,-47.6536,-1.1755,-0.011825069271435942,107983345.0,145829948.321,TuShare index_daily
2017-12-01,000300.SH,4003.5604,4027.1064,3984.3776,3998.1365,4006.0993,-7.9628,-0.1988,-0.0019896471882695846,97386913.0,136010927.567,TuShare index_daily
2017-12-04,000300.SH,3989.0466,4032.9859,3982.3182,4018.8571,3998.1365,20.7206,0.5183,0.005169181160029381,102647219.0,138223055.525,TuShare index_daily
2017-12-05,000300.SH,4007.9361,4045.9331,4006.5432,4040.1704,4018.8571,21.3133,0.5303,0.005289310574958369,154087076.0,196337660.259,TuShare index_daily
2017-12-06,000300.SH,4027.1231,4031.7533,3964.8087,4015.8211,4040.1704,-24.3493,-0.6027,-0.006045034716964068,109286205.0,144114954.18,TuShare index_daily
2017-12-07,000300.SH,4003.5826,4017.9465,3955.9939,3971.0569,4015.8211,-44.7642,-1.1147,-0.011209553653571425,90254045.0,119651201.504,TuShare index_daily
2017-12-08,000300.SH,3962.8288,4014.1387,3955.44,4003.3792,3971.0569,32.3223,0.8139,0.008106523546348764,89282861.0,124371230.332,TuShare index_daily
2017-12-11,000300.SH,4006.8784,4069.4997,4005.2687,4069.4997,4003.3792,66.1205,1.6516,0.016381263588608606,97148946.0,148476588.469,TuShare index_daily
2017-12-12,000300.SH,4068.5053,4070.1503,4015.4546,4016.0163,4069.4997,-53.4834,-1.3143,-0.013229626919694766,84338718.0,123515183.182,TuShare index_daily
2017-12-13,000300.SH,4013.8319,4052.6878,4004.7436,4050.0927,4016.0163,34.0764,0.8485,0.008449328599258595,77546131.0,115006383.36,TuShare index_daily
2017-12-14,000300.SH,4050.9028,4057.6245,4013.8546,4026.1516,4050.0927,-23.9411,-0.5911,-0.005928787995797188,80768862.0,115086944.924,TuShare index_daily
2017-12-15,000300.SH,4018.7313,4020.2668,3974.9277,3980.8558,4026.1516,-45.2958,-1.125,-0.011314160442207443,89044389.0,118474144.231,TuShare index_daily
2017-12-18,000300.SH,3983.2965,4008.0688,3967.9343,3985.2914,3980.8558,4.4356,0.1114,0.001113612477157036,77853375.0,111724349.856,TuShare index_daily
2017-12-19,000300.SH,3985.8233,4035.6296,3985.8233,4035.3294,3985.2914,50.038,1.2556,0.012477500293090553,77528985.0,115998204.342,TuShare index_daily
2017-12-20,000300.SH,4036.019,4044.8485,4015.6285,4030.4898,4035.3294,-4.8396,-0.1199,-0.0012000270427034853,90604503.0,126812878.124,TuShare index_daily
2017-12-21,000300.SH,4023.076,4080.781,4014.6526,4067.8485,4030.4898,37.3587,0.9269,0.009226328569982019,96836089.0,137819520.871,TuShare index_daily
2017-12-22,000300.SH,4064.9131,4076.8028,4048.4913,4054.5984,4067.8485,-13.2501,-0.3257,-0.003262591166558445,73473684.0,104426496.022,TuShare index_daily
2017-12-25,000300.SH,4057.4173,4086.9342,4026.4496,4041.5401,4054.5984,-13.0583,-0.3221,-0.0032258122371727847,91926962.0,129938839.152,TuShare index_daily
2017-12-26,000300.SH,4040.6173,4056.8554,4015.2996,4053.6224,4041.5401,12.0823,0.299,0.0029850689153547018,91118790.0,119725100.617,TuShare index_daily
2017-12-27,000300.SH,4045.2793,4047.7366,3986.7385,3991.2075,4053.6224,-62.4149,-1.5397,-0.01551708441951503,105153577.0,140516907.102,TuShare index_daily
2017-12-28,000300.SH,3992.997,4036.6975,3980.2358,4018.8974,3991.2075,27.6899,0.6938,0.00691376970568803,118542886.0,153636695.762,TuShare index_daily
2017-12-29,000300.SH,4022.8826,4043.14,4012.8749,4030.8549,4018.8974,11.9575,0.2975,0.002970901053686374,90486683.0,121257038.529,TuShare index_daily
2018-01-02,000300.SH,4045.2086,4087.7789,4045.2086,4087.4012,4030.8549,56.5463,1.4028,0.013930877221025127,146935435.0,178402032.875,TuShare index_daily
2018-01-03,000300.SH,4091.4607,4140.0543,4088.7302,4111.3925,4087.4012,23.9913,0.587,0.005852414234214498,151852218.0,205726889.556,TuShare index_daily
2018-01-04,000300.SH,4114.1213,4137.642,4105.8858,4128.8119,4111.3925,17.4194,0.4237,0.004227911129966085,134543794.0,174523556.133,TuShare index_daily
2018-01-05,000300.SH,4133.3439,4151.2818,4123.2817,4138.7505,4128.8119,9.9386,0.2407,0.0024042406471347275,149009872.0,185206293.226,TuShare index_daily
2018-01-08,000300.SH,4140.8545,4166.3182,4127.3081,4160.1595,4138.7505,21.409,0.5173,0.0051594841955802774,173877666.0,226403872.932,TuShare index_daily
2018-01-09,000300.SH,4157.5394,4191.2843,4153.5021,4189.2977,4160.1595,29.1382,0.7004,0.006979691635886268,139034294.0,181975079.758,TuShare index_daily
2018-01-10,000300.SH,4187.2044,4211.0549,4175.1355,4207.8132,4189.2977,18.5155,0.442,0.004409976294888542,151121666.0,194850253.886,TuShare index_daily
2018-01-11,000300.SH,4197.1136,4211.799,4181.9572,4205.5863,4207.8132,-2.2269,-0.0529,-0.000529369858641328,121578539.0,170407305.946,TuShare index_daily
2018-01-12,000300.SH,4205.1444,4227.3923,4199.0251,4225.001,4205.5863,19.4147,0.4616,0.004605784539051153,111354794.0,157606210.635,TuShare index_daily
2018-01-15,000300.SH,4229.8357,4262.9314,4216.3585,4225.2393,4225.001,0.2383,0.0056,5.640076296140589e-05,170907897.0,234986586.088,TuShare index_daily
2018-01-16,000300.SH,4215.6247,4260.2118,4213.1275,4258.473,4225.2393,33.2337,0.7866,0.0078347470597828,161494963.0,228271224.756,TuShare index_daily
2018-01-17,000300.SH,4261.7833,4283.3449,4230.5367,4248.1164,4258.473,-10.3566,-0.2432,-0.002434960624066686,214311032.0,284554359.815,TuShare index_daily
2018-01-18,000300.SH,4259.375,4292.6372,4246.684,4271.4168,4248.1164,23.3004,0.5485,0.0054698907905102205,172032846.0,225289688.909,TuShare index_daily
2018-01-19,000300.SH,4281.9371,4316.5714,4269.6167,4285.395,4271.4168,13.9782,0.3272,0.003267154346892089,209490570.0,258554725.36,TuShare index_daily
2018-01-22,000300.SH,4276.4811,4338.4832,4275.8977,4336.5974,4285.395,51.2024,1.1948,0.011877301568188106,174643195.0,233960223.311,TuShare index_daily
2018-01-23,000300.SH,4346.8885,4383.5722,4346.7925,4382.6129,4336.5974,46.0155,1.0611,0.010555067633287804,201867585.0,257113359.897,TuShare index_daily
2018-01-24,000300.SH,4389.4547,4397.8196,4349.0865,4389.8853,4382.6129,7.2724,0.1659,0.0016580001500516833,219818889.0,284470809.53,TuShare index_daily
2018-01-25,000300.SH,4381.9768,4392.1963,4336.2386,4365.0794,4389.8853,-24.8059,-0.5651,-0.005666719908068406,195374950.0,250308091.87,TuShare index_daily
2018-01-26,000300.SH,4352.2211,4403.3375,4351.4871,4381.2996,4365.0794,16.2202,0.3716,0.003709013431685871,177227237.0,223331309.122,TuShare index_daily
2018-01-29,000300.SH,4387.0577,4395.9053,4287.1124,4302.0181,4381.2996,-79.2815,-1.8095,-0.018261154524616036,191100354.0,256176323.789,TuShare index_daily
2018-01-30,000300.SH,4286.6834,4308.5115,4251.5706,4256.1021,4302.0181,-45.916,-1.0673,-0.010730496768858172,139034730.0,186650566.155,TuShare index_daily
2018-01-31,000300.SH,4234.1101,4287.8576,4232.7727,4275.8986,4256.1021,19.7965,0.4651,0.0046405377172039795,145210164.0,194401798.025,TuShare index_daily
2018-02-01,000300.SH,4276.3425,4287.3888,4214.2909,4245.8978,4275.8986,-30.0008,-0.7016,-0.007040985851740781,190002934.0,239230298.933,TuShare index_daily
2018-02-02,000300.SH,4213.9386,4271.7647,4181.7793,4271.2326,4245.8978,25.3348,0.5967,0.005949157411450897,146066827.0,191169867.288,TuShare index_daily
2018-02-05,000300.SH,4204.458,4274.1464,4200.1409,4274.1464,4271.2326,2.9138,0.0682,0.0006819592467287383,161347799.0,217360144.504,TuShare index_daily
2018-02-06,000300.SH,4182.3257,4211.5234,4131.5562,4148.8856,4274.1464,-125.2608,-2.9307,-0.02974464187543662,214910450.0,279415083.155,TuShare index_daily
2018-02-07,000300.SH,4205.7365,4212.5677,4048.4228,4050.4972,4148.8856,-98.3884,-2.3714,-0.024000129045968894,203127493.0,261507027.391,TuShare index_daily
2018-02-08,000300.SH,4022.8802,4071.6653,3974.6779,4012.0472,4050.4972,-38.45,-0.9493,-0.009538004279119664,159269985.0,199061771.955,TuShare index_daily
2018-02-09,000300.SH,3896.1691,3911.2917,3759.1463,3840.6527,4012.0472,-171.3945,-4.272,-0.04365930862233555,206349828.0,246774828.431,TuShare index_daily
2018-02-12,000300.SH,3846.2671,3907.843,3828.0697,3890.1046,3840.6527,49.4519,1.2876,0.012793720614961816,116182637.0,149858043.556,TuShare index_daily
2018-02-13,000300.SH,3925.5955,3986.9807,3925.5955,3935.6324,3890.1046,45.5278,1.1703,0.011635533790549657,112565885.0,144479354.377,TuShare index_daily
2018-02-14,000300.SH,3945.0943,3971.4041,3923.1267,3966.9614,3935.6324,31.329,0.796,0.007928830690543,71081338.0,93110201.39,TuShare index_daily
2018-02-22,000300.SH,4020.9731,4058.7878,4009.9202,4052.7332,3966.9614,85.7718,2.1622,0.021391106487451253,105811571.0,138334361.735,TuShare index_daily
2018-02-23,000300.SH,4061.7545,4085.2008,4035.2319,4071.0889,4052.7332,18.3557,0.4529,0.004518988971263035,99458746.0,128195835.194,TuShare index_daily
2018-02-26,000300.SH,4093.3988,4128.7435,4048.9834,4118.4186,4071.0889,47.3297,1.1626,0.011558748057687147,137881001.0,179013093.605,TuShare index_daily
2018-02-27,000300.SH,4120.8712,4120.8712,4051.8054,4058.9806,4118.4186,-59.438,-1.4432,-0.01453739638348993,125934470.0,169684900.954,TuShare index_daily
2018-02-28,000300.SH,4016.7911,4051.7124,3991.7063,4023.6415,4058.9806,-35.3391,-0.8706,-0.008744519971607157,109343593.0,152493909.262,TuShare index_daily
2018-03-01,000300.SH,3994.8686,4061.0328,3986.8947,4049.0863,4023.6415,25.4448,0.6324,0.006303912356162683,110199852.0,146003456.663,TuShare index_daily
2018-03-02,000300.SH,4014.951,4044.4183,4006.9435,4016.461,4049.0863,-32.6253,-0.8057,-0.008090084089436332,96165000.0,130931181.201,TuShare index_daily
2018-03-05,000300.SH,4021.6575,4042.8346,3995.8715,4018.097,4016.461,1.636,0.0407,0.0004072408270897777,87952548.0,118197859.452,TuShare index_daily
2018-03-06,000300.SH,4034.9854,4067.5525,3998.9317,4066.5647,4018.097,48.4677,1.2062,0.011990181521049881,138762444.0,171370654.136,TuShare index_daily
2018-03-07,000300.SH,4063.5028,4089.6964,4027.9363,4036.6536,4066.5647,-29.9111,-0.7355,-0.0073825570888245776,106952426.0,136572305.56,TuShare index_daily
2018-03-08,000300.SH,4038.9527,4078.2263,4029.7144,4077.6001,4036.6536,40.9465,1.0144,0.01009257267049201,91155810.0,123634637.12,TuShare index_daily
2018-03-09,000300.SH,4088.0704,4110.6738,4076.4537,4108.8652,4077.6001,31.2651,0.7668,0.007638278759686679,113701808.0,150024119.651,TuShare index_daily
2018-03-12,000300.SH,4130.7082,4139.5259,4112.7658,4127.6662,4108.8652,18.801,0.4576,0.0045652791790092165,140906739.0,190367593.786,TuShare index_daily
2018-03-13,000300.SH,4124.3312,4130.2829,4087.5629,4091.2533,4127.6662,-36.4129,-0.8822,-0.00886080907424242,111766430.0,141174160.638,TuShare index_daily
2018-03-14,000300.SH,4076.0626,4089.0942,4066.4896,4073.3447,4091.2533,-17.9086,-0.4377,-0.0043868978535668065,99013409.0,131537959.37,TuShare index_daily
2018-03-15,000300.SH,4058.7058,4098.989,4058.7058,4096.1627,4073.3447,22.818,0.5602,0.005586153049198009,88161156.0,126882452.702,TuShare index_daily
2018-03-16,000300.SH,4096.8857,4110.0451,4055.822,4056.4226,4096.1627,-39.7401,-0.9702,-0.00974915644516685,84896188.0,122125342.027,TuShare index_daily
2018-03-19,000300.SH,4054.6167,4074.518,4033.5216,4074.2479,4056.4226,17.8253,0.4394,0.004384713058697811,81502882.0,118183815.14,TuShare index_daily
2018-03-20,000300.SH,4045.7428,4080.1925,4040.308,4077.7041,4074.2479,3.4562,0.0848,0.0008479441996437564,80605280.0,111980234.031,TuShare index_daily
2018-03-21,000300.SH,4097.0243,4110.1158,4046.2408,4061.0502,4077.7041,-16.6539,-0.4084,-0.004092499326107085,97609488.0,139330411.871,TuShare index_daily
2018-03-22,000300.SH,4062.0668,4072.3771,4003.721,4020.349,4061.0502,-40.7012,-1.0022,-0.01007289533203283,89095259.0,127664337.99,TuShare index_daily
2018-03-23,000300.SH,3896.7359,3928.5114,3834.9373,3904.9355,4020.349,-115.4135,-2.8707,-0.029127448913337784,180080449.0,218905031.317,TuShare index_daily
2018-03-26,000300.SH,3862.6948,3883.901,3829.9155,3879.893,3904.9355,-25.0425,-0.6413,-0.006433689934372874,115139128.0,156604527.227,TuShare index_daily
2018-03-27,000300.SH,3927.492,3936.778,3881.8726,3913.2689,3879.893,33.3759,0.8602,0.008565484584295732,113700711.0,162291546.573,TuShare index_daily
2018-03-28,000300.SH,3865.0454,3907.2811,3835.8825,3842.7155,3913.2689,-70.5534,-1.8029,-0.018193782382508124,101494908.0,155848951.057,TuShare index_daily
2018-03-29,000300.SH,3854.5914,3913.9578,3794.2617,3894.0498,3842.7155,51.3343,1.3359,0.013270417637119006,116629066.0,164996782.981,TuShare index_daily
2018-03-30,000300.SH,3893.7468,3915.3473,3879.2128,3898.4977,3894.0498,4.4479,0.1142,0.0011415780226023604,97512270.0,137959280.455,TuShare index_daily
2018-04-02,000300.SH,3897.0052,3937.0183,3882.8856,3886.9189,3898.4977,-11.5788,-0.297,-0.0029744865642820487,111242666.0,159356080.038,TuShare index_daily
2018-04-03,000300.SH,3850.1546,3878.1504,3839.9333,3862.4796,3886.9189,-24.4393,-0.6288,-0.0063074265760417105,95137369.0,132049936.105,TuShare index_daily
2018-04-04,000300.SH,3873.6267,3898.6126,3852.4958,3854.8625,3862.4796,-7.6171,-0.1972,-0.001974022241025953,88730609.0,131593067.938,TuShare index_daily
2018-04-09,000300.SH,3851.9548,3870.6736,3827.4133,3852.9292,3854.8625,-1.9333,-0.0502,-0.0005016482322799196,84105462.0,118167273.509,TuShare index_daily
2018-04-10,000300.SH,3860.7225,3927.4247,3851.7957,3927.1729,3852.9292,74.2437,1.9269,0.01908611296393232,106173722.0,137941300.225,TuShare index_daily
2018-04-11,000300.SH,3934.1698,3958.7071,3924.9603,3938.3434,3927.1729,11.1705,0.2844,0.0028403748931388356,111933021.0,139989290.63,TuShare index_daily
2018-04-12,000300.SH,3935.673,3937.7837,3896.1789,3898.6354,3938.3434,-39.708,-1.0082,-0.010133583568970973,82699490.0,108075565.476,TuShare index_daily
2018-04-13,000300.SH,3920.7375,3929.952,3866.186,3871.1443,3898.6354,-27.4911,-0.7051,-0.007076446381222022,71544203.0,98921826.969,TuShare index_daily
2018-04-16,000300.SH,3862.4738,3869.156,3789.6121,3808.863,3871.1443,-62.2813,-1.6089,-0.016219428685991556,99217770.0,131566866.868,TuShare index_daily
2018-04-17,000300.SH,3812.8746,3822.6264,3745.4442,3748.6412,3808.863,-60.2218,-1.5811,-0.015937291751862186,90610790.0,126518751.972,TuShare index_daily
2018-04-18,000300.SH,3785.3059,3789.6591,3708.1068,3766.282,3748.6412,17.6408,0.4706,0.0046948802891430465,106676706.0,143077676.004,TuShare index_daily
2018-04-19,000300.SH,3774.784,3824.0321,3767.7974,3811.843,3766.282,45.561,1.2097,0.012024491273144259,99054060.0,127520121.562,TuShare index_daily
2018-04-20,000300.SH,3801.2075,3815.444,3750.1033,3760.8543,3811.843,-50.9887,-1.3376,-0.013466660173615443,99282925.0,123550664.541,TuShare index_daily
2018-04-23,000300.SH,3754.6896,3787.3951,3735.1842,3766.3257,3760.8543,5.4714,0.1455,0.0014537717880077582,90356291.0,111763031.5,TuShare index_daily
2018-04-24,000300.SH,3769.8787,3854.4292,3769.8787,3843.4886,3766.3257,77.1629,2.0488,0.020280532927162264,114219525.0,145700512.791,TuShare index_daily
2018-04-25,000300.SH,3824.5929,3838.6921,3817.032,3828.7015,3843.4886,-14.7871,-0.3847,-0.0038547319910832763,78172612.0,105750449.452,TuShare index_daily
2018-04-26,000300.SH,3823.3921,3828.7129,3744.8852,3755.4941,3828.7015,-73.2074,-1.9121,-0.01930585065145748,87150641.0,125772304.515,TuShare index_daily
2018-04-27,000300.SH,3771.0369,3776.9751,3714.6444,3756.8765,3755.4941,1.3824,0.0368,0.0003680329656801829,89531726.0,142113627.6,TuShare index_daily
2018-05-02,000300.SH,3769.9251,3787.3025,3744.5475,3763.6461,3756.8765,6.7696,0.1802,0.0018003009068554776,83301035.0,120083483.29,TuShare index_daily
2018-05-03,000300.SH,3756.1657,3797.5269,3732.3718,3793.0001,3763.6461,29.354,0.7799,0.0077690940850433,93961118.0,122740168.864,TuShare index_daily
2018-05-04,000300.SH,3784.3161,3801.5243,3770.9389,3774.5981,3793.0001,-18.402,-0.4852,-0.0048633756139366815,71554288.0,98315254.609,TuShare index_daily
2018-05-07,000300.SH,3782.5404,3834.5872,3776.0296,3834.1877,3774.5981,59.5896,1.5787,0.015663686671114112,87286195.0,126354800.811,TuShare index_daily
2018-05-08,000300.SH,3834.6141,3892.0732,3833.729,3878.6767,3834.1877,44.489,1.1603,0.011536438632792785,94215157.0,135445862.529,TuShare index_daily
2018-05-09,000300.SH,3876.1296,3878.9382,3855.7392,3871.6152,3878.6767,-7.0615,-0.1821,-0.00182225445058165,66712966.0,92322896.271,TuShare index_daily
2018-05-10,000300.SH,3882.8357,3894.4902,3867.3084,3893.0565,3871.6152,21.4413,0.5538,0.00552279744136965,70667809.0,103255140.585,TuShare index_daily
2018-05-11,000300.SH,3902.1481,3903.3378,3871.9523,3872.8383,3893.0565,-20.2182,-0.5193,-0.005206932671784782,73356604.0,107715457.04,TuShare index_daily
2018-05-14,000300.SH,3886.8736,3919.2999,3886.8736,3909.2933,3872.8383,36.455,0.9413,0.009368966893457287,81975999.0,122520047.995,TuShare index_daily
2018-05-15,000300.SH,3920.1395,3924.3427,3892.9198,3924.0975,3909.2933,14.8042,0.3787,0.0037797725156862973,76049555.0,106091905.845,TuShare index_daily
2018-05-16,000300.SH,3909.8183,3923.3433,3889.1877,3892.8442,3924.0975,-31.2533,-0.7964,-0.007996341211463335,71913646.0,106533930.265,TuShare index_daily
2018-05-17,000300.SH,3895.4895,3899.5137,3858.8525,3864.0507,3892.8442,-28.7935,-0.7397,-0.007424009895567731,59030123.0,87104164.68,TuShare index_daily
2018-05-18,000300.SH,3860.1644,3903.0637,3841.896,3903.0637,3864.0507,39.013,1.0096,0.010045771461980648,72613956.0,96823851.809,TuShare index_daily
2018-05-21,000300.SH,3925.5394,3937.4607,3913.6046,3921.2421,3903.0637,18.1784,0.4657,0.004646657012846476,92641737.0,120528726.019,TuShare index_daily
2018-05-22,000300.SH,3918.8153,3918.8153,3881.169,3906.2081,3921.2421,-15.034,-0.3834,-0.0038413578119837126,75368778.0,102883344.897,TuShare index_daily
2018-05-23,000300.SH,3898.2683,3898.2683,3854.5825,3854.5825,3906.2081,-51.6256,-1.3216,-0.013304407802632041,83722319.0,110684503.206,TuShare index_daily
2018-05-24,000300.SH,3853.2916,3859.1034,3823.9235,3827.217,3854.5825,-27.3655,-0.7099,-0.007124793028526381,68345022.0,93408219.637,TuShare index_daily
2018-05-25,000300.SH,3823.7448,3841.1244,3804.1349,3816.498,3827.217,-10.719,-0.2801,-0.0028046589979882457,70836386.0,95667543.827,TuShare index_daily
2018-05-28,000300.SH,3816.2649,3846.5525,3799.3207,3833.2599,3816.498,16.7619,0.4392,0.004382341779967459,71521132.0,100001639.047,TuShare index_daily
2018-05-29,000300.SH,3824.1909,3841.7794,3800.6749,3804.0093,3833.2599,-29.2506,-0.7631,-0.007660000520758945,81552662.0,117288580.582,TuShare index_daily
2018-05-30,000300.SH,3755.1764,3767.8872,3722.0719,3723.3724,3804.0093,-80.6369,-2.1198,-0.02142577272682183,87913285.0,115858975.81,TuShare index_daily
2018-05-31,000300.SH,3749.2954,3804.7919,3742.5287,3802.3759,3723.3724,79.0035,2.1218,0.02099629144703934,92666894.0,130545422.18,TuShare index_daily
2018-06-01,000300.SH,3789.6716,3802.5366,3753.8395,3770.5891,3802.3759,-31.7868,-0.836,-0.008394858995770414,77821813.0,105934865.863,TuShare index_daily
2018-06-04,000300.SH,3785.1869,3813.4065,3776.6185,3807.5781,3770.5891,36.989,0.981,0.009762068524331617,76624341.0,115146468.45,TuShare index_daily
2018-06-05,000300.SH,3811.2852,3845.5648,3800.9256,3845.3164,3807.5781,37.7383,0.9911,0.009862570534798203,78687360.0,121261467.224,TuShare index_daily
2018-06-06,000300.SH,3839.683,3848.3295,3830.8956,3837.3511,3845.3164,-7.9653,-0.2071,-0.002073577401091168,73117237.0,107142041.766,TuShare index_daily
2018-06-07,000300.SH,3846.9367,3859.8476,3827.6874,3831.0128,3837.3511,-6.3383,-0.1652,-0.0016531039804767416,80256147.0,112365710.702,TuShare index_daily
2018-06-08,000300.SH,3819.4477,3819.4607,3759.2717,3779.6159,3831.0128,-51.3969,-1.3416,-0.013506816165262114,83337335.0,107818798.321,TuShare index_daily
2018-06-11,000300.SH,3770.208,3792.548,3756.5148,3779.9818,3779.6159,0.3659,0.0097,9.680409323518328e-05,68709834.0,105597924.649,TuShare index_daily
2018-06-12,000300.SH,3783.1858,3830.471,3765.2644,3825.9534,3779.9818,45.9716,1.2162,0.012088496316527605,73206244.0,116217139.615,TuShare index_daily
2018-06-13,000300.SH,3814.6174,3817.4528,3782.0728,3788.3391,3825.9534,-37.6143,-0.9831,-0.00988000026904556,66377970.0,97185498.92,TuShare index_daily
2018-06-14,000300.SH,3774.6396,3808.1616,3759.2484,3773.3655,3788.3391,-14.9736,-0.3953,-0.003960382046998095,68471322.0,99234014.984,TuShare index_daily
2018-06-15,000300.SH,3763.0405,3780.3368,3737.4282,3753.4338,3773.3655,-19.9317,-0.5282,-0.0052962078024381964,85488893.0,109534900.847,TuShare index_daily
2018-06-19,000300.SH,3702.6681,3712.8162,3583.0208,3621.1166,3753.4338,-132.3172,-3.5252,-0.035888669688640594,160706542.0,193848797.293,TuShare index_daily
2018-06-20,000300.SH,3602.5512,3649.3359,3578.1743,3635.4436,3621.1166,14.327,0.3957,0.00394870798864066,86718098.0,112804812.786,TuShare index_daily
2018-06-21,000300.SH,3633.5558,3673.5625,3589.4899,3592.965,3635.4436,-42.4786,-1.1685,-0.011753372382572898,93908552.0,115584149.028,TuShare index_daily
2018-06-22,000300.SH,3567.8939,3609.0751,3542.4564,3608.9046,3592.965,15.9396,0.4436,0.00442652447549438,75117864.0,89687282.053,TuShare index_daily
2018-06-25,000300.SH,3625.7984,3631.0253,3559.0343,3560.4777,3608.9046,-48.4269,-1.3419,-0.01350957014091455,79877078.0,106690345.317,TuShare index_daily
2018-06-26,000300.SH,3521.5876,3541.782,3478.2134,3531.1112,3560.4777,-29.3665,-0.8248,-0.008282112309727857,84985269.0,108132167.346,TuShare index_daily
2018-06-27,000300.SH,3525.1323,3537.6569,3441.785,3459.2621,3531.1112,-71.8491,-2.0347,-0.02055730851614087,81491817.0,107628896.582,TuShare index_daily
2018-06-28,000300.SH,3434.9441,3477.0565,3416.9476,3423.5255,3459.2621,-35.7366,-1.0331,-0.0103844323604346,75918051.0,98570527.345,TuShare index_daily
2018-06-29,000300.SH,3431.9619,3512.3834,3425.2159,3510.9845,3423.5255,87.459,2.5546,0.025225614411043255,77257031.0,97616367.299,TuShare index_daily
2018-07-02,000300.SH,3504.4571,3506.8996,3383.5006,3407.9638,3510.9845,-103.0207,-2.9342,-0.029781495634955715,84351449.0,107601540.659,TuShare index_daily
2018-07-03,000300.SH,3410.4767,3422.0398,3319.2889,3409.2801,3407.9638,1.3163,0.0386,0.0003861677932213714,95278693.0,129898019.347,TuShare index_daily
2018-07-04,000300.SH,3398.7788,3418.3311,3359.0861,3363.7473,3409.2801,-45.5328,-1.3356,-0.013445534255077423,75157997.0,93648559.089,TuShare index_daily
2018-07-05,000300.SH,3365.5547,3398.4852,3330.7113,3342.4379,3363.7473,-21.3094,-0.6335,-0.0063551694697030125,81587981.0,97544619.59,TuShare index_daily
2018-07-06,000300.SH,3347.0624,3396.2458,3295.7296,3365.1227,3342.4379,22.6848,0.6787,0.006763975114381641,86097579.0,109481942.501,TuShare index_daily
2018-07-09,000300.SH,3378.9056,3459.3153,3378.9056,3459.1837,3365.1227,94.061,2.7952,0.027568210351744886,76601545.0,100918863.679,TuShare index_daily
2018-07-10,000300.SH,3464.9064,3474.1396,3437.2706,3467.5155,3459.1837,8.3318,0.2409,0.002405706896671865,69548823.0,90127445.728,TuShare index_daily
2018-07-11,000300.SH,3398.9265,3427.5705,3375.1441,3407.5297,3467.5155,-59.9858,-1.7299,-0.017450742658102533,72040950.0,89661507.129,TuShare index_daily
2018-07-12,000300.SH,3403.3302,3499.097,3403.3302,3481.0559,3407.5297,73.5262,2.1578,0.021348066686149133,96353564.0,117805514.793,TuShare index_daily
2018-07-13,000300.SH,3488.4966,3499.7643,3474.9123,3492.6897,3481.0559,11.6338,0.3342,0.0033364597619537804,72955897.0,99800184.924,TuShare index_daily
2018-07-16,000300.SH,3488.967,3506.2355,3459.7312,3472.0859,3492.6897,-20.6038,-0.5899,-0.005916589790701419,68281999.0,90754288.081,TuShare index_daily
2018-07-17,000300.SH,3466.4236,3467.1852,3420.9714,3449.3773,3472.0859,-22.7086,-0.654,-0.0065618152765978205,61983076.0,85720563.654,TuShare index_daily
2018-07-18,000300.SH,3456.6065,3479.2635,3430.1563,3431.3227,3449.3773,-18.0546,-0.5234,-0.005247908333775128,66530330.0,88556873.195,TuShare index_daily
2018-07-19,000300.SH,3444.8032,3466.5056,3417.9627,3428.343,3431.3227,-2.9797,-0.0868,-0.000868759592004376,68477716.0,88804907.805,TuShare index_daily
2018-07-20,000300.SH,3426.4558,3505.928,3398.9532,3492.8938,3428.343,64.5508,1.8829,0.018653507624934004,101984727.0,122196953.815,TuShare index_daily
2018-07-23,000300.SH,3471.8555,3527.5335,3464.6475,3525.7503,3492.8938,32.8565,0.9407,0.009362702980465857,119036627.0,143960930.682,TuShare index_daily
2018-07-24,000300.SH,3530.6641,3596.5128,3530.6641,3581.7057,3525.7503,55.9554,1.587,0.015745874780628118,156912435.0,177448954.019,TuShare index_daily
2018-07-25,000300.SH,3589.5055,3589.9841,3566.314,3577.7522,3581.7057,-3.9535,-0.1104,-0.001104413338850653,96758501.0,112176694.173,TuShare index_daily
2018-07-26,000300.SH,3583.3173,3593.9227,3528.6442,3536.2456,3577.7522,-41.5066,-1.1601,-0.011669126743320535,90349641.0,105577285.189,TuShare index_daily
2018-07-27,000300.SH,3533.7714,3545.4058,3512.7034,3521.2269,3536.2456,-15.0187,-0.4247,-0.004256119360411777,70178104.0,81192174.902,TuShare index_daily
2018-07-30,000300.SH,3520.8538,3550.902,3489.5494,3515.0794,3521.2269,-6.1475,-0.1746,-0.0017473661043363438,82116995.0,96183097.601,TuShare index_daily
2018-07-31,000300.SH,3510.4744,3528.154,3493.1545,3517.6568,3515.0794,2.5774,0.0733,0.0007329722151080376,67980817.0,80022152.109,TuShare index_daily
2018-08-01,000300.SH,3530.0298,3543.606,3446.7765,3447.3882,3517.6568,-70.2686,-1.9976,-0.020178185264417878,90348617.0,107477214.866,TuShare index_daily
2018-08-02,000300.SH,3434.3516,3434.3516,3322.096,3370.9579,3447.3882,-76.4303,-2.217,-0.022419953564654645,101308727.0,122401283.623,TuShare index_daily
2018-08-03,000300.SH,3366.6637,3381.3417,3315.2008,3315.2839,3370.9579,-55.674,-1.6516,-0.01665368630174887,70796910.0,91395987.151,TuShare index_daily
2018-08-06,000300.SH,3312.8153,3344.246,3257.6856,3273.2728,3315.2839,-42.0111,-1.2672,-0.012752920340904368,77975083.0,97517991.022,TuShare index_daily
2018-08-07,000300.SH,3284.9785,3368.962,3263.4986,3368.8695,3273.2728,95.5967,2.9205,0.028786887488765636,91783916.0,107512223.951,TuShare index_daily
2018-08-08,000300.SH,3362.1485,3368.1602,3311.7694,3314.5075,3368.8695,-54.362,-1.6137,-0.016268182662861997,79284865.0,90958912.013,TuShare index_daily
2018-08-09,000300.SH,3303.4765,3408.3911,3299.6157,3397.5298,3314.5075,83.0223,2.5048,0.02473959267847368,91957572.0,108802315.182,TuShare index_daily
2018-08-10,000300.SH,3398.4139,3424.0411,3380.5731,3405.0191,3397.5298,7.4893,0.2204,0.0022019108237307785,68967299.0,85634522.136,TuShare index_daily
2018-08-13,000300.SH,3369.9812,3396.1883,3336.6956,3390.3441,3405.0191,-14.675,-0.431,-0.004319128317775212,76191532.0,90869290.864,TuShare index_daily
2018-08-14,000300.SH,3386.4832,3391.729,3356.6142,3372.9137,3390.3441,-17.4304,-0.5141,-0.005154450445881381,60651446.0,72121992.61,TuShare index_daily
2018-08-15,000300.SH,3371.959,3372.1369,3288.7088,3291.976,3372.9137,-80.9377,-2.3996,-0.024288977832754376,68174055.0,83402193.917,TuShare index_daily
2018-08-16,000300.SH,3251.8556,3315.2031,3231.5561,3276.7276,3291.976,-15.2484,-0.4632,-0.0046427509349338284,76547366.0,89269175.663,TuShare index_daily
2018-08-17,000300.SH,3305.8954,3311.5729,3224.0999,3229.6198,3276.7276,-47.1078,-1.4376,-0.014480820124350875,67395413.0,84452452.538,TuShare index_daily
2018-08-20,000300.SH,3238.215,3267.2498,3209.0115,3267.2498,3229.6198,37.63,1.1652,0.01158416995345613,70904228.0,88963382.602,TuShare index_daily
2018-08-21,000300.SH,3271.8402,3331.7077,3270.0302,3326.6489,3267.2498,59.3991,1.818,0.018016869678191053,75205583.0,97925840.442,TuShare index_daily
2018-08-22,000300.SH,3328.9693,3328.9693,3299.3938,3307.9545,3326.6489,-18.6944,-0.562,-0.005635438427250307,50787057.0,66548536.184,TuShare index_daily
2018-08-23,000300.SH,3308.4589,3336.1123,3285.8141,3320.0257,3307.9545,12.0712,0.3649,0.003642501329903129,61112334.0,80212785.558,TuShare index_daily
2018-08-24,000300.SH,3308.4778,3353.0445,3291.8654,3325.3347,3320.0257,5.309,0.1599,0.0015978068336168277,63765897.0,77197847.852,TuShare index_daily
2018-08-27,000300.SH,3339.3894,3406.5735,3339.2646,3406.5735,3325.3347,81.2388,2.443,0.024136616700972842,94270082.0,114960964.551,TuShare index_daily
2018-08-28,000300.SH,3408.1502,3416.5929,3388.8143,3400.1705,3406.5735,-6.403,-0.188,-0.0018813699732636035,75445363.0,94945949.81,TuShare index_daily
2018-08-29,000300.SH,3393.0527,3398.7139,3377.1231,3386.5736,3400.1705,-13.5969,-0.3999,-0.004006904633942815,67020404.0,79072300.213,TuShare index_daily
2018-08-30,000300.SH,3385.8052,3402.5626,3349.4688,3351.0942,3386.5736,-35.4794,-1.0476,-0.010531753417970224,68385290.0,80226052.652,TuShare index_daily
2018-08-31,000300.SH,3333.3801,3356.5757,3310.8726,3334.5036,3351.0942,-16.5906,-0.4951,-0.0049630966599312565,76205630.0,96091892.858,TuShare index_daily
2018-09-03,000300.SH,3320.6898,3325.607,3291.7842,3321.8248,3334.5036,-12.6788,-0.3802,-0.0038095522251032424,66429855.0,81305681.453,TuShare index_daily
2018-09-04,000300.SH,3324.186,3370.963,3307.9585,3363.8984,3321.8248,42.0736,1.2666,0.012586269027628546,67088807.0,85892034.874,TuShare index_daily
2018-09-05,000300.SH,3349.6983,3354.1991,3298.1412,3298.1412,3363.8984,-65.7572,-1.9548,-0.019741502466815615,64301888.0,80656675.217,TuShare index_daily
2018-09-06,000300.SH,3286.6645,3311.4973,3253.7552,3262.8808,3298.1412,-35.2604,-1.0691,-0.01074855090344283,62300288.0,79373138.216,TuShare index_daily
2018-09-07,000300.SH,3273.8906,3316.6149,3253.725,3277.6438,3262.8808,14.763,0.4525,0.004514324453855149,63947408.0,81263439.99,TuShare index_daily
2018-09-10,000300.SH,3271.3818,3277.884,3227.8481,3230.0681,3277.6438,-47.5757,-1.4515,-0.014621589994254605,63817051.0,76175580.337,TuShare index_daily
2018-09-11,000300.SH,3229.7052,3245.617,3209.1121,3224.2116,3230.0681,-5.8565,-0.1813,-0.0018147653586513468,58491305.0,67722118.923,TuShare index_daily
2018-09-12,000300.SH,3216.9911,3225.6014,3194.9785,3202.0248,3224.2116,-22.1868,-0.6881,-0.006905095541184463,54627899.0,68887020.056,TuShare index_daily
2018-09-13,000300.SH,3239.6852,3249.593,3191.3975,3236.5662,3202.0248,34.5414,1.0787,0.010729593284784572,67290327.0,85887962.113,TuShare index_daily
2018-09-14,000300.SH,3242.8307,3254.1043,3227.9439,3242.0902,3236.5662,5.524,0.1707,0.001705292269754922,60130640.0,76481211.956,TuShare index_daily
2018-09-17,000300.SH,3224.9267,3230.7878,3200.5096,3204.9224,3242.0902,-37.1678,-1.1464,-0.01153036734731709,52259547.0,60650940.908,TuShare index_daily
2018-09-18,000300.SH,3193.6423,3270.107,3193.6423,3269.4319,3204.9224,64.5095,2.0128,0.01992836101832585,70425035.0,83899137.593,TuShare index_daily
2018-09-19,000300.SH,3261.997,3335.9913,3258.3097,3312.4823,3269.4319,43.0504,1.3168,0.013081608972484867,89170666.0,109395423.838,TuShare index_daily
2018-09-20,000300.SH,3314.8758,3332.3093,3303.073,3310.1258,3312.4823,-2.3565,-0.0711,-0.0007116531927820131,64561057.0,76660845.175,TuShare index_daily
2018-09-21,000300.SH,3320.6958,3410.4856,3307.767,3410.4856,3310.1258,100.3598,3.0319,0.029868491139865755,108416005.0,123573117.858,TuShare index_daily
2018-09-25,000300.SH,3375.9717,3394.3771,3367.0253,3379.8043,3410.4856,-30.6813,-0.8996,-0.009036877438513951,69054693.0,82870029.933,TuShare index_daily
2018-09-26,000300.SH,3388.5576,3448.2595,3383.2352,3417.2413,3379.8043,37.437,1.1077,0.011015779730180341,93173343.0,119113319.089,TuShare index_daily
2018-09-27,000300.SH,3415.9532,3423.71,3394.732,3403.5902,3417.2413,-13.6511,-0.3995,-0.004002772455734116,69765241.0,87573300.845,TuShare index_daily
2018-09-28,000300.SH,3409.9598,3444.9884,3404.6973,3438.8649,3403.5902,35.2747,1.0364,0.010310630317834349,84377756.0,94880274.572,TuShare index_daily
2018-10-08,000300.SH,3361.5594,3364.4641,3285.253,3290.8988,3438.8649,-147.9661,-4.3028,-0.04398072704604592,97888989.0,114164218.382,TuShare index_daily
2018-10-09,000300.SH,3290.1705,3309.7978,3276.1322,3288.6906,3290.8988,-2.2082,-0.0671,-0.0006712273209352538,66723274.0,78372941.345,TuShare index_daily
2018-10-10,000300.SH,3295.4288,3315.731,3256.5815,3281.5978,3288.6906,-7.0928,-0.2157,-0.0021590537046332764,64492828.0,79166808.585,TuShare index_daily
2018-10-11,000300.SH,3179.5408,3209.5202,3099.0402,3124.1139,3281.5978,-157.4839,-4.799,-0.04917974695117834,120941342.0,125723084.486,TuShare index_daily
2018-10-12,000300.SH,3123.3715,3184.122,3094.9657,3170.7262,3124.1139,46.6123,1.492,0.0148099558467938,98611151.0,104423076.623,TuShare index_daily
2018-10-15,000300.SH,3173.8467,3183.1297,3120.2306,3126.4516,3170.7262,-44.2746,-1.3964,-0.014061959490625714,69605023.0,77137696.8,TuShare index_daily
2018-10-16,000300.SH,3128.5764,3166.0918,3089.3668,3100.9738,3126.4516,-25.4778,-0.8149,-0.008182496140899246,68887721.0,75206470.956,TuShare index_daily
2018-10-17,000300.SH,3140.6838,3149.1344,3062.554,3118.2463,3100.9738,17.2725,0.557,0.0055545692648370695,76837138.0,86132695.913,TuShare index_daily
2018-10-18,000300.SH,3097.7903,3097.7903,3043.3817,3044.3918,3118.2463,-73.8545,-2.3685,-0.023969616522507044,73771968.0,79703731.919,TuShare index_daily
2018-10-19,000300.SH,3017.7488,3137.7475,3009.4983,3134.9455,3044.3918,90.5537,2.9744,0.029310645626263784,98839688.0,110951369.122,TuShare index_daily
2018-10-22,000300.SH,3159.5614,3297.3803,3159.5614,3270.2732,3134.9455,135.3277,4.3167,0.042261739256125835,145862045.0,170651306.178,TuShare index_daily
2018-10-23,000300.SH,3273.1271,3276.0205,3163.5704,3183.4257,3270.2732,-86.8475,-2.6557,-0.026915647709496032,121013241.0,142589176.815,TuShare index_daily
2018-10-24,000300.SH,3169.4571,3245.3971,3164.293,3188.2018,3183.4257,4.7761,0.15,0.0014991776887575102,110909744.0,120954387.288,TuShare index_daily
2018-10-25,000300.SH,3107.8402,3197.3212,3099.8887,3194.3084,3188.2018,6.1066,0.1915,0.0019135423750204369,106951817.0,113291746.43,TuShare index_daily
2018-10-26,000300.SH,3204.2845,3218.1021,3151.9244,3173.635,3194.3084,-20.6734,-0.6472,-0.006492982531994522,101299354.0,106070366.76,TuShare index_daily
2018-10-29,000300.SH,3157.4879,3158.8114,3062.5803,3076.8889,3173.635,-96.7461,-3.0484,-0.03095862955146051,91839789.0,108479490.211,TuShare index_daily
2018-10-30,000300.SH,3061.93,3146.6276,3050.7709,3110.2605,3076.8889,33.3716,1.0846,0.010787495650464536,116070101.0,131767102.719,TuShare index_daily
2018-10-31,000300.SH,3116.6582,3168.9187,3106.0279,3153.8234,3110.2605,43.5629,1.4006,0.013909009841423929,111207455.0,117099697.836,TuShare index_daily
2018-11-01,000300.SH,3185.202,3217.8034,3173.0992,3177.0338,3153.8234,23.2104,0.7359,0.007332499615765938,132653379.0,145919304.28,TuShare index_daily
2018-11-02,000300.SH,3258.6093,3290.2455,3222.4354,3290.2455,3177.0338,113.2117,3.5634,0.03501418785576726,153466104.0,178340643.411,TuShare index_daily
2018-11-05,000300.SH,3269.4695,3279.8781,3230.3632,3262.8351,3290.2455,-27.4104,-0.8331,-0.008365702036225015,109706683.0,123630922.689,TuShare index_daily
2018-11-06,000300.SH,3254.9778,3254.9778,3213.895,3243.1504,3262.8351,-19.6847,-0.6033,-0.006051276956503466,83869138.0,91703898.055,TuShare index_daily
2018-11-07,000300.SH,3243.8775,3270.5003,3218.4219,3221.9101,3243.1504,-21.2403,-0.6549,-0.006570820620157931,91615528.0,101814918.975,TuShare index_daily
2018-11-08,000300.SH,3251.7281,3253.5735,3207.7084,3212.7737,3221.9101,-9.1364,-0.2836,-0.0028397374055093238,76414540.0,85221664.741,TuShare index_daily
2018-11-09,000300.SH,3193.3039,3193.3039,3166.3106,3167.4442,3212.7737,-45.3295,-1.4109,-0.014209628394483092,84282762.0,88194192.202,TuShare index_daily
2018-11-12,000300.SH,3160.2465,3206.5127,3152.4399,3205.1407,3167.4442,37.6965,1.1901,0.011830972923802153,88062391.0,97363052.032,TuShare index_daily
2018-11-13,000300.SH,3164.9222,3254.7684,3161.0979,3237.3823,3205.1407,32.2416,1.0059,0.01000908158737834,126493464.0,125603047.265,TuShare index_daily
2018-11-14,000300.SH,3233.6409,3239.2448,3200.2285,3204.9427,3237.3823,-32.4396,-1.002,-0.010070859254752394,113808659.0,105386565.968,TuShare index_daily
2018-11-15,000300.SH,3201.2814,3242.3836,3198.7814,3242.3715,3204.9427,37.4288,1.1678,0.011610794610305406,98558810.0,100119192.332,TuShare index_daily
2018-11-16,000300.SH,3242.879,3282.39,3223.7215,3257.6735,3242.3715,15.302,0.4719,0.004708283794282228,126876835.0,135379803.919,TuShare index_daily
2018-11-19,000300.SH,3258.7919,3294.6031,3251.0665,3294.6031,3257.6735,36.9296,1.1336,0.011272415161681665,115956595.0,123188777.592,TuShare index_daily
2018-11-20,000300.SH,3268.0768,3278.7845,3213.6833,3218.4076,3294.6031,-76.1955,-2.3127,-0.023399002391473384,109361154.0,114155066.806,TuShare index_daily
2018-11-21,000300.SH,3187.1025,3230.2578,3185.2393,3226.4918,3218.4076,8.0842,0.2512,0.002508713864462597,84119726.0,87813273.908,TuShare index_daily
2018-11-22,000300.SH,3232.9731,3235.4524,3199.6981,3214.4273,3226.4918,-12.0645,-0.3739,-0.003746208863114145,65098291.0,70083372.615,TuShare index_daily
2018-11-23,000300.SH,3208.593,3212.1952,3139.3857,3143.4752,3214.4273,-70.9521,-2.2073,-0.022320268559339572,84638255.0,86864946.184,TuShare index_daily
2018-11-26,000300.SH,3148.6721,3169.4418,3131.636,3141.2434,3143.4752,-2.2318,-0.071,-0.0007102307154421204,59379140.0,61899479.599,TuShare index_daily
2018-11-27,000300.SH,3152.7743,3162.0121,3126.289,3137.2413,3141.2434,-4.0021,-0.1274,-0.001274861923942222,55407832.0,61946261.11,TuShare index_daily
2018-11-28,000300.SH,3137.7477,3179.4108,3126.6179,3178.9326,3137.2413,41.6913,1.3289,0.013201633193070952,74881955.0,77620553.113,TuShare index_daily
2018-11-29,000300.SH,3198.8259,3204.8565,3137.6542,3137.6542,3178.9326,-41.2784,-1.2985,-0.013070029407606876,80498466.0,86927611.883,TuShare index_daily
2018-11-30,000300.SH,3136.1962,3175.154,3132.423,3172.69,3137.6542,35.0358,1.1166,0.01110435782943523,70921044.0,77297697.684,TuShare index_daily
2018-12-03,000300.SH,3260.6862,3273.6397,3228.3611,3260.9502,3172.69,88.2602,2.7819,0.027438816811427395,121487157.0,145828416.49,TuShare index_daily
2018-12-04,000300.SH,3256.2282,3267.94,3243.6951,3267.7095,3260.9502,6.7593,0.2073,0.002070655456312225,79415039.0,90543600.274,TuShare index_daily
2018-12-05,000300.SH,3224.2556,3266.9039,3219.9785,3252.0041,3267.7095,-15.7054,-0.4806,-0.00481782831036399,76153052.0,90909093.83,TuShare index_daily
2018-12-06,000300.SH,3218.113,3223.5219,3179.8948,3181.673,3252.0041,-70.3311,-2.1627,-0.02186429336877751,76328771.0,95678883.444,TuShare index_daily
2018-12-07,000300.SH,3187.4919,3193.8191,3176.7061,3181.5646,3181.673,-0.1084,-0.0034,-3.407070639957803e-05,53361924.0,66323970.657,TuShare index_daily
2018-12-10,000300.SH,3153.5228,3170.1523,3134.3845,3144.7631,3181.5646,-36.8015,-1.1567,-0.011634526971084672,63437273.0,73717204.733,TuShare index_daily
2018-12-11,000300.SH,3148.2256,3161.9557,3143.6072,3159.8158,3144.7631,15.0527,0.4787,0.004775173359470306,53223877.0,60014969.779,TuShare index_daily
2018-12-12,000300.SH,3181.566,3182.2107,3160.2784,3170.6092,3159.8158,10.7934,0.3416,0.003410011321186899,53309914.0,60536223.474,TuShare index_daily
2018-12-13,000300.SH,3178.891,3234.0817,3169.4234,3219.6924,3170.6092,49.0832,1.5481,0.015362080961148552,90442755.0,103375478.637,TuShare index_daily
2018-12-14,000300.SH,3207.3481,3210.7221,3165.9109,3165.9109,3219.6924,-53.7815,-1.6704,-0.01684500874701418,84301250.0,91576900.505,TuShare index_daily
2018-12-17,000300.SH,3158.2844,3167.5125,3134.3653,3161.1966,3165.9109,-4.7143,-0.1489,-0.0014901914887359281,66497007.0,77151490.858,TuShare index_daily
2018-12-18,000300.SH,3139.9493,3165.0018,3114.4684,3128.4265,3161.1966,-32.7701,-1.0366,-0.010420464313941379,63820319.0,72035451.4,TuShare index_daily
2018-12-19,000300.SH,3133.7416,3137.0099,3086.7579,3091.1255,3128.4265,-37.301,-1.1923,-0.011994898420471533,55522299.0,67872922.423,TuShare index_daily
2018-12-20,000300.SH,3083.5441,3097.7202,3044.2929,3067.4169,3091.1255,-23.7086,-0.767,-0.007699457301329583,69749463.0,78181426.504,TuShare index_daily
2018-12-21,000300.SH,3055.3258,3057.4007,3007.6096,3029.3951,3067.4169,-38.0218,-1.2395,-0.01247284414395827,76758101.0,84824064.753,TuShare index_daily
2018-12-24,000300.SH,3015.4974,3040.3524,3007.3292,3038.1981,3029.3951,8.803,0.2906,0.0029016467934745113,57299615.0,63880740.605,TuShare index_daily
2018-12-25,000300.SH,3006.8787,3030.1418,2964.875,3017.2815,3038.1981,-20.9166,-0.6885,-0.006908348989399066,78689425.0,80413567.307,TuShare index_daily
2018-12-26,000300.SH,3012.869,3029.0608,2996.4829,3002.0327,3017.2815,-15.2488,-0.5054,-0.005066634541426275,55647032.0,58574968.998,TuShare index_daily
2018-12-27,000300.SH,3042.9491,3047.2348,2990.5057,2990.5057,3002.0327,-11.527,-0.384,-0.0038471223536812207,80541785.0,81159269.974,TuShare index_daily
2018-12-28,000300.SH,2994.795,3024.3525,2984.8177,3010.6536,2990.5057,20.1479,0.6737,0.006714694509391029,71053779.0,78145310.042,TuShare index_daily
2019-01-02,000300.SH,3017.0674,3018.7759,2958.4883,2969.5353,3010.6536,-41.1183,-1.3658,-0.01375172211955543,68663021.0,76105571.278,TuShare index_daily
2019-01-03,000300.SH,2963.0186,3000.4413,2953.2548,2964.8421,2969.5353,-4.6932,-0.158,-0.0015816995321003935,70867103.0,76664797.393,TuShare index_daily
2019-01-04,000300.SH,2940.1916,3036.8147,2935.8295,3035.8741,2964.8421,71.032,2.3958,0.023675613241137573,103318972.0,107141037.088,TuShare index_daily
2019-01-07,000300.SH,3055.1535,3061.749,3035.9123,3054.303,3035.8741,18.4289,0.607,0.00605202638511489,101164359.0,105703940.791,TuShare index_daily
2019-01-08,000300.SH,3049.8747,3055.51,3038.5339,3047.7035,3054.303,-6.5995,-0.2161,-0.0021630598306179886,86170585.0,79628882.664,TuShare index_daily
2019-01-09,000300.SH,3065.2307,3117.9614,3062.8474,3078.4759,3047.7035,30.7724,1.0097,0.010046280660777089,107364350.0,117129678.906,TuShare index_daily
2019-01-10,000300.SH,3077.4817,3092.5411,3062.5721,3072.6864,3078.4759,-5.7895,-0.1881,-0.001882409023599767,85271756.0,90206871.737,TuShare index_daily
2019-01-11,000300.SH,3082.2615,3102.8333,3071.0264,3094.7782,3072.6864,22.0918,0.719,0.007164011767437094,71786424.0,77420239.579,TuShare index_daily
2019-01-14,000300.SH,3092.4984,3097.4064,3064.3827,3067.7845,3094.7782,-26.9937,-0.8722,-0.008760599755919578,66121702.0,68115969.095,TuShare index_daily
2019-01-15,000300.SH,3071.5185,3129.3708,3064.6705,3127.9904,3067.7845,60.2059,1.9625,0.019435113786143984,88772962.0,99976891.144,TuShare index_daily
2019-01-16,000300.SH,3126.1347,3135.0117,3117.2926,3128.6517,3127.9904,0.6613,0.0211,0.0002113913475927562,80214341.0,85781591.791,TuShare index_daily
2019-01-17,000300.SH,3132.6285,3141.7099,3110.0608,3111.4168,3128.6517,-17.2349,-0.5509,-0.0055239598173146606,80174871.0,82888206.986,TuShare index_daily
2019-01-18,000300.SH,3124.5025,3171.6864,3120.3458,3168.1739,3111.4168,56.7571,1.8242,0.018077179967474297,103963834.0,106780658.491,TuShare index_daily
2019-01-21,000300.SH,3170.8773,3199.2134,3170.8773,3185.6364,3168.1739,17.4625,0.5512,0.005496715558999611,93915022.0,105536986.58,TuShare index_daily
2019-01-22,000300.SH,3181.9494,3181.9494,3135.3378,3143.3171,3185.6364,-42.3193,-1.3284,-0.01337343708651259,72990528.0,78150876.313,TuShare index_daily
2019-01-23,000300.SH,3136.096,3157.6269,3131.8673,3141.0532,3143.3171,-2.2639,-0.072,-0.0007204859006901076,59870478.0,62669652.004,TuShare index_daily
2019-01-24,000300.SH,3146.6046,3165.6296,3125.3008,3158.7817,3141.0532,17.7285,0.5644,0.005628257591068691,72934636.0,80963877.219,TuShare index_daily
2019-01-25,000300.SH,3165.1814,3203.1747,3164.4082,3184.4696,3158.7817,25.6879,0.8132,0.008099329258855039,83967729.0,93207954.748,TuShare index_daily
2019-01-28,000300.SH,3203.1189,3228.8678,3174.7243,3183.7777,3184.4696,-0.6919,-0.0217,-0.00021729683855788832,82622431.0,97371496.147,TuShare index_daily
2019-01-29,000300.SH,3177.261,3200.9898,3148.2345,3193.9698,3183.7777,10.1921,0.3201,0.003196146814004265,77658334.0,85943908.59,TuShare index_daily
2019-01-30,000300.SH,3181.6551,3202.896,3167.8934,3168.4829,3193.9698,-25.4869,-0.798,-0.008011701628187862,63746517.0,73005123.447,TuShare index_daily
2019-01-31,000300.SH,3182.6987,3216.0673,3178.0105,3201.6331,3168.4829,33.1502,1.0462,0.01040813048322049,86247839.0,97509924.771,TuShare index_daily
2019-02-01,000300.SH,3225.7335,3247.4956,3207.7168,3247.3971,3201.6331,45.764,1.4294,0.014192759773769527,82019641.0,94766412.763,TuShare index_daily
2019-02-11,000300.SH,3239.8079,3307.0638,3239.8079,3306.4725,3247.3971,59.0754,1.8192,0.018028127998166308,98818434.0,114752354.821,TuShare index_daily
2019-02-12,000300.SH,3306.3523,3335.3606,3298.6337,3330.3353,3306.4725,23.8628,0.7217,0.007191078467541088,122232462.0,122834101.007,TuShare index_daily
2019-02-13,000300.SH,3337.7794,3405.5773,3329.1436,3397.0276,3330.3353,66.6923,2.0026,0.01982782434737895,163828332.0,168866262.062,TuShare index_daily
2019-02-14,000300.SH,3392.8547,3415.3994,3381.9821,3402.1403,3397.0276,5.1127,0.1505,0.001503919608647295,151127290.0,138649287.971,TuShare index_daily
2019-02-15,000300.SH,3391.242,3395.0294,3335.8705,3338.7047,3402.1403,-63.4356,-1.8646,-0.018821816172192005,143668603.0,141555060.948,TuShare index_daily
2019-02-18,000300.SH,3366.423,3445.7448,3366.423,3445.7448,3338.7047,107.0401,3.206,0.03155716108794263,182886089.0,180449742.544,TuShare index_daily
2019-02-19,000300.SH,3454.7216,3480.7938,3419.0731,3439.6078,3445.7448,-6.137,-0.1781,-0.0017826252282723291,179083785.0,185762746.553,TuShare index_daily
2019-02-20,000300.SH,3449.9321,3463.7735,3421.505,3451.9273,3439.6078,12.3195,0.3582,0.0035752594869061863,147390311.0,145570263.07,TuShare index_daily
2019-02-21,000300.SH,3450.1411,3500.2519,3431.631,3442.7056,3451.9273,-9.2217,-0.2671,-0.0026750388694597887,180143287.0,185197154.785,TuShare index_daily
2019-02-22,000300.SH,3439.3781,3520.1182,3417.9784,3520.1182,3442.7056,77.4126,2.2486,0.022236894716653265,187237974.0,202869288.708,TuShare index_daily
2019-02-25,000300.SH,3575.8528,3729.4831,3574.6885,3729.4831,3520.1182,209.3649,5.9477,0.05777507637260326,342557122.0,376382393.433,TuShare index_daily
2019-02-26,000300.SH,3734.7059,3762.1128,3679.2705,3684.6935,3729.4831,-44.7896,-1.201,-0.012082297816139545,358038698.0,387632860.075,TuShare index_daily
2019-02-27,000300.SH,3682.8116,3737.6317,3638.3334,3678.3921,3684.6935,-6.3014,-0.171,-0.0017116197965711278,286236007.0,307306148.139,TuShare index_daily
2019-02-28,000300.SH,3675.2642,3695.4646,3650.0537,3669.3703,3678.3921,-9.0218,-0.2453,-0.002455660388162692,184810220.0,206010958.185,TuShare index_daily
2019-03-01,000300.SH,3699.2157,3749.7143,3668.7653,3749.7143,3669.3703,80.344,2.1896,0.021659583449891353,204711004.0,235620623.488,TuShare index_daily
2019-03-04,000300.SH,3783.0367,3886.5797,3764.7764,3794.104,3749.7143,44.3897,1.1838,0.011768632426515767,323490126.0,376397284.706,TuShare index_daily
2019-03-05,000300.SH,3785.3762,3816.1621,3770.7858,3816.0132,3794.104,21.9092,0.5775,0.005757929859737223,230853166.0,261464122.212,TuShare index_daily
2019-03-06,000300.SH,3822.8588,3855.1556,3787.5225,3848.0903,3816.0132,32.0771,0.8406,0.008370786564533118,318077371.0,331155616.598,TuShare index_daily
2019-03-07,000300.SH,3841.1456,3845.182,3778.8004,3808.8497,3848.0903,-39.2406,-1.0197,-0.010249771721790521,329846548.0,359339152.916,TuShare index_daily
2019-03-08,000300.SH,3721.4016,3774.5431,3656.1917,3657.579,3808.8497,-151.2707,-3.9716,-0.04052577441024072,317990077.0,349296691.227,TuShare index_daily
2019-03-11,000300.SH,3663.9772,3731.9091,3650.8125,3729.9546,3657.579,72.3756,1.9788,0.01959460886782455,230912865.0,268718458.805,TuShare index_daily
2019-03-12,000300.SH,3758.3151,3804.72,3723.6785,3755.3519,3729.9546,25.3973,0.6809,0.006785933871841623,274926382.0,325180619.759,TuShare index_daily
2019-03-13,000300.SH,3758.713,3763.0926,3708.8145,3724.1941,3755.3519,-31.1578,-0.8297,-0.00833151644030722,233682248.0,286171048.16,TuShare index_daily
2019-03-14,000300.SH,3710.2934,3747.819,3673.8509,3698.4858,3724.1941,-25.7083,-0.6903,-0.006926986787349062,190817237.0,231820149.39,TuShare index_daily
2019-03-15,000300.SH,3713.936,3782.2364,3713.936,3745.005,3698.4858,46.5192,1.2578,0.012499459437710598,175174544.0,224194362.925,TuShare index_daily
2019-03-18,000300.SH,3753.6436,3851.7479,3733.6781,3851.7479,3745.005,106.7429,2.8503,0.02810409319109816,216928060.0,276473448.87,TuShare index_daily
2019-03-19,000300.SH,3856.5885,3868.335,3815.2187,3833.9626,3851.7479,-17.7853,-0.4617,-0.0046281555222481095,181727110.0,224096889.634,TuShare index_daily
2019-03-20,000300.SH,3825.3356,3855.1465,3790.5119,3835.4397,3833.9626,1.4771,0.0385,0.00038519299431279954,175632090.0,215406993.602,TuShare index_daily
2019-03-21,000300.SH,3840.2783,3864.0696,3823.4661,3836.8913,3835.4397,1.4516,0.0378,0.0003783986945611922,196310310.0,231993445.602,TuShare index_daily
2019-03-22,000300.SH,3838.1255,3845.5808,3786.5917,3833.8013,3836.8913,-3.09,-0.0805,-0.0008056639284805862,171356993.0,198518386.319,TuShare index_daily
2019-03-25,000300.SH,3776.4426,3807.1793,3741.6062,3742.8252,3833.8013,-90.9761,-2.373,-0.02401609018684471,198586329.0,223396564.361,TuShare index_daily
2019-03-26,000300.SH,3766.5287,3770.843,3687.5472,3700.4388,3742.8252,-42.3864,-1.1325,-0.011389320111184707,173046579.0,196547811.179,TuShare index_daily
2019-03-27,000300.SH,3724.4058,3750.2642,3703.4508,3743.3878,3700.4388,42.949,1.1606,0.011539623075062276,138758454.0,177507528.442,TuShare index_daily
2019-03-28,000300.SH,3731.0612,3755.716,3710.0814,3728.3953,3743.3878,-14.9925,-0.4005,-0.004013103678338908,133272129.0,172604392.908,TuShare index_daily
2019-03-29,000300.SH,3739.7739,3876.379,3739.7739,3872.3412,3728.3953,143.9459,3.8608,0.03788135875700307,215639103.0,283022298.648,TuShare index_daily
2019-04-01,000300.SH,3901.1698,3982.9091,3901.1698,3973.928,3872.3412,101.5868,2.6234,0.02589574083330405,271382704.0,340799403.573,TuShare index_daily
2019-04-02,000300.SH,3986.3443,3988.0975,3956.5059,3971.2852,3973.928,-2.6428,-0.0665,-0.00066525592981389,226000341.0,281892057.021,TuShare index_daily
2019-04-03,000300.SH,3947.8697,4026.4972,3939.7837,4022.1566,3971.2852,50.8714,1.281,0.012728456175082285,231917368.0,284826495.445,TuShare index_daily
2019-04-04,000300.SH,4039.7415,4072.1138,4021.7055,4062.2309,4022.1566,40.0743,0.9963,0.009914079016601029,260410939.0,313539431.378,TuShare index_daily
2019-04-08,000300.SH,4097.1027,4122.6034,4017.4887,4057.2286,4062.2309,-5.0023,-0.1231,-0.0012321757705419608,267505576.0,324670452.523,TuShare index_daily
2019-04-09,000300.SH,4063.8139,4084.243,4038.2825,4075.4301,4057.2286,18.2015,0.4486,0.004476157444159239,182956808.0,243187913.128,TuShare index_daily
2019-04-10,000300.SH,4062.4425,4115.378,4035.4741,4085.847,4075.4301,10.4169,0.2556,0.0025527636249231857,194687613.0,278282025.052,TuShare index_daily
2019-04-11,000300.SH,4083.4618,4097.1249,3990.239,3997.5778,4085.847,-88.2692,-2.1604,-0.021840423059991402,169049641.0,236259156.719,TuShare index_daily
2019-04-12,000300.SH,3986.7822,4006.9335,3961.464,3988.6168,3997.5778,-8.961,-0.2242,-0.0022441235681135564,135862118.0,178795939.062,TuShare index_daily
2019-04-15,000300.SH,4056.4919,4085.3882,3974.2264,3975.5244,3988.6168,-13.0924,-0.3282,-0.003287840199003918,182645571.0,236298721.391,TuShare index_daily
2019-04-16,000300.SH,3958.0963,4085.7891,3943.4879,4085.7891,3975.5244,110.2647,2.7736,0.02735821585833531,202041966.0,250569206.656,TuShare index_daily
2019-04-17,000300.SH,4080.7172,4106.6158,4057.5032,4087.2398,4085.7891,1.4507,0.0355,0.00035499691313591156,180367117.0,228824429.887,TuShare index_daily
2019-04-18,000300.SH,4085.1148,4094.0533,4056.2356,4072.0753,4087.2398,-15.1645,-0.371,-0.0037171054860949664,146562123.0,187812687.767,TuShare index_daily
2019-04-19,000300.SH,4076.2953,4120.6356,4046.2042,4120.6078,4072.0753,48.5325,1.1918,0.011847905533946322,150794910.0,194701690.763,TuShare index_daily
2019-04-22,000300.SH,4125.9717,4126.0907,4015.4748,4025.6109,4120.6078,-94.9969,-2.3054,-0.023324001001474155,189353745.0,244380549.239,TuShare index_daily
2019-04-23,000300.SH,4021.6277,4061.0858,4005.2832,4019.0053,4025.6109,-6.6056,-0.1641,-0.0016422415489716503,155611650.0,204121505.816,TuShare index_daily
2019-04-24,000300.SH,4033.6292,4044.3375,3967.8058,4030.0887,4019.0053,11.0834,0.2758,0.0027539514397365993,145498695.0,186497961.652,TuShare index_daily
2019-04-25,000300.SH,4013.6027,4022.5631,3938.3251,3941.816,4030.0887,-88.2727,-2.1903,-0.022146854814603094,159722071.0,197530997.752,TuShare index_daily
2019-04-26,000300.SH,3921.8909,3943.8331,3887.2525,3889.2748,3941.816,-52.5412,-1.3329,-0.013418817311819368,142008068.0,186572137.127,TuShare index_daily
2019-04-29,000300.SH,3896.5824,3953.2288,3875.452,3900.3339,3889.2748,11.0591,0.2843,0.0028394513399157798,153870927.0,203946553.152,TuShare index_daily
2019-04-30,000300.SH,3887.1799,3923.1082,3885.147,3913.211,3900.3339,12.8771,0.3302,0.0032960997404286934,116233376.0,161665923.924,TuShare index_daily
2019-05-06,000300.SH,3775.0765,3791.6119,3647.1405,3684.6168,3913.211,-228.5942,-5.8416,-0.06019173350698634,197472882.0,254115400.089,TuShare index_daily
2019-05-07,000300.SH,3702.2656,3738.1767,3671.8341,3720.6684,3684.6168,36.0516,0.9784,0.009736798475485208,132847654.0,183659159.181,TuShare index_daily
2019-05-08,000300.SH,3648.5489,3722.9325,3642.4981,3667.4574,3720.6684,-53.211,-1.4301,-0.014404714138739342,112867355.0,145058486.354,TuShare index_daily
2019-05-09,000300.SH,3637.346,3656.8966,3584.8227,3599.7001,3667.4574,-67.7573,-1.8475,-0.018648078989208245,101037394.0,141829095.76,TuShare index_daily
2019-05-10,000300.SH,3643.0557,3732.9238,3589.2906,3730.4513,3599.7001,130.7512,3.6323,0.035678681857484,148003847.0,195067170.793,TuShare index_daily
2019-05-13,000300.SH,3675.7597,3702.9012,3658.0004,3668.7255,3730.4513,-61.7258,-1.6546,-0.01668489174577094,103391860.0,135053926.707,TuShare index_daily
2019-05-14,000300.SH,3630.4388,3683.2619,3630.4388,3645.1503,3668.7255,-23.5752,-0.6426,-0.006446727369720123,102313460.0,135262868.908,TuShare index_daily
2019-05-15,000300.SH,3674.9931,3741.0406,3674.9931,3727.0923,3645.1503,81.942,2.248,0.022230786238790882,110161769.0,152534546.781,TuShare index_daily
2019-05-16,000300.SH,3720.039,3745.1405,3707.9032,3743.9635,3727.0923,16.8712,0.4527,0.004516424219008419,116258274.0,139851940.057,TuShare index_daily
2019-05-17,000300.SH,3744.8751,3745.3555,3637.5826,3648.7609,3743.9635,-95.2026,-2.5428,-0.025757179130048855,128453245.0,154092349.652,TuShare index_daily
2019-05-20,000300.SH,3635.7357,3644.5,3583.8324,3617.7924,3648.7609,-30.9685,-0.8487,-0.008523624947157728,108963477.0,134194262.584,TuShare index_daily
2019-05-21,000300.SH,3619.4369,3690.0884,3610.6817,3666.7762,3617.7924,48.9838,1.354,0.01344885085235851,111022920.0,133071381.089,TuShare index_daily
2019-05-22,000300.SH,3663.1533,3679.2727,3634.7479,3649.3796,3666.7762,-17.3966,-0.4744,-0.004755675866671933,98346128.0,121775244.163,TuShare index_daily
2019-05-23,000300.SH,3629.5284,3631.4743,3578.1129,3583.9646,3649.3796,-65.415,-1.7925,-0.018087562712919548,99897781.0,125611969.477,TuShare index_daily
2019-05-24,000300.SH,3584.9016,3623.3904,3580.7853,3593.9139,3583.9646,9.9493,0.2776,0.002772213648318633,80934048.0,101337496.38,TuShare index_daily
2019-05-27,000300.SH,3592.6027,3648.0267,3556.2567,3637.1971,3593.9139,43.2832,1.2043,0.011971526072606034,108830871.0,133399053.908,TuShare index_daily
2019-05-28,000300.SH,3633.0182,3683.2306,3627.7878,3672.2605,3637.1971,35.0634,0.964,0.009594054955070116,117886240.0,148966334.657,TuShare index_daily
2019-05-29,000300.SH,3642.5415,3693.2273,3637.3481,3663.909,3672.2605,-8.3515,-0.2274,-0.0022768022488379373,93355441.0,120002034.237,TuShare index_daily
2019-05-30,000300.SH,3648.8495,3650.9718,3612.6248,3641.1833,3663.909,-22.7257,-0.6203,-0.006221899020526497,94202561.0,112864079.305,TuShare index_daily
2019-05-31,000300.SH,3640.9963,3668.1796,3627.5448,3629.7893,3641.1833,-11.394,-0.3129,-0.0031341087233895406,89222267.0,108264201.339,TuShare index_daily
2019-06-03,000300.SH,3640.6126,3672.8136,3613.1274,3632.0127,3629.7893,2.2234,0.0613,0.0006123549139669164,100723180.0,123902446.407,TuShare index_daily
2019-06-04,000300.SH,3632.5602,3636.128,3584.4612,3598.4666,3632.0127,-33.5461,-0.9236,-0.009279147151451426,87097094.0,109467236.536,TuShare index_daily
2019-06-05,000300.SH,3627.7947,3634.4536,3593.9515,3597.105,3598.4666,-1.3616,-0.0378,-0.0003784549975853767,88642020.0,114634228.239,TuShare index_daily
2019-06-06,000300.SH,3601.0356,3601.0356,3557.0167,3564.6778,3597.105,-32.4272,-0.9015,-0.009055684179698723,85534403.0,104367267.724,TuShare index_daily
2019-06-10,000300.SH,3578.0084,3623.7301,3568.2787,3610.7435,3564.6778,46.0657,1.2923,0.01284003571726754,92375061.0,117346608.913,TuShare index_daily
2019-06-11,000300.SH,3617.5239,3723.1419,3617.5239,3719.2759,3610.7435,108.5324,3.0058,0.029615291983045522,143482806.0,180899072.311,TuShare index_daily
2019-06-12,000300.SH,3706.8635,3711.8793,3683.9394,3691.0957,3719.2759,-28.1802,-0.7577,-0.007605647155998182,119178853.0,132296097.905,TuShare index_daily
2019-06-13,000300.SH,3689.5834,3697.5917,3654.2742,3685.3933,3691.0957,-5.7024,-0.1545,-0.0015461017120563174,96331718.0,110459901.918,TuShare index_daily
2019-06-14,000300.SH,3690.4763,3709.6521,3650.9096,3654.8799,3685.3933,-30.5134,-0.828,-0.00831401636774902,101817004.0,116584260.575,TuShare index_daily
2019-06-17,000300.SH,3654.4433,3683.7743,3645.4982,3654.8248,3654.8799,-0.0551,-0.0015,-1.5075848413138367e-05,72976678.0,93092581.298,TuShare index_daily
2019-06-18,000300.SH,3661.1299,3675.6452,3638.78,3667.6185,3654.8248,12.7937,0.35,0.003494383635132153,70692266.0,89472839.848,TuShare index_daily
2019-06-19,000300.SH,3761.3381,3771.347,3715.1331,3715.9381,3667.6185,48.3196,1.3175,0.013088621764941596,125595715.0,172574177.792,TuShare index_daily
2019-06-20,000300.SH,3718.9416,3845.7912,3717.1857,3828.5183,3715.9381,112.5802,3.0297,0.029846698383138293,168872073.0,227726981.966,TuShare index_daily
2019-06-21,000300.SH,3832.7321,3856.0856,3817.3068,3833.9383,3828.5183,5.42,0.1416,0.001414690141003077,153635155.0,199961617.616,TuShare index_daily
2019-06-24,000300.SH,3836.3051,3853.5452,3819.7692,3841.2659,3833.9383,7.3276,0.1911,0.0019094220910248932,100084621.0,143644731.704,TuShare index_daily
2019-06-25,000300.SH,3837.4259,3838.0578,3755.0099,3801.3098,3841.2659,-39.9561,-1.0402,-0.010456282178658741,124075912.0,169358793.347,TuShare index_daily
2019-06-26,000300.SH,3779.5125,3809.758,3771.7164,3794.331,3801.3098,-6.9788,-0.1836,-0.0018375808302514161,81820283.0,112106859.022,TuShare index_daily
2019-06-27,000300.SH,3807.5376,3854.0801,3805.8328,3834.8172,3794.331,40.4862,1.067,0.010613656728416262,105316358.0,156483418.19,TuShare index_daily
2019-06-28,000300.SH,3832.0599,3835.2326,3803.0546,3825.5873,3834.8172,-9.2299,-0.2407,-0.002409769475356859,84766139.0,116512050.674,TuShare index_daily
2019-07-01,000300.SH,3899.3313,3936.668,3886.909,3935.8116,3825.5873,110.2243,2.8812,0.028405114215023213,158370340.0,217470251.111,TuShare index_daily
2019-07-02,000300.SH,3931.0486,3942.4257,3918.9378,3937.1691,3935.8116,1.3575,0.0345,0.00034485033437294264,131863496.0,173997045.123,TuShare index_daily
2019-07-03,000300.SH,3927.4365,3927.4365,3878.8405,3893.5341,3937.1691,-43.635,-1.1083,-0.011144708341842358,111992603.0,163145730.935,TuShare index_daily
2019-07-04,000300.SH,3895.1978,3906.8894,3854.693,3873.1019,3893.5341,-20.4322,-0.5248,-0.005261543643037587,99342256.0,142669255.177,TuShare index_daily
2019-07-05,000300.SH,3875.3736,3900.3095,3857.928,3893.2025,3873.1019,20.1006,0.519,0.005176373175039403,74006527.0,116236522.103,TuShare index_daily
2019-07-08,000300.SH,3875.7547,3875.7547,3775.0259,3802.7897,3893.2025,-90.4128,-2.3223,-0.02349715474676046,109539086.0,147198419.38,TuShare index_daily
2019-07-09,000300.SH,3798.0954,3811.0993,3774.7641,3793.1297,3802.7897,-9.66,-0.254,-0.002543472277430002,74842732.0,113147602.951,TuShare index_daily
2019-07-10,000300.SH,3807.9497,3810.396,3774.2304,3786.739,3793.1297,-6.3907,-0.1685,-0.0016862301359550384,72833948.0,101355477.03,TuShare index_daily
2019-07-11,000300.SH,3806.1855,3830.7387,3774.4137,3785.221,3786.739,-1.518,-0.0401,-0.0004009529950862193,75311965.0,113674616.215,TuShare index_daily
2019-07-12,000300.SH,3783.0733,3820.2354,3774.5224,3808.7311,3785.221,23.5101,0.6211,0.006191815487468652,75465967.0,107007923.971,TuShare index_daily
2019-07-15,000300.SH,3792.6409,3844.8683,3745.8549,3824.1878,3808.7311,15.4567,0.4058,0.004050015814405257,101205222.0,142493046.61,TuShare index_daily
2019-07-16,000300.SH,3819.2474,3828.3256,3799.8665,3806.8449,3824.1878,-17.3429,-0.4535,-0.004545369032223224,80730952.0,108449682.784,TuShare index_daily
2019-07-17,000300.SH,3800.1064,3820.2713,3787.8973,3804.6384,3806.8449,-2.2065,-0.058,-0.0005797818834626863,95183885.0,116766781.138,TuShare index_daily
2019-07-18,000300.SH,3793.1893,3793.3916,3767.9958,3768.4019,3804.6384,-36.2365,-0.9524,-0.009569941561221082,87496445.0,111669365.488,TuShare index_daily
2019-07-19,000300.SH,3787.5079,3828.1514,3787.5079,3807.9551,3768.4019,39.5532,1.0496,0.010441313508209052,88086149.0,117797528.166,TuShare index_daily
2019-07-22,000300.SH,3813.5022,3816.5387,3765.4428,3781.6832,3807.9551,-26.2719,-0.6899,-0.00692312436904916,92101377.0,117810448.146,TuShare index_daily
2019-07-23,000300.SH,3783.5411,3792.9647,3768.7614,3789.9135,3781.6832,8.2303,0.2176,0.0021739940907149675,71313346.0,103866608.769,TuShare index_daily
2019-07-24,000300.SH,3803.5867,3840.0579,3803.5738,3819.8325,3789.9135,29.919,0.7894,0.007863377874701536,90940684.0,129940587.223,TuShare index_daily
2019-07-25,000300.SH,3821.3898,3851.0665,3812.9532,3851.0665,3819.8325,31.234,0.8177,0.008143549436106876,93740417.0,125899502.555,TuShare index_daily
2019-07-26,000300.SH,3835.2281,3863.5878,3832.5223,3858.5688,3851.0665,7.5023,0.1948,0.001946214594111988,83259300.0,110929728.704,TuShare index_daily
2019-07-29,000300.SH,3857.9394,3862.7467,3842.426,3854.2704,3858.5688,-4.2984,-0.1114,-0.0011146091169672305,84814370.0,111679108.84,TuShare index_daily
2019-07-30,000300.SH,3861.5698,3890.7298,3861.5698,3870.3176,3854.2704,16.0472,0.4163,0.004154842454988661,94123955.0,120480280.02,TuShare index_daily
2019-07-31,000300.SH,3856.745,3856.745,3830.0914,3835.3589,3870.3176,-34.9587,-0.9033,-0.00907355501979326,82151155.0,111083892.777,TuShare index_daily
2019-08-01,000300.SH,3819.3242,3831.2641,3791.546,3803.4694,3835.3589,-31.8895,-0.8315,-0.008349365636683289,84114180.0,117649163.85,TuShare index_daily
2019-08-02,000300.SH,3729.1309,3754.5326,3720.0584,3747.4379,3803.4694,-56.0315,-1.4732,-0.01484127039139987,108335897.0,141874787.569,TuShare index_daily
2019-08-05,000300.SH,3724.4097,3739.5031,3675.6884,3675.6884,3747.4379,-71.7495,-1.9146,-0.019331944959407953,101325981.0,133061101.376,TuShare index_daily
2019-08-06,000300.SH,3609.1118,3649.8953,3575.8626,3636.3289,3675.6884,-39.3595,-1.0708,-0.010765806080601245,129833871.0,167267479.639,TuShare index_daily
2019-08-07,000300.SH,3654.6323,3659.0778,3621.431,3621.431,3636.3289,-14.8979,-0.4097,-0.004105377176846434,84238716.0,108667668.03,TuShare index_daily
2019-08-08,000300.SH,3651.3571,3675.4603,3646.9386,3669.2936,3621.431,47.8626,1.3216,0.013129912382783668,88457707.0,114981616.121,TuShare index_daily
2019-08-09,000300.SH,3686.7493,3689.1774,3628.1163,3633.5296,3669.2936,-35.764,-0.9747,-0.009794646519203832,85295580.0,116355689.959,TuShare index_daily
2019-08-12,000300.SH,3647.8661,3699.1047,3643.3161,3699.1047,3633.5296,65.5751,1.8047,0.017886299940348738,82083056.0,121129345.184,TuShare index_daily
2019-08-13,000300.SH,3675.5868,3686.4302,3658.0126,3665.7515,3699.1047,-33.3532,-0.9017,-0.00905745532884727,76500302.0,103764319.441,TuShare index_daily
2019-08-14,000300.SH,3712.0657,3717.5579,3680.6086,3682.4015,3665.7515,16.65,0.4542,0.004531758795673605,91202590.0,128301671.073,TuShare index_daily
2019-08-15,000300.SH,3618.0092,3694.2985,3612.1108,3694.0006,3682.4015,11.5991,0.315,0.0031449233387412104,88598832.0,119241082.583,TuShare index_daily
2019-08-16,000300.SH,3697.9407,3738.0964,3687.0751,3710.5386,3694.0006,16.538,0.4477,0.004466997082010161,88319169.0,132696910.341,TuShare index_daily
2019-08-19,000300.SH,3736.0344,3791.0946,3720.6894,3791.0946,3710.5386,80.556,2.171,0.021477748776293232,139327013.0,195448939.476,TuShare index_daily
2019-08-20,000300.SH,3786.026,3799.8977,3778.7306,3787.7324,3791.0946,-3.3622,-0.0887,-0.0008872613718639216,108602088.0,149115340.695,TuShare index_daily
2019-08-21,000300.SH,3778.3091,3792.5955,3775.4474,3781.7579,3787.7324,-5.9745,-0.1577,-0.0015785742510702235,82299880.0,121688505.095,TuShare index_daily
2019-08-22,000300.SH,3793.8552,3797.329,3771.2048,3793.5061,3781.7579,11.7482,0.3107,0.003101729370447891,85807792.0,120708136.081,TuShare index_daily
2019-08-23,000300.SH,3796.8821,3829.3607,3788.0345,3820.8638,3793.5061,27.3577,0.7212,0.007185838901974463,87954583.0,137802154.001,TuShare index_daily
2019-08-26,000300.SH,3756.3618,3778.8665,3753.1646,3765.9105,3820.8638,-54.9533,-1.4382,-0.014486858026008614,93859269.0,142350985.497,TuShare index_daily
2019-08-27,000300.SH,3791.4587,3848.2358,3790.873,3816.9459,3765.9105,51.0354,1.3552,0.013460935543640957,124731478.0,181748784.079,TuShare index_daily
2019-08-28,000300.SH,3818.8125,3822.5883,3790.1384,3802.5844,3816.9459,-14.3615,-0.3763,-0.003769659399294659,88750812.0,137667277.244,TuShare index_daily
2019-08-29,000300.SH,3805.494,3808.5954,3774.3968,3790.1867,3802.5844,-12.3977,-0.326,-0.0032656617339578433,84083387.0,126475676.638,TuShare index_daily
2019-08-30,000300.SH,3816.678,3828.9698,3778.9189,3799.5863,3790.1867,9.3996,0.248,0.0024769132899290875,96695150.0,152408668.676,TuShare index_daily
2019-09-02,000300.SH,3803.689,3855.7768,3799.8166,3848.3198,3799.5863,48.7335,1.2826,0.012744445073590072,110289349.0,164994458.613,TuShare index_daily
2019-09-03,000300.SH,3852.5794,3856.6813,3833.7571,3853.6106,3848.3198,5.2908,0.1375,0.0013738895465038698,97714631.0,146270633.849,TuShare index_daily
2019-09-04,000300.SH,3848.6483,3886.0012,3846.4215,3886.0012,3853.6106,32.3906,0.8405,0.00837013275123946,126628615.0,176839744.819,TuShare index_daily
2019-09-05,000300.SH,3909.2087,3970.0038,3909.2087,3925.323,3886.0012,39.3218,1.0119,0.01006798108609549,181656231.0,244681225.481,TuShare index_daily
2019-09-06,000300.SH,3946.6854,3948.5397,3922.3361,3948.5075,3925.323,23.1845,0.5906,0.005889018567064386,121882376.0,181718270.031,TuShare index_daily
2019-09-09,000300.SH,3980.9577,3985.239,3954.8755,3972.9484,3948.5075,24.4409,0.619,0.006170829672186728,146809754.0,209545387.191,TuShare index_daily
2019-09-10,000300.SH,3976.8697,3976.9225,3938.7441,3959.265,3972.9484,-13.6834,-0.3444,-0.0034500871025243763,130889386.0,184494349.874,TuShare index_daily
2019-09-11,000300.SH,3969.6757,3971.2237,3922.9531,3930.0999,3959.265,-29.1651,-0.7366,-0.00739355657342721,131594875.0,190165007.512,TuShare index_daily
2019-09-12,000300.SH,3944.6917,3975.9311,3933.4366,3972.3799,3930.0999,42.28,1.0758,0.010700540715443225,110241273.0,156750653.138,TuShare index_daily
2019-09-16,000300.SH,3981.3616,3982.204,3943.3734,3957.7154,3972.3799,-14.6645,-0.3692,-0.0036984465283036883,110259805.0,154736552.348,TuShare index_daily
2019-09-17,000300.SH,3947.1577,3947.1577,3879.4852,3891.2208,3957.7154,-66.4946,-1.6801,-0.016944000862452385,113694317.0,154899299.888,TuShare index_daily
2019-09-18,000300.SH,3902.9947,3923.1462,3902.5109,3910.0837,3891.2208,18.8629,0.4848,0.004835841687665309,82056152.0,130159557.672,TuShare index_daily
2019-09-19,000300.SH,3923.9631,3924.3823,3897.0666,3924.3823,3910.0837,14.2986,0.3657,0.0036501826355516058,85984238.0,127421791.159,TuShare index_daily
2019-09-20,000300.SH,3933.4594,3942.224,3921.4124,3935.6511,3924.3823,11.2688,0.2871,0.0028673689149518178,103455955.0,153162588.495,TuShare index_daily
2019-09-23,000300.SH,3925.1858,3925.1858,3868.214,3890.6616,3935.6511,-44.9895,-1.1431,-0.011497111678571497,94036225.0,139223506.453,TuShare index_daily
2019-09-24,000300.SH,3895.8661,3927.0115,3886.1404,3901.0758,3890.6616,10.4142,0.2677,0.002673140961188054,87783230.0,142341399.679,TuShare index_daily
2019-09-25,000300.SH,3887.5548,3889.839,3867.2277,3870.9837,3901.0758,-30.0921,-0.7714,-0.007743700462489368,89520835.0,133224463.638,TuShare index_daily
2019-09-26,000300.SH,3884.7022,3890.7452,3840.2472,3841.1388,3870.9837,-29.8449,-0.771,-0.00773977565473282,102698301.0,150806750.013,TuShare index_daily
2019-09-27,000300.SH,3843.4584,3859.5003,3832.2466,3852.6534,3841.1388,11.5146,0.2998,0.002993220585542078,74003947.0,109130484.004,TuShare index_daily
2019-09-30,000300.SH,3842.0741,3857.2319,3813.5491,3814.5282,3852.6534,-38.1252,-0.9896,-0.009945118355292859,65931313.0,100487271.138,TuShare index_daily
2019-10-08,000300.SH,3818.5894,3861.6429,3818.5894,3837.6791,3814.5282,23.1509,0.6069,0.006050795470111036,76657860.0,118365682.515,TuShare index_daily
2019-10-09,000300.SH,3822.6068,3845.3403,3805.0671,3843.2392,3837.6791,5.5601,0.1449,0.001447769850951804,75854512.0,112406207.028,TuShare index_daily
2019-10-10,000300.SH,3838.4865,3877.142,3829.4328,3874.6391,3843.2392,31.3999,0.817,0.008136970299079355,79222694.0,127474042.853,TuShare index_daily
2019-10-11,000300.SH,3885.5198,3922.3694,3868.8417,3911.7253,3874.6391,37.0862,0.9572,0.009526006886581121,93412577.0,139817298.256,TuShare index_daily
2019-10-14,000300.SH,3944.8593,3983.8117,3934.7325,3953.2411,3911.7253,41.5158,1.0613,0.010557244235901198,122393611.0,167857131.154,TuShare index_daily
2019-10-15,000300.SH,3953.1645,3953.1645,3928.151,3936.2498,3953.2411,-16.9913,-0.4298,-0.004307331483228067,85273949.0,125117107.011,TuShare index_daily
2019-10-16,000300.SH,3939.276,3964.0456,3919.0169,3922.6854,3936.2498,-13.5644,-0.3446,-0.0034519723408775976,83229707.0,128558533.503,TuShare index_daily
2019-10-17,000300.SH,3929.386,3935.8123,3913.9173,3925.2216,3922.6854,2.5362,0.0647,0.0006463379569335288,64863745.0,99991850.409,TuShare index_daily
2019-10-18,000300.SH,3935.4199,3940.5409,3864.9652,3869.3777,3925.2216,-55.8439,-1.4227,-0.0143291151611447,82321140.0,122186927.13,TuShare index_daily
2019-10-21,000300.SH,3865.3436,3884.7447,3856.0374,3880.8398,3869.3777,11.4621,0.2962,0.0029578804354533027,74182918.0,110858235.839,TuShare index_daily
2019-10-22,000300.SH,3896.3149,3897.4352,3870.5486,3895.8809,3880.8398,15.0411,0.3876,0.003868241984147565,68918566.0,102843371.161,TuShare index_daily
2019-10-23,000300.SH,3892.6766,3901.4243,3862.1965,3871.0848,3895.8809,-24.7961,-0.6365,-0.006385037658147137,70198625.0,99733598.353,TuShare index_daily
2019-10-24,000300.SH,3877.9239,3890.1955,3852.5828,3870.6678,3871.0848,-0.417,-0.0108,-0.00010772754489811883,71334575.0,105096951.647,TuShare index_daily
2019-10-25,000300.SH,3871.7687,3899.7223,3849.0337,3896.7923,3870.6678,26.1245,0.6749,0.006726677233170096,77453620.0,126677483.957,TuShare index_daily
2019-10-28,000300.SH,3904.9824,3927.7959,3897.8175,3926.585,3896.7923,29.7927,0.7645,0.007616363848449757,97406020.0,150762201.737,TuShare index_daily
2019-10-29,000300.SH,3929.7077,3932.3745,3910.226,3910.226,3926.585,-16.359,-0.4166,-0.004174918538003564,82257075.0,139611420.266,TuShare index_daily
2019-10-30,000300.SH,3904.7172,3908.0999,3883.4468,3891.2255,3910.226,-19.0005,-0.4859,-0.0048710262618592085,77872923.0,122610501.731,TuShare index_daily
2019-10-31,000300.SH,3906.8593,3907.1505,3878.8757,3886.7519,3891.2255,-4.4736,-0.115,-0.0011503248886546285,86714539.0,135012425.539,TuShare index_daily
2019-11-01,000300.SH,3883.8084,3956.0797,3876.4164,3952.3872,3886.7519,65.6353,1.6887,0.016745929106932903,100689612.0,151471061.323,TuShare index_daily
2019-11-04,000300.SH,3964.0052,3985.3573,3964.0052,3978.1216,3952.3872,25.7344,0.6511,0.006489997294453441,104193855.0,154485361.812,TuShare index_daily
2019-11-05,000300.SH,3982.1155,4030.6381,3970.8664,4002.8128,3978.1216,24.6912,0.6207,0.00618756590134739,112911880.0,163317856.089,TuShare index_daily
2019-11-06,000300.SH,4006.327,4007.5012,3973.7762,3984.8816,4002.8128,-17.9312,-0.448,-0.00448971360764937,97312952.0,139859763.47,TuShare index_daily
2019-11-07,000300.SH,3984.5529,4005.3829,3975.5475,3991.8749,3984.8816,6.9933,0.1755,0.0017534198998628825,87254898.0,117751554.347,TuShare index_daily
2019-11-08,000300.SH,4017.6742,4022.0362,3971.5726,3973.0107,3991.8749,-18.8642,-0.4726,-0.004736850275038381,97106948.0,139026673.427,TuShare index_daily
2019-11-11,000300.SH,3948.6186,3948.6186,3897.5504,3902.9783,3973.0107,-70.0324,-1.7627,-0.01778424165054614,94155621.0,130330082.289,TuShare index_daily
2019-11-12,000300.SH,3905.9584,3914.8821,3877.7397,3903.6888,3902.9783,0.7105,0.0182,0.0001820239015856364,76543069.0,108828235.839,TuShare index_daily
2019-11-13,000300.SH,3905.2831,3908.4196,3882.4314,3899.9815,3903.6888,-3.7073,-0.095,-0.0009501427242264534,76749078.0,112057146.508,TuShare index_daily
2019-11-14,000300.SH,3905.9284,3916.9459,3895.1415,3905.857,3899.9815,5.8755,0.1507,0.0015054119066440256,87008446.0,119791566.839,TuShare index_daily
2019-11-15,000300.SH,3908.4891,3915.1049,3877.0892,3877.0892,3905.857,-28.7678,-0.7365,-0.0073925555371158955,83730917.0,115423020.917,TuShare index_daily
2019-11-18,000300.SH,3874.4405,3913.1029,3868.3166,3907.9291,3877.0892,30.8399,0.7954,0.00792292583956696,76645993.0,107085819.889,TuShare index_daily
2019-11-19,000300.SH,3904.0996,3947.0392,3902.3776,3947.0392,3907.9291,39.1101,1.0008,0.009958136481306303,82161025.0,123227172.612,TuShare index_daily
2019-11-20,000300.SH,3940.1344,3943.2273,3901.9865,3907.8641,3947.0392,-39.1751,-0.9925,-0.009974769470009609,76815333.0,118003062.733,TuShare index_daily
2019-11-21,000300.SH,3894.539,3901.8262,3875.9682,3889.598,3907.8641,-18.2661,-0.4674,-0.0046851483670989165,69130538.0,104147769.298,TuShare index_daily
2019-11-22,000300.SH,3894.1742,3918.8385,3833.5033,3849.9948,3889.598,-39.6032,-1.0182,-0.010234012738468922,91042639.0,146981162.09,TuShare index_daily
2019-11-25,000300.SH,3850.966,3878.2507,3839.4201,3878.2061,3849.9948,28.2113,0.7328,0.007300903710355269,106066289.0,140851076.272,TuShare index_daily
2019-11-26,000300.SH,3893.4349,3899.1097,3869.5948,3891.6533,3878.2061,13.4472,0.3467,0.0034613788316599295,111513537.0,140213633.065,TuShare index_daily
2019-11-27,000300.SH,3883.429,3889.9783,3862.7011,3875.6186,3891.6533,-16.0347,-0.412,-0.004128791417360389,76437305.0,107238822.033,TuShare index_daily
2019-11-28,000300.SH,3877.9012,3887.6903,3852.0105,3862.3029,3875.6186,-13.3157,-0.3436,-0.003441676978464653,65230119.0,87081788.912,TuShare index_daily
2019-11-29,000300.SH,3857.1883,3861.6584,3804.8291,3828.6706,3862.3029,-33.6323,-0.8708,-0.008745970684524417,74144331.0,116200556.869,TuShare index_daily
2019-12-02,000300.SH,3835.5128,3854.7509,3829.3126,3836.0589,3828.6706,7.3883,0.193,0.00192787032819121,77412173.0,109992592.541,TuShare index_daily
2019-12-03,000300.SH,3829.212,3851.1205,3811.6281,3851.0873,3836.0589,15.0284,0.3918,0.003910012573047016,73611240.0,108703714.965,TuShare index_daily
2019-12-04,000300.SH,3841.6627,3852.9922,3831.0747,3849.819,3851.0873,-1.2683,-0.0329,-0.00032938980479928193,79683385.0,109646342.796,TuShare index_daily
2019-12-05,000300.SH,3863.6086,3883.4031,3859.8223,3879.3638,3849.819,29.5448,0.7674,0.0076450369110844605,89051193.0,129357592.812,TuShare index_daily
2019-12-06,000300.SH,3885.0582,3902.3853,3878.7002,3902.3853,3879.3638,23.0215,0.5934,0.005916810441135707,78648887.0,116424775.802,TuShare index_daily
2019-12-09,000300.SH,3909.5297,3911.9682,3885.2507,3895.4468,3902.3853,-6.9385,-0.1778,-0.0017795976477017867,95353806.0,130873098.246,TuShare index_daily
2019-12-10,000300.SH,3886.444,3900.959,3882.0877,3900.3843,3895.4468,4.9375,0.1268,0.0012667028304908915,86262928.0,121118412.751,TuShare index_daily
2019-12-11,000300.SH,3907.1592,3909.3854,3890.341,3902.7492,3900.3843,2.3649,0.0606,0.0006061411284087119,99765480.0,127690403.434,TuShare index_daily
2019-12-12,000300.SH,3908.4537,3908.4537,3886.1188,3891.0242,3902.7492,-11.725,-0.3004,-0.003008814407023755,84708330.0,117874313.734,TuShare index_daily
2019-12-13,000300.SH,3928.0044,3969.4568,3925.2757,3968.2211,3891.0242,77.1969,1.984,0.01964549517248232,148571349.0,201018885.799,TuShare index_daily
2019-12-16,000300.SH,3970.7092,3987.5866,3953.5126,3987.5464,3968.2211,19.3253,0.487,0.0048581957704862165,148486670.0,202154895.254,TuShare index_daily
2019-12-17,000300.SH,3987.7426,4067.1355,3984.5193,4041.7996,3987.5464,54.2532,1.3606,0.01351393392930136,201162937.0,251637865.288,TuShare index_daily
2019-12-18,000300.SH,4039.724,4057.64,4025.3433,4032.7826,4041.7996,-9.017,-0.2231,-0.002233429179337791,151351764.0,197620207.485,TuShare index_daily
2019-12-19,000300.SH,4034.6159,4038.5435,4014.8951,4027.1495,4032.7826,-5.6331,-0.1397,-0.001397803566406833,117900558.0,152553809.117,TuShare index_daily
2019-12-20,000300.SH,4032.1519,4046.7261,4014.9296,4017.2527,4027.1495,-9.8968,-0.2458,-0.0024605445493925703,121267662.0,158460232.417,TuShare index_daily
2019-12-23,000300.SH,4014.6929,4032.1721,3964.3798,3967.0962,4017.2527,-50.1565,-1.2485,-0.012563869739876722,122816246.0,162048261.474,TuShare index_daily
2019-12-24,000300.SH,3971.56,3994.5092,3963.6653,3992.9581,3967.0962,25.8619,0.6519,0.006497943361457646,95989045.0,122499163.329,TuShare index_daily
2019-12-25,000300.SH,3988.6574,4000.5556,3976.3559,3990.8671,3992.9581,-2.091,-0.0524,-0.000523809075331489,94938890.0,131896466.969,TuShare index_daily
2019-12-26,000300.SH,3993.6686,4025.9879,3993.5413,4025.9879,3990.8671,35.1208,0.88,0.008761796161291392,108860640.0,140814968.243,TuShare index_daily
2019-12-27,000300.SH,4029.2454,4066.7964,4019.7223,4022.0278,4025.9879,-3.9601,-0.0984,-0.0009841184379423033,150926411.0,195090417.042,TuShare index_daily
2019-12-30,000300.SH,4015.5195,4083.6901,4001.4951,4081.6334,4022.0278,59.6056,1.482,0.014711048126733142,155971488.0,216814660.017,TuShare index_daily
2019-12-31,000300.SH,4077.7519,4098.1444,4069.0086,4096.5821,4081.6334,14.9487,0.3662,0.0036557404603511975,123264258.0,173119348.51,TuShare index_daily
2020-01-02,000300.SH,4121.3487,4172.6555,4121.3487,4152.2408,4096.5821,55.6587,1.3587,0.013495148430566905,182116772.0,270105532.028,TuShare index_daily
2020-01-03,000300.SH,4161.2185,4164.2989,4131.864,4144.9649,4152.2408,-7.2759,-0.1752,-0.0017538198106827857,142826244.0,215216288.331,TuShare index_daily
2020-01-06,000300.SH,4120.5211,4170.6384,4102.3796,4129.2954,4144.9649,-15.6695,-0.378,-0.003787533426308017,175309953.0,250182071.294,TuShare index_daily
2020-01-07,000300.SH,4137.4019,4161.2504,4135.0972,4160.2274,4129.2954,30.932,0.7491,0.007462949149397088,139489031.0,196389059.715,TuShare index_daily
2020-01-08,000300.SH,4139.6315,4149.813,4101.9801,4112.3172,4160.2274,-47.9102,-1.1516,-0.0115830709851755,167585850.0,212406263.857,TuShare index_daily
2020-01-09,000300.SH,4145.5345,4165.6574,4143.592,4164.3697,4112.3172,52.0525,1.2658,0.012578266378327381,136886324.0,200150352.942,TuShare index_daily
2020-01-10,000300.SH,4177.5777,4180.9771,4148.4817,4163.1849,4164.3697,-1.1848,-0.0285,-0.0002845493220769424,113031719.0,177827413.709,TuShare index_daily
2020-01-13,000300.SH,4166.9254,4203.9883,4148.6007,4203.9883,4163.1849,40.8034,0.9801,0.0097532876352903,119691982.0,199795489.709,TuShare index_daily
2020-01-14,000300.SH,4215.1578,4223.5078,4188.0809,4189.8862,4203.9883,-14.1021,-0.3354,-0.003360096286408275,129320783.0,196221263.396,TuShare index_daily
2020-01-15,000300.SH,4186.881,4193.8686,4150.8799,4166.7344,4189.8862,-23.1518,-0.5526,-0.00554096215265634,104633136.0,163081930.622,TuShare index_daily
2020-01-16,000300.SH,4174.8172,4175.2938,4142.1795,4149.0434,4166.7344,-17.691,-0.4246,-0.004254809860104781,100267642.0,156242505.812,TuShare index_daily
2020-01-17,000300.SH,4162.1939,4177.0282,4141.6448,4154.853,4149.0434,5.8096,0.14,0.0013992469722722961,98725682.0,166591591.594,TuShare index_daily
2020-01-20,000300.SH,4170.7365,4185.9629,4149.4879,4185.8304,4154.853,30.9774,0.7456,0.007428058577093128,122409147.0,202692287.442,TuShare index_daily
2020-01-21,000300.SH,4165.0203,4165.0203,4113.3251,4114.3085,4185.8304,-71.5219,-1.7087,-0.017234330931583355,130527507.0,204586880.494,TuShare index_daily
2020-01-22,000300.SH,4093.8009,4141.1772,4046.4866,4131.9311,4114.3085,17.6226,0.4283,0.0042741001188863715,126758763.0,208136150.792,TuShare index_daily
2020-01-23,000300.SH,4093.3229,4103.5244,3972.3933,4003.9013,4131.9311,-128.0298,-3.0985,-0.03147566558508316,160357603.0,250409357.701,TuShare index_daily
2020-02-03,000300.SH,3639.9089,3732.1572,3639.9089,3688.3578,4003.9013,-315.5435,-7.8809,-0.08208789245745143,157559647.0,243303105.386,TuShare index_daily
2020-02-04,000300.SH,3652.0035,3786.8629,3652.0035,3785.6376,3688.3578,97.2798,2.6375,0.026033008785874372,213933328.0,298165767.621,TuShare index_daily
2020-02-05,000300.SH,3801.099,3866.0108,3781.613,3828.5272,3785.6376,42.8896,1.133,0.01126585902804228,174925524.0,264042920.866,TuShare index_daily
2020-02-06,000300.SH,3841.7537,3914.915,3806.9601,3899.7751,3828.5272,71.2479,1.861,0.018438698650183886,176462235.0,262820088.452,TuShare index_daily
2020-02-07,000300.SH,3879.5531,3899.8837,3849.7127,3899.8693,3899.7751,0.0942,0.0024,2.4154947372948227e-05,151731759.0,237508816.256,TuShare index_daily
2020-02-10,000300.SH,3872.3738,3920.1667,3861.0066,3916.0052,3899.8693,16.1359,0.4138,0.00412901279945909,148406969.0,229625441.896,TuShare index_daily
2020-02-11,000300.SH,3926.4204,3970.5221,3915.7077,3952.4643,3916.0052,36.4591,0.931,0.009267205249654655,143441674.0,219307119.361,TuShare index_daily
2020-02-12,000300.SH,3945.6663,3984.4325,3940.6667,3984.4325,3952.4643,31.9682,0.8088,0.008055635264537581,126710321.0,200776706.55,TuShare index_daily
2020-02-13,000300.SH,3985.8757,3999.5495,3950.1422,3959.9188,3984.4325,-24.5137,-0.6152,-0.0061713730615193555,145001843.0,228605964.793,TuShare index_daily
2020-02-14,000300.SH,3954.234,4001.5627,3954.0233,3987.7342,3959.9188,27.8154,0.7024,0.006999679922883055,143239803.0,222895073.625,TuShare index_daily
2020-02-17,000300.SH,3999.6511,4077.4464,3999.6511,4077.4241,3987.7342,89.6899,2.2491,0.022242241064220722,182778969.0,273067817.278,TuShare index_daily
2020-02-18,000300.SH,4069.8315,4076.388,4027.7859,4057.5108,4077.4241,-19.9133,-0.4884,-0.004895758852166483,163236220.0,242552517.334,TuShare index_daily
2020-02-19,000300.SH,4049.5862,4085.1704,4042.8451,4051.3107,4057.5108,-6.2001,-0.1528,-0.0015292237492852212,169046441.0,257554535.73,TuShare index_daily
2020-02-20,000300.SH,4062.8968,4148.5287,4055.8105,4144.6561,4051.3107,93.3454,2.3041,0.02277935932332665,212232624.0,310835589.162,TuShare index_daily
2020-02-21,000300.SH,4134.8747,4184.4379,4130.1677,4149.4903,4144.6561,4.8342,0.1166,0.0011656897079620984,217213604.0,326564003.559,TuShare index_daily
2020-02-24,000300.SH,4131.8364,4149.0102,4097.1753,4132.8388,4149.4903,-16.6515,-0.4013,-0.0040209757990555175,212869303.0,326387800.606,TuShare index_daily
2020-02-25,000300.SH,4066.302,4126.7075,4020.9075,4123.8543,4132.8388,-8.9845,-0.2174,-0.0021762958698513814,244167831.0,372213717.03,TuShare index_daily
2020-02-26,000300.SH,4070.0994,4132.7817,4061.125,4073.0152,4123.8543,-50.8391,-1.2328,-0.012404675201421004,261094061.0,366022417.907,TuShare index_daily
2020-02-27,000300.SH,4084.0782,4110.5275,4067.4408,4084.8759,4073.0152,11.8607,0.2912,0.002907787861271764,181290981.0,282050206.371,TuShare index_daily
2020-02-28,000300.SH,3988.7274,4031.1453,3928.0663,3940.0488,4084.8759,-144.8271,-3.5454,-0.036098239393596,230275093.0,330358907.266,TuShare index_daily
2020-03-02,000300.SH,3968.8435,4092.5394,3968.8435,4069.6662,3940.0488,129.6174,3.2897,0.03236787232915487,219313559.0,317426205.457,TuShare index_daily
2020-03-03,000300.SH,4125.1356,4147.6525,4067.9094,4091.3615,4069.6662,21.6953,0.5331,0.0053168183972415635,219369777.0,330802584.619,TuShare index_daily
2020-03-04,000300.SH,4078.4998,4115.2618,4060.729,4115.0524,4091.3615,23.6909,0.579,0.005773768201984381,182424730.0,281784863.845,TuShare index_daily
2020-03-05,000300.SH,4150.21,4215.8513,4127.0386,4206.7251,4115.0524,91.6727,2.2277,0.02203289104992335,231823115.0,362838831.776,TuShare index_daily
2020-03-06,000300.SH,4158.2021,4181.3102,4135.3901,4138.5072,4206.7251,-68.2179,-1.6216,-0.016349315895662495,172475717.0,253168631.959,TuShare index_daily
2020-03-09,000300.SH,4063.076,4063.076,3995.1313,3997.1325,4138.5072,-141.3747,-3.4161,-0.034757914060444206,208102035.0,305428730.304,TuShare index_daily
2020-03-10,000300.SH,3975.2288,4093.0024,3954.7506,4082.7315,3997.1325,85.599,2.1415,0.02118902066274294,197416402.0,296184435.851,TuShare index_daily
2020-03-11,000300.SH,4090.9348,4091.2704,4028.3964,4028.4289,4082.7315,-54.3026,-1.3301,-0.013389800874618088,161656111.0,244990872.686,TuShare index_daily
2020-03-12,000300.SH,3976.1139,3987.4336,3926.2704,3950.9111,4028.4289,-77.5178,-1.9243,-0.01943023828690416,157060458.0,233152848.759,TuShare index_daily
2020-03-13,000300.SH,3771.0139,3937.1806,3765.1479,3895.3128,3950.9111,-55.5983,-1.4072,-0.014172226357878227,188296722.0,280213453.214,TuShare index_daily
2020-03-16,000300.SH,3899.8598,3899.8598,3720.5127,3727.8398,3895.3128,-167.473,-4.2993,-0.043945060388467926,185968260.0,282836238.271,TuShare index_daily
2020-03-17,000300.SH,3739.7833,3786.8908,3618.307,3709.6822,3727.8398,-18.1576,-0.4871,-0.004882711224087619,166246129.0,250824025.697,TuShare index_daily
2020-03-18,000300.SH,3729.6853,3775.8506,3636.2565,3636.2565,3709.6822,-73.4257,-1.9793,-0.01999149419138795,155037547.0,244127161.535,TuShare index_daily
2020-03-19,000300.SH,3623.789,3647.9874,3503.1866,3589.0926,3636.2565,-47.1639,-1.297,-0.013055305490118364,180807407.0,271827467.962,TuShare index_daily
2020-03-20,000300.SH,3629.5126,3663.9517,3588.7766,3653.2239,3589.0926,64.1313,1.7868,0.01771062513213693,139603000.0,211223073.323,TuShare index_daily
2020-03-23,000300.SH,3542.6837,3585.8014,3523.7877,3530.3058,3653.2239,-122.9181,-3.3646,-0.03422554193523279,137108790.0,197669624.97,TuShare index_daily
2020-03-24,000300.SH,3598.6548,3627.7592,3545.4524,3625.1146,3530.3058,94.8088,2.6856,0.026501405511712626,143103021.0,208553840.689,TuShare index_daily
2020-03-25,000300.SH,3711.4753,3732.6536,3685.9942,3722.5181,3625.1146,97.4035,2.6869,0.02651444628787693,153495958.0,231561518.761,TuShare index_daily
2020-03-26,000300.SH,3692.6083,3736.2536,3681.2668,3698.0472,3722.5181,-24.4709,-0.6574,-0.006595451348404441,112310665.0,169336311.861,TuShare index_daily
2020-03-27,000300.SH,3746.3914,3758.7827,3709.9213,3710.0605,3698.0472,12.0133,0.3249,0.0032432872245010047,124060995.0,186103426.335,TuShare index_daily
2020-03-30,000300.SH,3657.4624,3690.6388,3637.5853,3674.1108,3710.0605,-35.9497,-0.969,-0.009737039559729033,126876673.0,180640799.409,TuShare index_daily
2020-03-31,000300.SH,3708.1404,3716.0707,3676.2024,3686.1551,3674.1108,12.0443,0.3278,0.003272792291569129,111453025.0,161595510.008,TuShare index_daily
2020-04-01,000300.SH,3682.2966,3731.7799,3670.9653,3675.0758,3686.1551,-11.0793,-0.3006,-0.003010178193419536,119352620.0,170422568.804,TuShare index_daily
2020-04-02,000300.SH,3656.3225,3734.5306,3652.3167,3734.5306,3675.0758,59.4548,1.6178,0.016048376346972232,115168209.0,168893255.657,TuShare index_daily
2020-04-03,000300.SH,3721.4815,3738.8323,3698.9822,3713.2183,3734.5306,-21.3123,-0.5707,-0.005723167754230772,99825083.0,150132815.029,TuShare index_daily
2020-04-07,000300.SH,3779.9076,3803.6286,3772.2054,3798.0214,3713.2183,84.8031,2.2838,0.02258128002354555,142778030.0,207642820.317,TuShare index_daily
2020-04-08,000300.SH,3776.4171,3793.0023,3767.2924,3780.3445,3798.0214,-17.6769,-0.4654,-0.00466510387385904,111389513.0,161576772.32,TuShare index_daily
2020-04-09,000300.SH,3798.4879,3801.7245,3785.3116,3792.8105,3780.3445,12.466,0.3298,0.003292157960371772,100485032.0,154595318.813,TuShare index_daily
2020-04-10,000300.SH,3794.8429,3824.7441,3758.9599,3769.1782,3792.8105,-23.6323,-0.6231,-0.006250307392175125,102444956.0,162251233.801,TuShare index_daily
2020-04-13,000300.SH,3751.7093,3769.8764,3740.1936,3753.2566,3769.1782,-15.9216,-0.4224,-0.004233103828336165,79053343.0,119874303.205,TuShare index_daily
2020-04-14,000300.SH,3777.8343,3825.7599,3764.9838,3825.6991,3753.2566,72.4425,1.9301,0.01911733203498188,110637585.0,170612579.792,TuShare index_daily
2020-04-15,000300.SH,3820.8506,3829.8009,3793.4402,3797.3623,3825.6991,-28.3368,-0.7407,-0.007434527687172356,108461984.0,169700216.633,TuShare index_daily
2020-04-16,000300.SH,3777.7986,3807.3569,3774.5585,3802.3806,3797.3623,5.0183,0.1322,0.0013206501313025463,95947965.0,147164302.057,TuShare index_daily
2020-04-17,000300.SH,3831.9232,3863.4521,3821.4201,3839.4871,3802.3806,37.1065,0.9759,0.009711445706510577,132004301.0,203595267.034,TuShare index_daily
2020-04-20,000300.SH,3845.4598,3853.7984,3831.553,3853.4551,3839.4871,13.968,0.3638,0.0036313844525207206,100013115.0,151924090.117,TuShare index_daily
2020-04-21,000300.SH,3838.2314,3838.2314,3779.9967,3808.0474,3853.4551,-45.4077,-1.1784,-0.011853610092220858,102921888.0,155077454.132,TuShare index_daily
2020-04-22,000300.SH,3789.1297,3839.3834,3782.2149,3839.3834,3808.0474,31.336,0.8229,0.008195216459116533,85899464.0,135547280.79,TuShare index_daily
2020-04-23,000300.SH,3851.9132,3857.4709,3826.5565,3829.7525,3839.3834,-9.6309,-0.2508,-0.0025116010951781896,95508450.0,142122548.832,TuShare index_daily
2020-04-24,000300.SH,3826.3116,3827.212,3787.0714,3796.9721,3829.7525,-32.7804,-0.8559,-0.008596246378152223,94844135.0,138961200.283,TuShare index_daily
2020-04-27,000300.SH,3808.0171,3842.8706,3793.7655,3822.769,3796.9721,25.7969,0.6794,0.006771095821278923,95462735.0,145301151.875,TuShare index_daily
2020-04-28,000300.SH,3835.348,3859.6754,3768.2,3849.1465,3822.769,26.3775,0.69,0.006876406273812152,122093476.0,184179759.24,TuShare index_daily
2020-04-29,000300.SH,3837.5135,3880.7444,3833.7164,3867.032,3849.1465,17.8855,0.4647,0.004635852328096864,95854590.0,151282103.744,TuShare index_daily
2020-04-30,000300.SH,3880.4094,3921.7004,3880.4094,3912.5772,3867.032,45.5452,1.1778,0.011708999561383372,132917125.0,202268288.802,TuShare index_daily
2020-05-06,000300.SH,3867.2587,3937.6909,3865.9875,3936.2539,3912.5772,23.6767,0.6051,0.006033196922335174,139855675.0,214935962.364,TuShare index_daily
2020-05-07,000300.SH,3937.5918,3941.4833,3915.9048,3924.8946,3936.2539,-11.3593,-0.2886,-0.0028899868527085043,105514646.0,167207801.84,TuShare index_daily
2020-05-08,000300.SH,3942.9972,3979.6627,3935.9805,3963.6217,3924.8946,38.7271,0.9867,0.009818680637865151,116943341.0,190299584.717,TuShare index_daily
2020-05-11,000300.SH,3974.7605,3998.0972,3944.5037,3960.1803,3963.6217,-3.4414,-0.0868,-0.0008686234755437449,122673803.0,193758093.9,TuShare index_daily
2020-05-12,000300.SH,3961.3427,3970.1115,3930.2108,3960.2378,3960.1803,0.0575,0.0015,1.4519435533601591e-05,98250554.0,157465780.06,TuShare index_daily
2020-05-13,000300.SH,3946.6428,3972.5254,3932.5711,3968.2529,3960.2378,8.0151,0.2024,0.002021848302197205,88190669.0,145563383.276,TuShare index_daily
2020-05-14,000300.SH,3952.1986,3952.1986,3924.0452,3925.2177,3968.2529,-43.0352,-1.0845,-0.010904107606277304,88530004.0,143499177.72,TuShare index_daily
2020-05-15,000300.SH,3941.125,3945.1956,3907.4021,3912.8159,3925.2177,-12.4018,-0.316,-0.0031645208434674514,92618382.0,153301505.149,TuShare index_daily
2020-05-18,000300.SH,3914.6602,3946.4312,3898.4041,3922.9117,3912.8159,10.0958,0.258,0.0025768648686913405,112801762.0,188528121.368,TuShare index_daily
2020-05-19,000300.SH,3963.7754,3966.8518,3944.0715,3956.2495,3922.9117,33.3378,0.8498,0.008462321838410712,94015291.0,159886222.402,TuShare index_daily
2020-05-20,000300.SH,3955.7145,3955.7145,3923.9213,3935.222,3956.2495,-21.0275,-0.5315,-0.005329183477480376,100791150.0,157102533.276,TuShare index_daily
2020-05-21,000300.SH,3950.5981,3951.743,3907.5788,3913.7949,3935.222,-21.4271,-0.5445,-0.005459831084839416,94861033.0,149154142.258,TuShare index_daily
2020-05-22,000300.SH,3907.5761,3907.5761,3818.1488,3824.064,3913.7949,-89.7309,-2.2927,-0.023193734514938474,103378360.0,157286504.986,TuShare index_daily
2020-05-25,000300.SH,3828.3206,3835.6333,3800.1796,3829.3245,3824.064,5.2605,0.1376,0.0013746854294471086,79033326.0,127011917.716,TuShare index_daily
2020-05-26,000300.SH,3850.0009,3874.7484,3844.4776,3872.7701,3829.3245,43.4456,1.1345,0.01128162222103003,77448076.0,125445619.317,TuShare index_daily
2020-05-27,000300.SH,3873.6984,3873.6984,3838.4247,3845.6135,3872.7701,-27.1566,-0.7012,-0.007036891004288614,83711831.0,123737501.165,TuShare index_daily
2020-05-28,000300.SH,3848.4892,3885.4211,3818.4318,3856.6324,3845.6135,11.0189,0.2865,0.002861219353501663,93064054.0,139108407.792,TuShare index_daily
2020-05-29,000300.SH,3838.3769,3872.3031,3830.4185,3867.0232,3856.6324,10.3908,0.2694,0.0026906446394998444,93813832.0,135658136.028,TuShare index_daily
2020-06-01,000300.SH,3901.7263,3976.3151,3901.7263,3971.3402,3867.0232,104.317,2.6976,0.026618607505175626,136456652.0,208436512.945,TuShare index_daily
2020-06-02,000300.SH,3969.9521,3991.7761,3958.9774,3983.5677,3971.3402,12.2275,0.3079,0.003074205203533941,144303060.0,195563304.256,TuShare index_daily
2020-06-03,000300.SH,4001.1708,4018.6759,3982.9299,3983.6477,3983.5677,0.08,0.002,2.008229876724991e-05,136597483.0,200882767.677,TuShare index_daily
2020-06-04,000300.SH,3998.1636,3999.8051,3968.5723,3982.1851,3983.6477,-1.4626,-0.0367,-0.00036721835698979503,104277737.0,149057855.838,TuShare index_daily
2020-06-05,000300.SH,3988.2239,4001.2509,3967.926,4001.2509,3982.1851,19.0658,0.4788,0.004776348491166621,102443942.0,154311342.982,TuShare index_daily
2020-06-08,000300.SH,4023.606,4050.2213,4016.1015,4021.9549,4001.2509,20.704,0.5174,0.005161040729267489,137925813.0,193047518.688,TuShare index_daily
2020-06-09,000300.SH,4027.5613,4052.1557,4016.3387,4047.0293,4021.9549,25.0744,0.6234,0.006215027837446011,115304479.0,166533966.01,TuShare index_daily
2020-06-10,000300.SH,4046.2317,4046.2317,4024.4185,4039.7051,4047.0293,-7.3242,-0.181,-0.0018114115390478484,112265728.0,166778642.366,TuShare index_daily
2020-06-11,000300.SH,4031.7396,4043.0123,3979.7522,3995.8846,4039.7051,-43.8205,-1.0847,-0.010906712768860143,127308941.0,197079441.861,TuShare index_daily
2020-06-12,000300.SH,3931.6236,4011.0591,3927.2491,4003.0829,3995.8846,7.1983,0.1801,0.0017998077734721176,134166649.0,193504046.742,TuShare index_daily
2020-06-15,000300.SH,3982.9672,4007.1396,3954.9883,3954.9883,4003.0829,-48.0946,-1.2014,-0.012087146329313512,131297860.0,211125336.144,TuShare index_daily
2020-06-16,000300.SH,3995.5786,4014.5702,3987.8637,4014.5702,3954.9883,59.5819,1.5065,0.014952650166163503,111051539.0,185104029.159,TuShare index_daily
2020-06-17,000300.SH,4018.6094,4018.6094,3992.1339,4017.5941,4014.5702,3.0239,0.0753,0.0007529477809265026,105605799.0,176977503.611,TuShare index_daily
2020-06-18,000300.SH,4009.7831,4047.5566,4000.9008,4044.3842,4017.5941,26.7901,0.6668,0.006646060709465059,138148761.0,210192918.146,TuShare index_daily
2020-06-19,000300.SH,4047.0483,4109.3602,4043.4925,4098.7095,4044.3842,54.3253,1.3432,0.013342866475464435,152946990.0,255549797.3,TuShare index_daily
2020-06-22,000300.SH,4097.5071,4126.9421,4088.7822,4102.0459,4098.7095,3.3364,0.0814,0.0008136811845599733,155829465.0,259200520.726,TuShare index_daily
2020-06-23,000300.SH,4098.0373,4124.725,4080.7533,4121.7944,4102.0459,19.7485,0.4814,0.00480275327345941,129229510.0,234806510.835,TuShare index_daily
2020-06-24,000300.SH,4128.1003,4144.6782,4123.3582,4138.9895,4121.7944,17.1951,0.4172,0.004163073394105781,121712465.0,224551430.008,TuShare index_daily
2020-06-29,000300.SH,4127.9348,4137.3696,4092.5352,4109.7164,4138.9895,-29.2731,-0.7073,-0.007097652224453106,130865854.0,226522059.763,TuShare index_daily
2020-06-30,000300.SH,4130.0028,4174.4236,4129.7754,4163.9637,4109.7164,54.2473,1.32,0.013113409441197675,125933521.0,227935704.489,TuShare index_daily
2020-07-01,000300.SH,4172.6425,4247.7835,4163.4954,4247.7835,4163.9637,83.8198,2.013,0.019929884345320857,169990456.0,305711799.762,TuShare index_daily
2020-07-02,000300.SH,4239.408,4340.1039,4238.1164,4335.8445,4247.7835,88.061,2.0731,0.0205190834673487,252939368.0,399571526.695,TuShare index_daily
2020-07-03,000300.SH,4353.1937,4419.5955,4348.4535,4419.5955,4335.8445,83.751,1.9316,0.01913177511652984,290485539.0,442335024.266,TuShare index_daily
2020-07-06,000300.SH,4465.8081,4678.1121,4465.8081,4670.0949,4419.5955,250.4994,5.6679,0.055131216608803546,405821025.0,597438217.716,TuShare index_daily
2020-07-07,000300.SH,4739.6104,4796.3155,4688.0574,4698.1264,4670.0949,28.0315,0.6002,0.005984398267295105,406008553.0,635254742.706,TuShare index_daily
2020-07-08,000300.SH,4692.8621,4803.3643,4670.6501,4774.0042,4698.1264,75.8778,1.6151,0.01602161674087557,348074847.0,532849825.965,TuShare index_daily
2020-07-09,000300.SH,4770.0769,4854.1201,4757.2943,4840.7712,4774.0042,66.767,1.3986,0.013888639196783053,351046893.0,556718732.099,TuShare index_daily
2020-07-10,000300.SH,4796.0873,4821.3745,4734.4725,4753.1333,4840.7712,-87.6379,-1.8104,-0.018270004194841982,316949651.0,510472055.096,TuShare index_daily
2020-07-13,000300.SH,4742.3738,4878.0773,4741.8743,4852.9612,4753.1333,99.8279,2.1003,0.02078503265292465,321645446.0,541105098.721,TuShare index_daily
2020-07-14,000300.SH,4836.1655,4860.4404,4729.9258,4806.6902,4852.9612,-46.271,-0.9535,-0.009580336181996442,297241985.0,511211048.185,TuShare index_daily
2020-07-15,000300.SH,4821.5155,4837.4757,4723.3608,4744.4687,4806.6902,-62.2215,-1.2945,-0.013029283857047434,272389006.0,486748347.68,TuShare index_daily
2020-07-16,000300.SH,4741.5295,4772.5638,4513.6537,4516.2532,4744.4687,-228.2155,-4.8101,-0.04929674326555778,284657133.0,511237962.884,TuShare index_daily
2020-07-17,000300.SH,4524.7717,4601.3733,4485.8214,4544.7007,4516.2532,28.4475,0.6299,0.006279160843895698,207375563.0,372973887.046,TuShare index_daily
2020-07-20,000300.SH,4597.2038,4681.9431,4534.2305,4680.3046,4544.7007,135.6039,2.9838,0.029401320405866512,246068914.0,416714222.276,TuShare index_daily
2020-07-21,000300.SH,4697.5026,4714.2925,4661.444,4691.0425,4680.3046,10.7379,0.2294,0.002291645925546458,200415659.0,356069805.763,TuShare index_daily
2020-07-22,000300.SH,4682.6575,4790.4491,4675.3488,4714.4454,4691.0425,23.4029,0.4989,0.004976445357551661,224199211.0,386470859.914,TuShare index_daily
2020-07-23,000300.SH,4668.7401,4731.4004,4607.6585,4712.4357,4714.4454,-2.0097,-0.0426,-0.0004263764460646308,234314569.0,405175268.661,TuShare index_daily
2020-07-24,000300.SH,4679.0273,4691.698,4479.3928,4505.5906,4712.4357,-206.8451,-4.3893,-0.044885926871965375,243905203.0,437726712.28,TuShare index_daily
2020-07-27,000300.SH,4535.0053,4558.1189,4482.4408,4528.45,4505.5906,22.8594,0.5074,0.005060736341555208,171420551.0,301893370.163,TuShare index_daily
2020-07-28,000300.SH,4567.6691,4590.2496,4537.6849,4568.2576,4528.45,39.8076,0.8791,0.008752145469647098,162768498.0,292835785.345,TuShare index_daily
2020-07-29,000300.SH,4559.1634,4680.558,4548.8535,4679.008,4568.2576,110.7504,2.4243,0.023954258591717723,186695305.0,350432649.161,TuShare index_daily
2020-07-30,000300.SH,4689.7632,4704.6305,4649.7677,4656.1506,4679.008,-22.8574,-0.4885,-0.004897066382800305,166967566.0,324009242.692,TuShare index_daily
2020-07-31,000300.SH,4652.1824,4741.8084,4621.9635,4695.0462,4656.1506,38.8956,0.8354,0.00831889760054069,184839026.0,351119312.415,TuShare index_daily
2020-08-03,000300.SH,4735.8985,4771.3694,4720.025,4771.3108,4695.0462,76.2646,1.6244,0.01611311512058742,214776239.0,401914824.928,TuShare index_daily
2020-08-04,000300.SH,4778.4866,4807.0782,4747.7748,4775.8024,4771.3108,4.4916,0.0941,0.0009409337120644999,239974985.0,426411345.936,TuShare index_daily
2020-08-05,000300.SH,4761.7637,4786.7031,4711.2723,4777.1089,4775.8024,1.3065,0.0274,0.0002735291822812058,196700548.0,347407839.399,TuShare index_daily
2020-08-06,000300.SH,4779.2377,4791.8565,4691.1569,4762.7642,4777.1089,-14.3447,-0.3003,-0.0030073169025837867,227854406.0,404323404.007,TuShare index_daily
2020-08-07,000300.SH,4742.2939,4749.0217,4637.8427,4707.9262,4762.7642,-54.838,-1.1514,-0.0115807001506316,213518216.0,397041212.825,TuShare index_daily
2020-08-10,000300.SH,4681.7553,4757.6634,4646.2885,4724.8697,4707.9262,16.9435,0.3599,0.00359247001676474,203788832.0,371297560.018,TuShare index_daily
2020-08-11,000300.SH,4730.3748,4791.5337,4674.8642,4681.7837,4724.8697,-43.086,-0.9119,-0.009160814050230533,205546511.0,350828586.241,TuShare index_daily
2020-08-12,000300.SH,4668.8899,4681.6206,4566.2736,4647.6446,4681.7837,-34.1391,-0.7292,-0.00731861616432439,202887239.0,347298673.202,TuShare index_daily
2020-08-13,000300.SH,4666.4901,4671.7689,4626.1033,4635.7126,4647.6446,-11.932,-0.2567,-0.0025706231729737705,152550092.0,250945872.579,TuShare index_daily
2020-08-14,000300.SH,4627.61,4708.0709,4617.632,4704.6288,4635.7126,68.9162,1.4866,0.014756944673855646,147292921.0,254343934.256,TuShare index_daily
2020-08-17,000300.SH,4727.1204,4838.0864,4721.3589,4815.2261,4704.6288,110.5973,2.3508,0.02323612644012645,268001556.0,416469154.934,TuShare index_daily
2020-08-18,000300.SH,4816.5703,4825.3861,4788.8293,4812.7564,4815.2261,-2.4697,-0.0513,-0.000513025455575405,189139854.0,314395904.536,TuShare index_daily
2020-08-19,000300.SH,4804.6655,4809.0499,4738.0086,4740.6784,4812.7564,-72.078,-1.4976,-0.01508972828793647,192442948.0,319403284.708,TuShare index_daily
2020-08-20,000300.SH,4708.1253,4721.4357,4662.8032,4679.1544,4740.6784,-61.524,-1.2978,-0.013062837985231536,158368639.0,260486563.515,TuShare index_daily
2020-08-21,000300.SH,4717.7874,4739.4836,4684.8101,4718.8431,4679.1544,39.6887,0.8482,0.00844625377829779,142657864.0,251775160.234,TuShare index_daily
2020-08-24,000300.SH,4746.4035,4769.4673,4716.6054,4755.8491,4718.8431,37.006,0.7842,0.007811586360143104,151143512.0,272428686.419,TuShare index_daily
2020-08-25,000300.SH,4769.2107,4802.4122,4746.313,4761.9507,4755.8491,6.1016,0.1283,0.001282145236100936,141701351.0,262308788.275,TuShare index_daily
2020-08-26,000300.SH,4761.7186,4786.4249,4689.881,4706.1302,4761.9507,-55.8205,-1.1722,-0.01179143848735509,151305180.0,277456360.643,TuShare index_daily
2020-08-27,000300.SH,4718.062,4731.9351,4679.3623,4731.3451,4706.1302,25.2149,0.5358,0.005343581667131274,119042850.0,223631511.406,TuShare index_daily
2020-08-28,000300.SH,4727.292,4850.4884,4719.3526,4844.2652,4731.3451,112.9201,2.3866,0.02358603393633957,159399765.0,305047882.509,TuShare index_daily
2020-08-31,000300.SH,4870.9337,4901.2115,4816.2123,4816.2153,4844.2652,-28.0499,-0.579,-0.005807160177476246,202567029.0,357005064.605,TuShare index_daily
2020-09-01,000300.SH,4803.3922,4842.135,4791.7829,4842.1223,4816.2153,25.907,0.5379,0.005364704197894736,138395402.0,262018070.577,TuShare index_daily
2020-09-02,000300.SH,4859.0754,4863.5509,4797.5204,4843.887,4842.1223,1.7647,0.0364,0.0003643812358356593,157989524.0,280778613.751,TuShare index_daily
2020-09-03,000300.SH,4841.502,4877.0117,4800.0577,4817.0952,4843.887,-26.7918,-0.5531,-0.005546406799537806,145671201.0,279411988.792,TuShare index_daily
2020-09-04,000300.SH,4737.2368,4778.203,4726.5559,4770.219,4817.0952,-46.8762,-0.9731,-0.009778874994954716,120032796.0,238463337.879,TuShare index_daily
2020-09-07,000300.SH,4759.5213,4789.3031,4655.56,4669.3677,4770.219,-100.8513,-2.1142,-0.021368549427703998,148607791.0,282316394.068,TuShare index_daily
2020-09-08,000300.SH,4683.8256,4707.8966,4639.0531,4694.3894,4669.3677,25.0217,0.5359,0.0053443845861228375,139199227.0,249198138.076,TuShare index_daily
2020-09-09,000300.SH,4634.247,4645.1972,4558.0304,4584.5887,4694.3894,-109.8007,-2.339,-0.02366765483140326,162277107.0,244905191.934,TuShare index_daily
2020-09-10,000300.SH,4632.0994,4647.7505,4572.2058,4581.9775,4584.5887,-2.6112,-0.057,-0.0005697226232063961,150652878.0,226146354.805,TuShare index_daily
2020-09-11,000300.SH,4572.2572,4630.8842,4563.1061,4627.2826,4581.9775,45.3051,0.9888,0.009839110851291967,115302424.0,198240927.302,TuShare index_daily
2020-09-14,000300.SH,4652.0539,4666.9862,4625.9877,4651.0507,4627.2826,23.7681,0.5137,0.005123366712961365,107235179.0,211653411.811,TuShare index_daily
2020-09-15,000300.SH,4649.4472,4691.4997,4630.5374,4688.4826,4651.0507,37.4319,0.8048,0.008015839598304212,101915925.0,194573684.119,TuShare index_daily
2020-09-16,000300.SH,4683.006,4690.6815,4638.4586,4657.3584,4688.4826,-31.1242,-0.6638,-0.00666057020743151,108753641.0,196120184.851,TuShare index_daily
2020-09-17,000300.SH,4642.0542,4664.9491,4601.639,4632.7142,4657.3584,-24.6442,-0.5291,-0.005305503814429285,105983631.0,214146647.27,TuShare index_daily
2020-09-18,000300.SH,4636.6422,4737.8039,4631.7045,4737.0887,4632.7142,104.3745,2.253,0.02227983205717658,160426475.0,281885944.229,TuShare index_daily
2020-09-21,000300.SH,4750.7481,4752.9799,4688.7199,4691.4281,4737.0887,-45.6606,-0.9639,-0.009685713655998145,124535827.0,224137912.695,TuShare index_daily
2020-09-22,000300.SH,4654.2179,4706.2096,4622.1111,4635.7608,4691.4281,-55.6673,-1.1866,-0.01193670709894685,119672947.0,202909215.535,TuShare index_daily
2020-09-23,000300.SH,4639.6592,4665.96,4623.5528,4652.3273,4635.7608,16.5665,0.3574,0.003567261074509898,95826528.0,190393472.276,TuShare index_daily
2020-09-24,000300.SH,4623.9535,4631.9482,4562.2086,4563.0657,4652.3273,-89.2616,-1.9186,-0.019372888753561534,112593683.0,193515873.7,TuShare index_daily
2020-09-25,000300.SH,4582.482,4599.5387,4554.7199,4570.0216,4563.0657,6.9559,0.1524,0.0015232311082675793,93015155.0,167457376.964,TuShare index_daily
2020-09-28,000300.SH,4582.6471,4613.6324,4571.1507,4581.9085,4570.0216,11.8869,0.2601,0.0025976830142870892,85048389.0,159314675.407,TuShare index_daily
2020-09-29,000300.SH,4608.2926,4616.6767,4586.3537,4591.7993,4581.9085,9.8908,0.2159,0.0021563372298629402,85993858.0,159937888.502,TuShare index_daily
2020-09-30,000300.SH,4607.5753,4634.7239,4563.4108,4587.3953,4591.7993,-4.404,-0.0959,-0.000959561384158417,89081200.0,165532220.885,TuShare index_daily
2020-10-09,000300.SH,4663.61,4695.4041,4655.0851,4681.1412,4587.3953,93.7459,2.0436,0.0202295361258012,111337512.0,229926731.49,TuShare index_daily
2020-10-12,000300.SH,4705.1883,4823.2666,4704.1554,4823.1578,4681.1412,142.0166,3.0338,0.02988693241901605,155784558.0,307848558.046,TuShare index_daily
2020-10-13,000300.SH,4812.8989,4845.9191,4795.373,4839.201,4823.1578,16.0432,0.3326,0.003320765679496209,116516338.0,242172567.249,TuShare index_daily
2020-10-14,000300.SH,4830.4575,4830.4575,4795.9069,4807.1021,4839.201,-32.0989,-0.6633,-0.0066551959114719535,111906923.0,229836207.248,TuShare index_daily
2020-10-15,000300.SH,4810.7821,4833.8925,4796.2647,4798.7361,4807.1021,-8.366,-0.174,-0.00174185780377837,109964962.0,213878285.047,TuShare index_daily
2020-10-16,000300.SH,4798.9162,4825.5518,4765.967,4791.676,4798.7361,-7.0601,-0.1471,-0.0014723249015277874,116716102.0,204175130.718,TuShare index_daily
2020-10-19,000300.SH,4823.4944,4849.605,4747.3356,4755.4879,4791.676,-36.1881,-0.7552,-0.007580947324676243,129246361.0,225392198.225,TuShare index_daily
2020-10-20,000300.SH,4751.3694,4793.4672,4739.4583,4793.4672,4755.4879,37.9793,0.7986,0.007954692397331964,98048156.0,185849198.018,TuShare index_daily
2020-10-21,000300.SH,4801.6313,4801.6313,4758.8552,4792.8284,4793.4672,-0.6388,-0.0133,-0.0001332735871289077,103805703.0,189978697.044,TuShare index_daily
2020-10-22,000300.SH,4780.5954,4791.8078,4725.4993,4777.9845,4792.8284,-14.8439,-0.3097,-0.0031019124618266,101350891.0,194614971.17,TuShare index_daily
2020-10-23,000300.SH,4775.4665,4802.456,4717.0984,4718.4881,4777.9845,-59.4964,-1.2452,-0.012530374375044237,106825184.0,200985821.992,TuShare index_daily
2020-10-26,000300.SH,4684.0465,4713.3945,4639.3019,4691.2359,4718.4881,-27.2522,-0.5776,-0.005792364621097337,108343275.0,205518988.284,TuShare index_daily
2020-10-27,000300.SH,4680.1371,4708.4623,4671.8536,4699.2792,4691.2359,8.0433,0.1715,0.0017130693857238426,92656304.0,186675545.69,TuShare index_daily
2020-10-28,000300.SH,4703.0036,4753.3125,4685.6012,4737.2718,4699.2792,37.9926,0.8085,0.008052265130175401,108463402.0,226754264.067,TuShare index_daily
2020-10-29,000300.SH,4683.607,4803.0317,4679.2529,4772.9198,4737.2718,35.648,0.7525,0.007496834650276579,117117250.0,252303504.993,TuShare index_daily
2020-10-30,000300.SH,4776.4726,4778.5089,4683.4719,4695.3338,4772.9198,-77.586,-1.6255,-0.016389027988660262,139802303.0,280783321.713,TuShare index_daily
2020-11-02,000300.SH,4702.7457,4738.0239,4695.4436,4720.8313,4695.3338,25.4975,0.543,0.005415699926437235,142867693.0,279027685.157,TuShare index_daily
2020-11-03,000300.SH,4743.1742,4793.3963,4734.1748,4777.5608,4720.8313,56.7295,1.2017,0.011945216401603785,136055408.0,252390556.314,TuShare index_daily
2020-11-04,000300.SH,4781.448,4825.4638,4770.5582,4813.6564,4777.5608,36.0956,0.7555,0.007526838285146994,114661806.0,230513773.046,TuShare index_daily
2020-11-05,000300.SH,4861.3377,4885.1118,4837.9996,4885.1118,4813.6564,71.4554,1.4844,0.01473520996199845,139244594.0,281951932.371,TuShare index_daily
2020-11-06,000300.SH,4897.6295,4897.6295,4845.4293,4885.7178,4885.1118,0.606,0.0124,0.00012404269147779382,153639034.0,305365103.653,TuShare index_daily
2020-11-09,000300.SH,4918.8609,4997.8017,4918.8609,4981.3497,4885.7178,95.6319,1.9574,0.019384664101318113,197131984.0,371923282.063,TuShare index_daily
2020-11-10,000300.SH,4995.4126,4995.4126,4928.9319,4953.8756,4981.3497,-27.4741,-0.5515,-0.005530658682067191,176267214.0,334271459.964,TuShare index_daily
2020-11-11,000300.SH,4937.7582,4957.5846,4901.7067,4904.8981,4953.8756,-48.9775,-0.9887,-0.009935901648628813,164470515.0,303858557.977,TuShare index_daily
2020-11-12,000300.SH,4916.7736,4926.3422,4891.51,4908.463,4904.8981,3.5649,0.0727,0.0007265400957911837,118114619.0,227645907.147,TuShare index_daily
2020-11-13,000300.SH,4886.9778,4886.9778,4825.7578,4856.8513,4908.463,-51.6117,-1.0515,-0.010570510889047147,133693079.0,255353111.738,TuShare index_daily
2020-11-16,000300.SH,4880.958,4904.1716,4848.6239,4904.1716,4856.8513,47.3203,0.9743,0.009695842576503763,148770980.0,266705031.672,TuShare index_daily
2020-11-17,000300.SH,4903.12,4909.2902,4865.3942,4894.786,4904.1716,-9.3856,-0.1914,-0.0019156329179655564,151487464.0,288911408.551,TuShare index_daily
2020-11-18,000300.SH,4889.6749,4911.0876,4870.7162,4891.6716,4894.786,-3.1144,-0.0636,-0.0006364713837081073,164216616.0,290727223.227,TuShare index_daily
2020-11-19,000300.SH,4880.9224,4939.7911,4870.2005,4927.9891,4891.6716,36.3175,0.7424,0.007396928814693623,133681378.0,247727135.001,TuShare index_daily
2020-11-20,000300.SH,4928.2223,4947.4297,4922.5895,4943.2882,4927.9891,15.2991,0.3105,0.003099722920323173,129400341.0,229053679.195,TuShare index_daily
2020-11-23,000300.SH,4954.5987,5029.6515,4940.4494,5005.0273,4943.2882,61.7391,1.2489,0.012412129999316287,205915187.0,333633826.417,TuShare index_daily
2020-11-24,000300.SH,4997.0485,5001.0614,4960.9817,4974.2855,5005.0273,-30.7418,-0.6142,-0.006161125091724083,156637911.0,264804443.318,TuShare index_daily
2020-11-25,000300.SH,4992.7466,5004.7732,4910.7,4910.7,4974.2855,-63.5855,-1.2783,-0.012865244369756808,170340527.0,277070642.971,TuShare index_daily
2020-11-26,000300.SH,4908.3208,4925.2857,4867.8153,4919.5912,4910.7,8.8912,0.1811,0.0018089397849228442,137202338.0,239748145.476,TuShare index_daily
2020-11-27,000300.SH,4930.5928,4980.765,4917.3479,4980.765,4919.5912,61.1738,1.2435,0.012358056075695761,162952922.0,253178971.224,TuShare index_daily
2020-11-30,000300.SH,4994.1063,5055.192,4960.2519,4960.2519,4980.765,-20.5131,-0.4118,-0.0041269679593215775,262638950.0,396495834.421,TuShare index_daily
2020-12-01,000300.SH,4963.1302,5072.5494,4963.1302,5067.0983,4960.2519,106.8464,2.1541,0.02131180060748671,204065638.0,328451014.444,TuShare index_daily
2020-12-02,000300.SH,5072.9755,5090.6084,5043.3091,5067.1447,5067.0983,0.0464,0.0009,9.157072708887299e-06,195435476.0,310609728.843,TuShare index_daily
2020-12-03,000300.SH,5065.4531,5072.3046,5033.7887,5057.0603,5067.1447,-10.0844,-0.199,-0.0019921373253678587,177865748.0,275335207.429,TuShare index_daily
2020-12-04,000300.SH,5049.5231,5072.3865,5017.8506,5065.9163,5057.0603,8.856,0.1751,0.0017496834398110467,144347167.0,257798820.735,TuShare index_daily
2020-12-07,000300.SH,5065.7285,5067.8698,5014.609,5022.2351,5065.9163,-43.6812,-0.8623,-0.008659955874246816,139896217.0,264657773.933,TuShare index_daily
2020-12-08,000300.SH,5029.1063,5043.0605,4998.9218,5009.8786,5022.2351,-12.3565,-0.246,-0.0024633903917117748,123073029.0,234880648.439,TuShare index_daily
2020-12-09,000300.SH,5022.3846,5033.6417,4942.5195,4942.6986,5009.8786,-67.18,-1.341,-0.013500225916820758,138916965.0,260772774.153,TuShare index_daily
2020-12-10,000300.SH,4931.2933,4962.7433,4919.7696,4940.5249,4942.6986,-2.1737,-0.044,-0.00043987673354727903,125914270.0,229651278.357,TuShare index_daily
2020-12-11,000300.SH,4957.8236,4957.8236,4849.3547,4889.6292,4940.5249,-50.8957,-1.0302,-0.010355108225073873,159357697.0,275212730.07,TuShare index_daily
2020-12-14,000300.SH,4903.627,4937.2601,4887.6599,4934.8352,4889.6292,45.206,0.9245,0.009202805813425094,120801552.0,247878279.711,TuShare index_daily
2020-12-15,000300.SH,4931.6019,4954.1885,4904.7926,4945.1,4934.8352,10.2648,0.208,0.0020779091128788284,118342633.0,248093390.249,TuShare index_daily
2020-12-16,000300.SH,4957.2971,4968.8558,4938.1932,4953.867,4945.1,8.767,0.1773,0.0017712963973308576,106778968.0,229696035.697,TuShare index_daily
2020-12-17,000300.SH,4960.729,5021.6171,4950.3713,5017.4784,4953.867,63.6114,1.2841,0.012759013031903096,133385479.0,270180356.109,TuShare index_daily
2020-12-18,000300.SH,5014.3211,5027.4446,4979.0051,4999.9678,5017.4784,-17.5106,-0.349,-0.003496024332990864,128049618.0,258938551.536,TuShare index_daily
2020-12-21,000300.SH,4995.7622,5048.5074,4969.999,5046.8396,4999.9678,46.8718,0.9374,0.009330753183535155,140811782.0,298204296.843,TuShare index_daily
2020-12-22,000300.SH,5034.9831,5055.1348,4960.9457,4964.7727,5046.8396,-82.0669,-1.6261,-0.016394709610962847,162344970.0,326758817.663,TuShare index_daily
2020-12-23,000300.SH,4977.2994,5028.4506,4968.1509,5007.1235,4964.7727,42.3508,0.853,0.00849408252602842,140292819.0,308729037.474,TuShare index_daily
2020-12-24,000300.SH,5006.0051,5033.038,4979.2371,5000.0154,5007.1235,-7.1081,-0.142,-0.001420606082607069,114418667.0,246674476.189,TuShare index_daily
2020-12-25,000300.SH,4985.7695,5042.0978,4973.6812,5042.0137,5000.0154,41.9983,0.84,0.00836455350840345,121006979.0,243992268.243,TuShare index_daily
2020-12-28,000300.SH,5042.9432,5089.3447,5037.8582,5064.4147,5042.0137,22.401,0.4443,0.004433027336315451,136914407.0,281019254.171,TuShare index_daily
2020-12-29,000300.SH,5071.449,5077.4167,5034.3078,5042.9361,5064.4147,-21.4786,-0.4241,-0.004250101288915238,141198662.0,279035233.254,TuShare index_daily
2020-12-30,000300.SH,5037.9848,5113.7105,5036.6288,5113.7105,5042.9361,70.7744,1.4034,0.013936793973684268,148626448.0,296577812.603,TuShare index_daily
2020-12-31,000300.SH,5122.4799,5215.6178,5122.4799,5211.2885,5113.7105,97.578,1.9082,0.018901872089531136,171602509.0,358731371.835,TuShare index_daily
2021-01-04,000300.SH,5212.9313,5284.4343,5190.9372,5267.7181,5211.2885,56.4296,1.0828,0.010770132631680113,211711382.0,452796175.554,TuShare index_daily
2021-01-05,000300.SH,5245.8355,5368.5049,5234.3775,5368.5049,5267.7181,100.7868,1.9133,0.018952181943255562,224931159.0,498041939.761,TuShare index_daily
2021-01-06,000300.SH,5386.5144,5433.4694,5341.4304,5417.6677,5368.5049,49.1628,0.9158,0.00911595656361716,193773444.0,444434377.137,TuShare index_daily
2021-01-07,000300.SH,5428.3944,5513.6568,5413.3526,5513.6568,5417.6677,95.9891,1.7718,0.01756265991066838,219872080.0,473385353.696,TuShare index_daily
2021-01-08,000300.SH,5526.2876,5547.4733,5442.6939,5495.4306,5513.6568,-18.2262,-0.3306,-0.0033111221647590546,204324956.0,473567653.979,TuShare index_daily
2021-01-11,000300.SH,5504.2358,5555.6916,5412.5046,5441.1583,5495.4306,-54.2723,-0.9876,-0.009924985935710723,231835983.0,522298482.544,TuShare index_daily
2021-01-12,000300.SH,5419.4996,5596.3525,5417.6272,5596.3525,5441.1583,155.1942,2.8522,0.02812308524467504,224220186.0,486233760.74,TuShare index_daily
2021-01-13,000300.SH,5609.2637,5644.7195,5535.1435,5577.9711,5596.3525,-18.3814,-0.3285,-0.00328993811841089,261569886.0,546959736.366,TuShare index_daily
2021-01-14,000300.SH,5556.2125,5568.0179,5458.6818,5470.4563,5577.9711,-107.5148,-1.9275,-0.01946307652147776,243683380.0,501890111.879,TuShare index_daily
2021-01-15,000300.SH,5471.391,5500.6348,5390.2737,5458.0812,5470.4563,-12.3751,-0.2262,-0.0022647321820208678,238637435.0,475709920.372,TuShare index_daily
2021-01-18,000300.SH,5438.1618,5541.4613,5410.775,5518.5205,5458.0812,60.4393,1.1073,0.011012499581574684,207051869.0,422717209.153,TuShare index_daily
2021-01-19,000300.SH,5525.969,5532.4793,5415.7166,5437.5234,5518.5205,-80.9971,-1.4677,-0.014786099147649704,211043425.0,433205176.45,TuShare index_daily
2021-01-20,000300.SH,5439.9111,5496.0493,5426.5357,5476.4336,5437.5234,38.9102,0.7156,0.007130386322251297,170913260.0,373770384.496,TuShare index_daily
2021-01-21,000300.SH,5492.9587,5593.1058,5490.5626,5564.9693,5476.4336,88.5357,1.6167,0.016037381914478555,209950197.0,453183684.479,TuShare index_daily
2021-01-22,000300.SH,5562.379,5573.6594,5513.8769,5569.776,5564.9693,4.8067,0.0864,0.0008633696001252266,199300020.0,456622193.436,TuShare index_daily
2021-01-25,000300.SH,5564.1237,5655.4795,5543.2663,5625.9232,5569.776,56.1472,1.0081,0.010030221377311308,197047019.0,508166980.802,TuShare index_daily
2021-01-26,000300.SH,5600.9017,5600.9017,5505.9962,5512.9678,5625.9232,-112.9554,-2.0078,-0.020281960217564652,171904590.0,415008069.865,TuShare index_daily
2021-01-27,000300.SH,5505.7708,5534.9928,5449.6385,5528.0034,5512.9678,15.0356,0.2727,0.0027236026654103474,160190841.0,376892605.839,TuShare index_daily
2021-01-28,000300.SH,5450.3695,5462.2352,5360.3766,5377.1427,5528.0034,-150.8607,-2.729,-0.027669565078195076,170485585.0,376166523.178,TuShare index_daily
2021-01-29,000300.SH,5413.9684,5430.2015,5288.0955,5351.9646,5377.1427,-25.1781,-0.4682,-0.004693427983358953,182178784.0,390287690.019,TuShare index_daily
2021-02-01,000300.SH,5356.8535,5422.299,5342.0458,5417.6484,5351.9646,65.6838,1.2273,0.012198138307740969,166313706.0,346859083.73,TuShare index_daily
2021-02-02,000300.SH,5429.7032,5503.2145,5411.5173,5501.0915,5417.6484,83.4431,1.5402,0.015284680332363739,165210565.0,380016716.112,TuShare index_daily
2021-02-03,000300.SH,5499.2961,5532.8864,5473.1237,5485.2008,5501.0915,-15.8907,-0.2889,-0.0028928251038237156,188054317.0,404343602.638,TuShare index_daily
2021-02-04,000300.SH,5453.9764,5510.0535,5411.5749,5473.9475,5485.2008,-11.2533,-0.2052,-0.0020536822109012143,180575654.0,397995205.38,TuShare index_daily
2021-02-05,000300.SH,5494.7011,5550.7714,5477.6517,5483.414,5473.9475,9.4665,0.1729,0.0017278799016058849,189699598.0,395400134.49,TuShare index_daily
2021-02-08,000300.SH,5506.1423,5576.4908,5479.8529,5564.5618,5483.414,81.1478,1.4799,0.014690339807556038,164033775.0,367582771.659,TuShare index_daily
2021-02-09,000300.SH,5584.165,5686.2502,5555.0537,5686.2502,5564.5618,121.6884,2.1868,0.021632775585823095,164887260.0,378769121.172,TuShare index_daily
2021-02-10,000300.SH,5709.684,5823.4219,5707.3295,5807.7191,5686.2502,121.4689,2.1362,0.021136896953192888,170169786.0,417056463.361,TuShare index_daily
2021-02-18,000300.SH,5922.0714,5930.9122,5747.6631,5768.3814,5807.7191,-39.3377,-0.6773,-0.006796390791577607,218848686.0,507481235.978,TuShare index_daily
2021-02-19,000300.SH,5734.0193,5787.8871,5667.3209,5778.842,5768.3814,10.4606,0.1813,0.0018117953553229548,214475780.0,456433793.702,TuShare index_daily
2021-02-22,000300.SH,5785.5097,5785.5097,5597.3327,5597.3327,5778.842,-181.5093,-3.1409,-0.031913135890482676,282124382.0,543633153.217,TuShare index_daily
2021-02-23,000300.SH,5542.6841,5644.7551,5541.1092,5579.6681,5597.3327,-17.6646,-0.3156,-0.00316088636363837,233807727.0,424904470.814,TuShare index_daily
2021-02-24,000300.SH,5591.4795,5598.8284,5379.7278,5437.5683,5579.6681,-142.0998,-2.5467,-0.025797337082003765,225428610.0,472369211.004,TuShare index_daily
2021-02-25,000300.SH,5494.4706,5527.6296,5444.1646,5469.5584,5437.5683,31.9901,0.5883,0.0058659246580651195,230736028.0,412206157.141,TuShare index_daily
2021-02-26,000300.SH,5343.9041,5416.3197,5318.8579,5336.7609,5469.5584,-132.7975,-2.4279,-0.024578986014973294,212264543.0,405717700.128,TuShare index_daily
2021-03-01,000300.SH,5389.2499,5421.555,5345.9449,5418.7837,5336.7609,82.0228,1.5369,0.015252484775311331,177463523.0,358146545.967,TuShare index_daily
2021-03-02,000300.SH,5453.2847,5454.9687,5305.0545,5349.6301,5418.7837,-69.1536,-1.2762,-0.012843962343151796,196511115.0,376444604.695,TuShare index_daily
2021-03-03,000300.SH,5327.3467,5452.396,5316.4809,5452.2125,5349.6301,102.5824,1.9176,0.01899407126639186,194709054.0,337610313.596,TuShare index_daily
2021-03-04,000300.SH,5388.4785,5392.3725,5254.7771,5280.7058,5452.2125,-171.5067,-3.1456,-0.03196172657010949,212775211.0,384382456.961,TuShare index_daily
2021-03-05,000300.SH,5191.9699,5307.8203,5174.2458,5262.7958,5280.7058,-17.91,-0.3392,-0.003397356572028898,202627956.0,352539774.295,TuShare index_daily
2021-03-08,000300.SH,5299.7907,5326.2602,5079.7984,5080.0246,5262.7958,-182.7712,-3.4729,-0.03534630235660933,230231635.0,407133802.142,TuShare index_daily
2021-03-09,000300.SH,5066.1546,5094.311,4917.909,4970.9994,5080.0246,-109.0252,-2.1462,-0.02169519768588273,230711004.0,414415213.806,TuShare index_daily
2021-03-10,000300.SH,5047.0589,5055.2785,4981.6161,5003.6121,4970.9994,32.6127,0.6561,0.006539165201911017,169928490.0,309577408.715,TuShare index_daily
2021-03-11,000300.SH,5024.5586,5138.4146,5020.5784,5128.2156,5003.6121,124.6035,2.4903,0.02459769080192662,189600766.0,333859199.679,TuShare index_daily
2021-03-12,000300.SH,5153.674,5153.674,5086.8234,5146.3786,5128.2156,18.163,0.3542,0.003535520443161178,201020589.0,323237751.413,TuShare index_daily
2021-03-15,000300.SH,5116.1228,5120.8757,4992.3989,5035.5441,5146.3786,-110.8345,-2.1536,-0.021771698972272314,204153084.0,330740513.808,TuShare index_daily
2021-03-16,000300.SH,5054.4089,5084.3085,5009.951,5079.3624,5035.5441,43.8183,0.8702,0.00866415801490597,161390054.0,271755048.564,TuShare index_daily
2021-03-17,000300.SH,5062.7706,5123.5452,5020.1255,5100.8581,5079.3624,21.4957,0.4232,0.004223038576872044,149162376.0,263492417.709,TuShare index_daily
2021-03-18,000300.SH,5114.5872,5160.4566,5111.1294,5141.7681,5100.8581,40.91,0.802,0.007988228164529472,142901518.0,260930046.845,TuShare index_daily
2021-03-19,000300.SH,5068.5319,5089.9175,4980.7609,5007.0907,5141.7681,-134.6774,-2.6193,-0.0265419608202576,164174849.0,282974489.237,TuShare index_daily
2021-03-22,000300.SH,5008.3953,5071.3378,4996.541,5057.152,5007.0907,50.0613,0.9998,0.009948431169141384,167402632.0,264209098.943,TuShare index_daily
2021-03-23,000300.SH,5057.0632,5064.02,4966.534,5009.2459,5057.152,-47.9061,-0.9473,-0.009518094186803952,158013967.0,255755377.66,TuShare index_daily
2021-03-24,000300.SH,4985.4013,5024.3274,4919.8932,4928.6853,5009.2459,-80.5606,-1.6082,-0.016213105742656164,159385982.0,265970020.152,TuShare index_daily
2021-03-25,000300.SH,4904.0683,4950.7608,4883.6615,4926.3469,4928.6853,-2.3384,-0.0474,-0.00047455959482012024,132945189.0,219782049.462,TuShare index_daily
2021-03-26,000300.SH,4953.9453,5050.8292,4953.9453,5037.9899,4926.3469,111.643,2.2662,0.022409453696508205,145926697.0,273901922.431,TuShare index_daily
2021-03-29,000300.SH,5052.2634,5086.6543,5010.3902,5046.8773,5037.9899,8.8874,0.1764,0.0017625224258213089,143388215.0,266176599.971,TuShare index_daily
2021-03-30,000300.SH,5043.0952,5106.0365,5032.795,5094.7291,5046.8773,47.8518,0.9481,0.00943679989640187,138618560.0,254928014.461,TuShare index_daily
2021-03-31,000300.SH,5085.9497,5085.9497,5015.607,5048.3607,5094.7291,-46.3684,-0.9101,-0.009142918759438923,141335743.0,241058485.554,TuShare index_daily
2021-04-01,000300.SH,5059.9359,5115.4286,5056.8718,5110.7768,5048.3607,62.4161,1.2364,0.012287831590583272,120324890.0,211493324.391,TuShare index_daily
2021-04-02,000300.SH,5129.8545,5169.8312,5116.3472,5161.5569,5110.7768,50.7801,0.9936,0.009886850471916106,127002254.0,248060376.224,TuShare index_daily
2021-04-06,000300.SH,5178.6401,5181.149,5125.3301,5140.3418,5161.5569,-21.2151,-0.411,-0.004118683479246685,109834210.0,213852444.065,TuShare index_daily
2021-04-07,000300.SH,5141.6556,5141.6556,5065.1932,5103.7428,5140.3418,-36.599,-0.712,-0.007145422387403772,145763748.0,246271190.297,TuShare index_daily
2021-04-08,000300.SH,5078.2627,5129.1318,5062.0725,5112.2086,5103.7428,8.4658,0.1659,0.0016573692662383715,141771047.0,228422004.675,TuShare index_daily
2021-04-09,000300.SH,5100.0422,5100.0422,5022.0926,5035.3374,5112.2086,-76.8712,-1.5037,-0.015150987340556255,128416509.0,221519791.678,TuShare index_daily
2021-04-12,000300.SH,5026.9791,5045.6018,4933.0126,4947.7459,5035.3374,-87.5915,-1.7395,-0.017548435719811403,152644314.0,267218195.773,TuShare index_daily
2021-04-13,000300.SH,4949.8074,4994.5404,4924.1979,4939.6438,4947.7459,-8.1021,-0.1638,-0.001638875792154115,132919358.0,225753230.649,TuShare index_daily
2021-04-14,000300.SH,4945.6857,4987.1191,4940.2686,4980.6279,4939.6438,40.9841,0.8297,0.0082627440889853,120860838.0,221036276.09,TuShare index_daily
2021-04-15,000300.SH,4969.9099,4969.9099,4900.3033,4948.9741,4980.6279,-31.6538,-0.6355,-0.0063756648503750565,108829384.0,213820884.104,TuShare index_daily
2021-04-16,000300.SH,4966.8999,4979.1731,4917.9596,4966.1811,4948.9741,17.207,0.3477,0.003470851827739531,111239924.0,213389173.714,TuShare index_daily
2021-04-19,000300.SH,4966.409,5088.2106,4940.7473,5087.0165,4966.1811,120.8354,2.4332,0.024040354994074857,154769824.0,307899776.738,TuShare index_daily
2021-04-20,000300.SH,5065.7757,5119.8586,5058.9247,5083.3654,5087.0165,-3.6511,-0.0718,-0.000717986835252842,136541700.0,276640588.159,TuShare index_daily
2021-04-21,000300.SH,5055.2398,5110.5623,5047.9916,5098.7449,5083.3654,15.3795,0.3025,0.00302088884183706,124637277.0,242574995.256,TuShare index_daily
2021-04-22,000300.SH,5114.2799,5119.2246,5067.1382,5089.2435,5098.7449,-9.5014,-0.1863,-0.0018652166417151464,121167645.0,241488845.756,TuShare index_daily
2021-04-23,000300.SH,5088.8263,5149.9825,5086.4914,5135.4534,5089.2435,46.2099,0.908,0.009038940728190753,122056991.0,264345183.119,TuShare index_daily
2021-04-26,000300.SH,5156.5941,5181.1066,5072.9585,5077.2372,5135.4534,-58.2162,-1.1336,-0.011400880112324985,151381967.0,325760384.278,TuShare index_daily
2021-04-27,000300.SH,5076.6415,5095.9842,5042.6099,5090.5195,5077.2372,13.2823,0.2616,0.002612632844617457,123961837.0,254738009.834,TuShare index_daily
2021-04-28,000300.SH,5073.9728,5119.4455,5059.2628,5119.2421,5090.5195,28.7226,0.5642,0.005626512527797331,120620318.0,272182521.893,TuShare index_daily
2021-04-29,000300.SH,5128.2795,5170.5852,5113.6484,5164.1692,5119.2421,44.9271,0.8776,0.008737836995305902,140092480.0,294112454.366,TuShare index_daily
2021-04-30,000300.SH,5156.3557,5163.2517,5094.9285,5123.489,5164.1692,-40.6802,-0.7877,-0.007908585460357973,160121621.0,315075102.885,TuShare index_daily
2021-05-06,000300.SH,5098.8006,5132.8986,5037.4083,5061.1244,5123.489,-62.3646,-1.2172,-0.012246980233125798,158822630.0,323258264.642,TuShare index_daily
2021-05-07,000300.SH,5073.4554,5093.7471,4996.037,4996.0527,5061.1244,-65.0717,-1.2857,-0.012940531405912142,172258321.0,304638402.155,TuShare index_daily
2021-05-10,000300.SH,5001.4371,5019.3927,4953.6965,4992.422,4996.0527,-3.6307,-0.0727,-0.0007269778958146385,170820585.0,282656808.853,TuShare index_daily
2021-05-11,000300.SH,4956.0794,5033.4938,4925.9152,5023.0595,4992.422,30.6375,0.6137,0.006118047457768018,151526497.0,270931616.513,TuShare index_daily
2021-05-12,000300.SH,5003.8171,5051.1682,4995.4048,5044.5481,5023.0595,21.4886,0.4278,0.004268865749714823,126619086.0,228344006.493,TuShare index_daily
2021-05-13,000300.SH,4992.3519,5022.0836,4975.4462,4992.9738,5044.5481,-51.5743,-1.0224,-0.010276391799696024,132279406.0,237821404.345,TuShare index_daily
2021-05-14,000300.SH,5007.6286,5112.9838,4981.2948,5110.5901,4992.9738,117.6163,2.3556,0.023283192842009297,159426180.0,318802786.823,TuShare index_daily
2021-05-17,000300.SH,5115.3063,5206.6947,5115.3063,5184.9853,5110.5901,74.3952,1.4557,0.014452129575788978,153889634.0,335439913.424,TuShare index_daily
2021-05-18,000300.SH,5190.9345,5201.6721,5156.7924,5187.6013,5184.9853,2.616,0.0505,0.0005044065007787606,118404261.0,238182265.922,TuShare index_daily
2021-05-19,000300.SH,5173.1666,5193.5574,5151.6392,5172.272,5187.6013,-15.3293,-0.2955,-0.002959362676300788,118729983.0,250736278.156,TuShare index_daily
2021-05-20,000300.SH,5167.0546,5201.5935,5152.0358,5186.412,5172.272,14.14,0.2734,0.002730078218913397,138454775.0,277088462.047,TuShare index_daily
2021-05-21,000300.SH,5199.1285,5216.1615,5123.1171,5134.1483,5186.412,-52.2637,-1.0077,-0.010128160728869793,124768485.0,268053627.531,TuShare index_daily
2021-05-24,000300.SH,5138.8149,5155.5875,5092.3894,5155.5875,5134.1483,21.4392,0.4176,0.004167110106744392,126742336.0,278513133.226,TuShare index_daily
2021-05-25,000300.SH,5165.0361,5324.3609,5161.5238,5318.478,5155.5875,162.8905,3.1595,0.031106094198889784,182996839.0,404683305.641,TuShare index_daily
2021-05-26,000300.SH,5326.1169,5344.2837,5308.7389,5320.5927,5318.478,2.1147,0.0398,0.0003975347260076317,169607096.0,346444644.793,TuShare index_daily
2021-05-27,000300.SH,5311.3726,5378.4764,5286.05,5338.2329,5320.5927,17.6402,0.3315,0.00330997368141398,148462855.0,311893705.935,TuShare index_daily
2021-05-28,000300.SH,5338.7278,5360.2774,5288.6515,5321.0886,5338.2329,-17.1443,-0.3212,-0.003216774122739079,164605806.0,330711896.344,TuShare index_daily
2021-05-31,000300.SH,5318.0825,5331.6294,5281.6851,5331.5696,5321.0886,10.481,0.197,0.0019677723973122578,144603269.0,321450798.234,TuShare index_daily
2021-06-01,000300.SH,5320.4745,5343.7529,5269.259,5341.6798,5331.5696,10.1102,0.1896,0.001894493915579741,143831474.0,321845842.153,TuShare index_daily
2021-06-02,000300.SH,5348.344,5352.6404,5266.7852,5289.9736,5341.6798,-51.7062,-0.968,-0.00972691748439677,137754319.0,296176177.154,TuShare index_daily
2021-06-03,000300.SH,5285.7098,5314.3691,5255.0719,5255.2855,5289.9736,-34.6881,-0.6557,-0.0065789232461387894,141968878.0,285448632.489,TuShare index_daily
2021-06-04,000300.SH,5228.2761,5334.4899,5221.2291,5282.2772,5255.2855,26.9917,0.5136,0.005122960555661023,144732087.0,292326048.776,TuShare index_daily
2021-06-07,000300.SH,5284.8907,5286.8424,5242.9481,5277.6271,5282.2772,-4.6501,-0.088,-0.0008807087959255326,127704971.0,280463260.583,TuShare index_daily
2021-06-08,000300.SH,5276.9711,5319.0406,5201.1404,5232.1165,5277.6271,-45.5106,-0.8623,-0.008660703096580333,130559532.0,304042218.266,TuShare index_daily
2021-06-09,000300.SH,5224.9496,5253.3555,5215.3506,5236.4493,5232.1165,4.3328,0.0828,0.0008277734180943219,121820321.0,255075448.703,TuShare index_daily
2021-06-10,000300.SH,5236.4691,5299.5299,5229.5182,5271.4661,5236.4493,35.0168,0.6687,0.006664867062356995,138991967.0,301454334.61,TuShare index_daily
2021-06-11,000300.SH,5275.7456,5276.1039,5213.5991,5224.703,5271.4661,-46.7631,-0.8871,-0.008910567076980907,180807173.0,365363494.542,TuShare index_daily
2021-06-15,000300.SH,5218.5648,5225.5021,5137.409,5166.5597,5224.703,-58.1433,-1.1129,-0.011190922313067906,142880058.0,330616618.622,TuShare index_daily
2021-06-16,000300.SH,5163.2493,5164.5192,5076.0222,5080.4909,5166.5597,-86.0688,-1.6659,-0.016799141037062326,125147985.0,298286772.933,TuShare index_daily
2021-06-17,000300.SH,5074.3839,5123.3651,5073.8211,5101.8924,5080.4909,21.4015,0.4212,0.004203638948601504,120452518.0,281927280.723,TuShare index_daily
2021-06-18,000300.SH,5104.9297,5128.0309,5064.9208,5102.4657,5101.8924,0.5733,0.0112,0.00011236375575712845,148585805.0,356697096.116,TuShare index_daily
2021-06-21,000300.SH,5088.0893,5123.7827,5058.5699,5090.3854,5102.4657,-12.0803,-0.2368,-0.0023703486958912613,132184516.0,331527114.639,TuShare index_daily
2021-06-22,000300.SH,5106.0743,5125.8186,5086.2776,5122.1583,5090.3854,31.7729,0.6242,0.0062223484075154345,130416753.0,313690367.125,TuShare index_daily
2021-06-23,000300.SH,5127.191,5171.033,5109.7571,5147.3938,5122.1583,25.2355,0.4927,0.004914635136633502,136356058.0,358765666.33,TuShare index_daily
2021-06-24,000300.SH,5156.5638,5160.4346,5120.5844,5155.9738,5147.3938,8.58,0.1667,0.0016654752730112406,126685625.0,312607422.609,TuShare index_daily
2021-06-25,000300.SH,5159.8017,5251.6076,5157.4758,5239.9684,5155.9738,83.9946,1.6291,0.01615946417488065,154931061.0,368265641.241,TuShare index_daily
2021-06-28,000300.SH,5253.6081,5260.6372,5226.2201,5251.7604,5239.9684,11.792,0.225,0.002247866903559741,133193783.0,337452771.676,TuShare index_daily
2021-06-29,000300.SH,5248.5249,5248.5249,5182.6771,5190.5445,5251.7604,-61.2159,-1.1656,-0.011724729714395393,125162997.0,314896843.024,TuShare index_daily
2021-06-30,000300.SH,5189.3797,5231.4262,5186.625,5224.041,5190.5445,33.4965,0.6453,0.006432635365788018,103752671.0,281015504.941,TuShare index_daily
2021-07-01,000300.SH,5241.2039,5252.2642,5190.8762,5229.6642,5224.041,5.6232,0.1076,0.0010758291791815775,127240620.0,324097400.268,TuShare index_daily
2021-07-02,000300.SH,5186.6613,5186.6613,5074.3621,5081.1172,5229.6642,-148.547,-2.8405,-0.02881591084345226,130426424.0,342578961.248,TuShare index_daily
2021-07-05,000300.SH,5073.7787,5098.2305,5048.004,5085.7924,5081.1172,4.6752,0.092,0.0009196895641789991,131211589.0,335197786.63,TuShare index_daily
2021-07-06,000300.SH,5089.778,5092.2066,5028.5058,5083.1043,5085.7924,-2.6881,-0.0529,-0.0005286906027109014,140655220.0,362828901.849,TuShare index_daily
2021-07-07,000300.SH,5052.4204,5152.7711,5045.4056,5140.4899,5083.1043,57.3856,1.1289,0.011226228576722806,148549060.0,336731403.376,TuShare index_daily
2021-07-08,000300.SH,5149.3095,5151.2171,5078.9295,5088.2566,5140.4899,-52.2333,-1.0161,-0.010213129053200676,173901008.0,397879869.88,TuShare index_daily
2021-07-09,000300.SH,5063.148,5081.4086,5006.4115,5069.4361,5088.2566,-18.8205,-0.3699,-0.003705668618403645,160653226.0,352845583.769,TuShare index_daily
2021-07-12,000300.SH,5108.3783,5159.4115,5070.3188,5132.7088,5069.4361,63.2727,1.2481,0.012403962474664831,206212039.0,437203145.943,TuShare index_daily
2021-07-13,000300.SH,5128.6138,5154.0508,5114.943,5142.0991,5132.7088,9.3903,0.183,0.001827830302187363,166482209.0,361328491.653,TuShare index_daily
2021-07-14,000300.SH,5130.7522,5130.7522,5075.1252,5083.0849,5142.0991,-59.0142,-1.1477,-0.011543040254654557,188352720.0,372568110.292,TuShare index_daily
2021-07-15,000300.SH,5073.2634,5153.8056,5067.6767,5151.4626,5083.0849,68.3777,1.3452,0.013362333295396704,181077103.0,372484081.123,TuShare index_daily
2021-07-16,000300.SH,5140.904,5140.904,5090.6321,5094.7727,5151.4626,-56.6899,-1.1005,-0.011065621040815304,169955982.0,362594258.079,TuShare index_daily
2021-07-19,000300.SH,5083.7276,5120.8235,5047.6234,5113.4945,5094.7727,18.7218,0.3675,0.0036679723646509273,153199589.0,340322623.792,TuShare index_daily
2021-07-20,000300.SH,5080.2158,5114.0033,5067.8619,5108.9941,5113.4945,-4.5004,-0.088,-0.0008804901559389637,129300044.0,283543130.755,TuShare index_daily
2021-07-21,000300.SH,5122.7843,5160.5447,5122.3046,5144.0428,5108.9941,35.0487,0.686,0.006836771750779328,167976469.0,390275519.305,TuShare index_daily
2021-07-22,000300.SH,5150.3859,5171.2096,5137.8795,5151.7517,5144.0428,7.7089,0.1499,0.001497485490911058,185556864.0,418221654.806,TuShare index_daily
2021-07-23,000300.SH,5145.4308,5145.4308,5079.9973,5089.2282,5151.7517,-62.5235,-1.2136,-0.012210604347853416,216536847.0,435521169.695,TuShare index_daily
2021-07-26,000300.SH,5067.3072,5067.3072,4859.6031,4925.299,5089.2282,-163.9292,-3.2211,-0.03274120497587915,228111710.0,495153655.117,TuShare index_daily
2021-07-27,000300.SH,4924.2816,4940.86,4749.0327,4751.313,4925.299,-173.986,-3.5325,-0.03596398253921202,236631225.0,521146117.041,TuShare index_daily
2021-07-28,000300.SH,4714.2948,4785.6567,4663.9009,4760.4826,4751.313,9.1696,0.193,0.0019280487567601367,192634393.0,419706155.163,TuShare index_daily
2021-07-29,000300.SH,4845.7603,4857.9709,4800.0125,4850.2746,4760.4826,89.792,1.8862,0.018686272244641713,173322054.0,415676120.878,TuShare index_daily
2021-07-30,000300.SH,4825.7002,4825.7002,4761.0376,4811.1695,4850.2746,-39.1051,-0.8062,-0.008095128046081285,182349776.0,420943935.062,TuShare index_daily
2021-08-02,000300.SH,4794.8192,4938.8154,4761.4593,4933.736,4811.1695,122.5665,2.5475,0.025156316535476436,227194918.0,524659449.296,TuShare index_daily
2021-08-03,000300.SH,4909.2325,4957.0291,4890.8495,4934.4583,4933.736,0.7223,0.0146,0.00014638949727404575,203533360.0,471194128.402,TuShare index_daily
2021-08-04,000300.SH,4927.7358,4979.2911,4919.6569,4978.8479,4934.4583,44.3896,0.8996,0.00895561900057252,175466461.0,425801406.612,TuShare index_daily
2021-08-05,000300.SH,4946.1668,4997.1397,4921.9382,4948.6703,4978.8479,-30.1776,-0.6061,-0.0060796046590891285,167381829.0,398772206.808,TuShare index_daily
2021-08-06,000300.SH,4943.0427,4944.3486,4891.7968,4921.5647,4948.6703,-27.1056,-0.5477,-0.005492405832303928,154179688.0,371773603.785,TuShare index_daily
2021-08-09,000300.SH,4890.2573,5002.8944,4884.0392,4985.5627,4921.5647,63.998,1.3004,0.012919767280224079,182436871.0,408897062.935,TuShare index_daily
2021-08-10,000300.SH,4977.8164,5043.7608,4941.2399,5043.148,4985.5627,57.5853,1.155,0.011484214595109173,167051902.0,410098755.61,TuShare index_daily
2021-08-11,000300.SH,5037.0819,5059.7887,5009.9782,5015.3406,5043.148,-27.8074,-0.5514,-0.005529154915563814,182266074.0,373386347.207,TuShare index_daily
2021-08-12,000300.SH,4998.0733,5016.2628,4962.985,4973.3509,5015.3406,-41.9897,-0.8372,-0.008407497086092142,168223733.0,361828381.964,TuShare index_daily
2021-08-13,000300.SH,4958.7577,4993.7432,4921.2812,4945.9829,4973.3509,-27.368,-0.5503,-0.005518126518865006,158314321.0,352459069.036,TuShare index_daily
2021-08-16,000300.SH,4935.9229,4973.3761,4931.3691,4941.0676,4945.9829,-4.9153,-0.0994,-0.0009942905429570182,161953373.0,340735120.175,TuShare index_daily
2021-08-17,000300.SH,4935.0044,4967.5648,4823.3923,4837.4034,4941.0676,-103.6642,-2.098,-0.02120333204675759,187573472.0,388457131.504,TuShare index_daily
2021-08-18,000300.SH,4838.4706,4909.5409,4818.9013,4894.2384,4837.4034,56.835,1.1749,0.011680587379225442,197474378.0,395792165.76,TuShare index_daily
2021-08-19,000300.SH,4886.564,4893.467,4839.5681,4862.1394,4894.2384,-32.099,-0.6559,-0.006580129731906379,201711719.0,397424964.846,TuShare index_daily
2021-08-20,000300.SH,4817.4937,4835.153,4720.8257,4769.2678,4862.1394,-92.8716,-1.9101,-0.019285754742048165,177635810.0,404938035.667,TuShare index_daily
2021-08-23,000300.SH,4777.7347,4843.8193,4764.0089,4835.8782,4769.2678,66.6104,1.3967,0.013869954261612503,167579093.0,389599126.282,TuShare index_daily
2021-08-24,000300.SH,4844.5925,4906.2036,4842.7476,4888.3902,4835.8782,52.512,1.0859,0.010800300502617191,197883163.0,417481426.158,TuShare index_daily
2021-08-25,000300.SH,4890.5211,4899.7651,4865.7646,4898.1572,4888.3902,9.767,0.1998,0.00199600591372526,189448016.0,371868197.459,TuShare index_daily
2021-08-26,000300.SH,4892.2044,4892.2044,4798.6954,4801.6094,4898.1572,-96.5478,-1.9711,-0.019907899364672393,197617387.0,368987718.506,TuShare index_daily
2021-08-27,000300.SH,4794.974,4863.4692,4793.5908,4827.0433,4801.6094,25.4339,0.5297,0.005282973630273834,183310211.0,368421410.281,TuShare index_daily
2021-08-30,000300.SH,4847.0348,4849.1598,4787.1999,4813.2703,4827.0433,-13.773,-0.2853,-0.0028573778701406795,219635757.0,477182071.72,TuShare index_daily
2021-08-31,000300.SH,4803.0854,4821.7564,4740.7524,4805.6099,4813.2703,-7.6604,-0.1592,-0.0015927844947090822,235118658.0,460805653.996,TuShare index_daily
2021-09-01,000300.SH,4804.6863,4906.4024,4763.2992,4869.4587,4805.6099,63.8488,1.3286,0.013198816371313428,326721080.0,568819748.406,TuShare index_daily
2021-09-02,000300.SH,4865.8218,4892.7049,4845.6246,4869.4113,4869.4587,-0.0474,-0.001,-9.734188874249115e-06,267858013.0,465954132.797,TuShare index_daily
2021-09-03,000300.SH,4875.0656,4886.5477,4828.6991,4843.0624,4869.4113,-26.3489,-0.5411,-0.005425798916923169,268091896.0,466430119.7,TuShare index_daily
2021-09-06,000300.SH,4841.0623,4944.4497,4837.7859,4933.7262,4843.0624,90.6638,1.872,0.01854727615262288,240507245.0,452756275.292,TuShare index_daily
2021-09-07,000300.SH,4932.9759,5005.9606,4915.6119,4992.8294,4933.7262,59.1032,1.1979,0.011908239033383661,244178519.0,417759639.121,TuShare index_daily
2021-09-08,000300.SH,4986.7953,5013.9764,4955.8876,4972.1324,4992.8294,-20.697,-0.4145,-0.004153960682764128,264615315.0,428591077.708,TuShare index_daily
2021-09-09,000300.SH,4952.4924,4970.147,4929.9501,4970.0133,4972.1324,-2.1191,-0.0426,-0.0004262862557105811,256530217.0,401675689.276,TuShare index_daily
2021-09-10,000300.SH,4967.9759,5042.7994,4962.3707,5013.5219,4970.0133,43.5086,0.8754,0.008716126016851936,288304352.0,472762533.239,TuShare index_daily
2021-09-13,000300.SH,5006.7748,5029.7237,4964.9599,4991.6598,5013.5219,-21.8621,-0.4361,-0.004370162471732712,249915298.0,433329627.421,TuShare index_daily
2021-09-14,000300.SH,4989.8348,5000.9772,4907.3159,4917.1617,4991.6598,-74.4981,-1.4925,-0.015037005911300897,245590402.0,417245830.782,TuShare index_daily
2021-09-15,000300.SH,4903.8471,4903.8471,4843.1158,4867.3187,4917.1617,-49.843,-1.0137,-0.010188263271322358,187984730.0,363256653.878,TuShare index_daily
2021-09-16,000300.SH,4866.7936,4879.5306,4806.1442,4807.6978,4867.3187,-59.6209,-1.2249,-0.012324868843624045,216752099.0,393517267.166,TuShare index_daily
2021-09-17,000300.SH,4797.1129,4857.958,4786.0876,4855.9402,4807.6978,48.2424,1.0034,0.009984397338931174,201958127.0,360397420.087,TuShare index_daily
2021-09-22,000300.SH,4770.7323,4830.8496,4765.2301,4821.7675,4855.9402,-34.1727,-0.7037,-0.0070621769302446555,191220376.0,311952989.432,TuShare index_daily
2021-09-23,000300.SH,4848.2223,4877.3359,4837.5571,4853.1957,4821.7675,31.4282,0.6518,0.0064968330929834825,228151064.0,362140919.563,TuShare index_daily
2021-09-24,000300.SH,4845.638,4897.0596,4838.5352,4849.4277,4853.1957,-3.768,-0.0776,-0.0007766971949922549,207693290.0,361849453.197,TuShare index_daily
2021-09-27,000300.SH,4870.8482,4922.5626,4852.1997,4877.3698,4849.4277,27.9421,0.5762,0.005745401168918581,215967030.0,426083025.418,TuShare index_daily
2021-09-28,000300.SH,4869.0845,4901.3114,4846.6306,4883.828,4877.3698,6.4582,0.1324,0.0013232394373443024,176890880.0,321272191.534,TuShare index_daily
2021-09-29,000300.SH,4846.0212,4868.0678,4799.877,4833.9281,4883.828,-49.8999,-1.0217,-0.010269930232940807,188171366.0,331841767.749,TuShare index_daily
2021-09-30,000300.SH,4843.9531,4876.0728,4843.9531,4866.3826,4833.9281,32.4545,0.6714,0.0066914601194143246,146113896.0,283254685.232,TuShare index_daily
2021-10-08,000300.SH,4915.7305,4937.0918,4891.6249,4929.9409,4866.3826,63.5583,1.3061,0.01297613167354878,168968077.0,343635835.306,TuShare index_daily
2021-10-11,000300.SH,4941.2918,4983.7294,4930.7132,4936.1918,4929.9409,6.2509,0.1268,0.0012671430694210562,163511624.0,315186321.382,TuShare index_daily
2021-10-12,000300.SH,4920.6596,4925.4883,4840.77,4883.8369,4936.1918,-52.3549,-1.0606,-0.010662982290104397,168079337.0,299424238.601,TuShare index_daily
2021-10-13,000300.SH,4880.144,4953.3749,4869.8307,4940.1089,4883.8369,56.272,1.1522,0.011456214558820853,131142813.0,280044666.628,TuShare index_daily
2021-10-14,000300.SH,4934.2575,4953.9231,4903.2498,4913.6123,4940.1089,-26.4966,-0.5364,-0.005378001533710975,119557013.0,249151666.554,TuShare index_daily
2021-10-15,000300.SH,4896.5578,4939.8153,4881.0136,4932.1084,4913.6123,18.4961,0.3764,0.0037571900162288,142822001.0,300728491.201,TuShare index_daily
2021-10-18,000300.SH,4922.5137,4922.5137,4844.9383,4874.7753,4932.1084,-57.3331,-1.1624,-0.011692552893949727,141245199.0,302539444.437,TuShare index_daily
2021-10-19,000300.SH,4869.3907,4928.1433,4868.8106,4922.7232,4874.7753,47.9479,0.9836,0.009787862236965015,135266493.0,282928243.807,TuShare index_daily
2021-10-20,000300.SH,4926.7727,4944.0216,4898.3651,4910.1846,4922.7232,-12.5386,-0.2547,-0.002550335475766727,141533183.0,279747732.455,TuShare index_daily
2021-10-21,000300.SH,4914.7378,4946.1764,4893.8525,4928.0156,4910.1846,17.831,0.3631,0.003624853969590148,148898154.0,274802962.495,TuShare index_daily
2021-10-22,000300.SH,4934.8698,4989.887,4934.8698,4959.7254,4928.0156,31.7098,0.6435,0.006413984490404525,143926228.0,289252612.2,TuShare index_daily
2021-10-25,000300.SH,4940.8962,4981.6499,4930.112,4979.5235,4959.7254,19.7981,0.3992,0.003983827426725137,141861490.0,299408232.158,TuShare index_daily
2021-10-26,000300.SH,4983.2383,5002.5746,4953.4787,4963.0984,4979.5235,-16.4251,-0.3299,-0.003303980601285361,140888943.0,301786229.74,TuShare index_daily
2021-10-27,000300.SH,4949.2269,4949.2269,4884.9418,4898.1644,4963.0984,-64.934,-1.3083,-0.01316970043948072,147111593.0,299460469.415,TuShare index_daily
2021-10-28,000300.SH,4882.5858,4898.6576,4846.2779,4864.138,4898.1644,-34.0264,-0.6947,-0.0069710067150644435,156649472.0,316631709.566,TuShare index_daily
2021-10-29,000300.SH,4861.2667,4908.7701,4855.7593,4908.7701,4864.138,44.6321,0.9176,0.009133905658576713,159887353.0,368731987.31,TuShare index_daily
2021-11-01,000300.SH,4878.1276,4908.2056,4858.2485,4890.6851,4908.7701,-18.085,-0.3684,-0.0036910257076337187,171583974.0,379730767.559,TuShare index_daily
2021-11-02,000300.SH,4886.1849,4911.2266,4797.899,4839.8457,4890.6851,-50.8394,-1.0395,-0.010449555867797935,185437688.0,385731879.818,TuShare index_daily
2021-11-03,000300.SH,4835.8093,4858.7133,4804.3657,4821.1119,4839.8457,-18.7338,-0.3871,-0.00387825394886795,142763820.0,302269934.656,TuShare index_daily
2021-11-04,000300.SH,4841.0912,4873.9394,4834.7433,4868.7419,4821.1119,47.63,0.9879,0.00983098085796393,132592970.0,308688054.574,TuShare index_daily
2021-11-05,000300.SH,4858.8999,4889.6835,4841.7442,4842.3458,4868.7419,-26.3961,-0.5422,-0.005436294228423467,147789359.0,312070841.453,TuShare index_daily
2021-11-08,000300.SH,4841.1527,4866.0822,4827.6892,4848.1795,4842.3458,5.8337,0.1205,0.0012040009234010089,137398264.0,295893824.0,TuShare index_daily
2021-11-09,000300.SH,4858.2525,4870.7905,4818.5386,4846.7444,4848.1795,-1.4351,-0.0296,-0.0002960518360504767,118375526.0,261645065.376,TuShare index_daily
2021-11-10,000300.SH,4832.8006,4832.8006,4753.9959,4821.1925,4846.7444,-25.5519,-0.5272,-0.005285917721553265,135118179.0,301058966.271,TuShare index_daily
2021-11-11,000300.SH,4814.7655,4898.6529,4809.1109,4898.6529,4821.1925,77.4604,1.6067,0.01593894485071449,160484863.0,323624626.069,TuShare index_daily
2021-11-12,000300.SH,4902.9289,4909.0839,4875.3492,4888.3749,4898.6529,-10.278,-0.2098,-0.002100331988095335,132662969.0,271773244.503,TuShare index_daily
2021-11-15,000300.SH,4894.4119,4906.3301,4863.396,4882.3777,4888.3749,-5.9972,-0.1227,-0.0012275821522954918,121823149.0,272997748.91,TuShare index_daily
2021-11-16,000300.SH,4880.8964,4915.3717,4876.5004,4883.3206,4882.3777,0.9429,0.0193,0.00019310447117343,127254406.0,284094590.893,TuShare index_daily
2021-11-17,000300.SH,4883.2481,4891.5232,4864.5198,4885.7544,4883.3206,2.4338,0.0498,0.000498266222820992,108459223.0,246177916.949,TuShare index_daily
2021-11-18,000300.SH,4871.4216,4871.4216,4830.4123,4837.6185,4885.7544,-48.1359,-0.9852,-0.009901151325949787,114480565.0,244484713.797,TuShare index_daily
2021-11-19,000300.SH,4832.0595,4892.8093,4829.5665,4890.0575,4837.6185,52.439,1.084,0.010781507928948286,127198312.0,266280681.864,TuShare index_daily
2021-11-22,000300.SH,4895.3875,4918.9957,4893.2732,4912.399,4890.0575,22.3415,0.4569,0.004558355078732283,138092836.0,316148811.48,TuShare index_daily
2021-11-23,000300.SH,4905.7587,4927.5211,4896.8781,4913.3457,4912.399,0.9467,0.0193,0.00019269786297804745,154304411.0,301022146.081,TuShare index_daily
2021-11-24,000300.SH,4914.0266,4935.4885,4899.6112,4916.6579,4913.3457,3.3122,0.0674,0.0006738960147175844,137150673.0,289707337.709,TuShare index_daily
2021-11-25,000300.SH,4917.6055,4921.3333,4891.728,4896.4416,4916.6579,-20.2163,-0.4112,-0.004120273844247433,115984031.0,255450994.352,TuShare index_daily
2021-11-26,000300.SH,4886.9516,4886.9516,4850.8114,4860.1265,4896.4416,-36.3151,-0.7417,-0.007444270840791316,120368974.0,243041335.647,TuShare index_daily
2021-11-29,000300.SH,4820.0053,4858.5322,4818.7058,4851.423,4860.1265,-8.7035,-0.1791,-0.0017924024029635618,133626862.0,285995221.657,TuShare index_daily
2021-11-30,000300.SH,4857.183,4871.2528,4810.2192,4832.026,4851.423,-19.397,-0.3998,-0.004006222564540432,129630596.0,279268234.018,TuShare index_daily
2021-12-01,000300.SH,4831.8885,4844.5242,4823.9254,4843.851,4832.026,11.825,0.2447,0.0024442241022921175,123086789.0,255968912.362,TuShare index_daily
2021-12-02,000300.SH,4839.9137,4866.8505,4830.3228,4856.163,4843.851,12.312,0.2542,0.002538554400397358,148088521.0,278051726.156,TuShare index_daily
2021-12-03,000300.SH,4856.9802,4901.0175,4853.3505,4901.0175,4856.163,44.8545,0.9237,0.009194216705463765,144059626.0,300052698.342,TuShare index_daily
2021-12-06,000300.SH,4909.4292,4943.9032,4888.6927,4892.6209,4901.0175,-8.3966,-0.1713,-0.0017147053453223631,173615683.0,333405791.015,TuShare index_daily
2021-12-07,000300.SH,4930.8261,4934.0973,4895.2178,4922.1015,4892.6209,29.4806,0.6026,0.006007442179166062,179053460.0,340617766.238,TuShare index_daily
2021-12-08,000300.SH,4934.4056,4995.9298,4915.7898,4995.9298,4922.1015,73.8283,1.4999,0.014887967468882464,157490559.0,329064831.239,TuShare index_daily
2021-12-09,000300.SH,5000.6871,5114.5012,4999.4097,5078.6901,4995.9298,82.7603,1.6566,0.016429833085919086,220568776.0,425680958.779,TuShare index_daily
2021-12-10,000300.SH,5046.2677,5060.0554,5035.8087,5055.1172,5078.6901,-23.5729,-0.4642,-0.004652336840489615,193695154.0,356917625.38,TuShare index_daily
2021-12-13,000300.SH,5090.0207,5143.841,5079.7276,5083.8007,5055.1172,28.6835,0.5674,0.0056581139735559045,211801596.0,426376532.477,TuShare index_daily
2021-12-14,000300.SH,5066.3497,5075.2138,5038.8583,5049.6953,5083.8007,-34.1054,-0.6709,-0.006731246309327015,159107790.0,318685538.074,TuShare index_daily
2021-12-15,000300.SH,5036.284,5060.368,5003.7776,5005.8991,5049.6953,-43.7962,-0.8673,-0.008710867839850396,150529752.0,291072568.761,TuShare index_daily
2021-12-16,000300.SH,5006.6105,5034.7321,4987.2247,5034.7321,5005.8991,28.833,0.576,0.005743280214357276,144053867.0,291474766.866,TuShare index_daily
2021-12-17,000300.SH,5021.3385,5022.1067,4954.7592,4954.7599,5034.7321,-79.9722,-1.5884,-0.016011606704812265,149005399.0,297943311.187,TuShare index_daily
2021-12-20,000300.SH,4934.9662,4971.6727,4872.6846,4880.4178,4954.7599,-74.3421,-1.5004,-0.01511787954855152,169675690.0,317536919.39,TuShare index_daily
2021-12-21,000300.SH,4876.5141,4917.7994,4872.9491,4913.4853,4880.4178,33.0675,0.6776,0.006752696104045924,143339898.0,259023177.323,TuShare index_daily
2021-12-22,000300.SH,4924.5771,4936.6731,4903.1652,4914.4544,4913.4853,0.9691,0.0197,0.00019721325785909577,133256740.0,244642450.514,TuShare index_daily
2021-12-23,000300.SH,4924.2912,4948.7389,4906.7473,4948.7389,4914.4544,34.2845,0.6976,0.006952036128708292,139555406.0,263359754.801,TuShare index_daily
2021-12-24,000300.SH,4953.0616,4964.9064,4905.9785,4921.3449,4948.7389,-27.394,-0.5536,-0.00555092963658456,142673323.0,290483663.506,TuShare index_daily
2021-12-27,000300.SH,4918.1462,4939.689,4894.1598,4919.3238,4921.3449,-2.0211,-0.0411,-0.00041076477423087026,124100952.0,254421525.173,TuShare index_daily
2021-12-28,000300.SH,4923.6917,4959.1448,4913.5983,4955.9644,4919.3238,36.6406,0.7448,0.00742069849461029,130457757.0,276316732.181,TuShare index_daily
2021-12-29,000300.SH,4958.6455,4958.6455,4883.4804,4883.4804,4955.9644,-72.484,-1.4626,-0.014733618146385177,113587002.0,273225467.112,TuShare index_daily
2021-12-30,000300.SH,4882.1561,4940.178,4878.6478,4921.5109,4883.4804,38.0305,0.7788,0.007757414474152084,121617178.0,268022477.312,TuShare index_daily
2021-12-31,000300.SH,4937.463,4950.3639,4923.1392,4940.3733,4921.5109,18.8624,0.3833,0.0038253182898282034,121313737.0,266975388.723,TuShare index_daily
2022-01-04,000300.SH,4957.9835,4961.4527,4874.5337,4917.7653,4940.3733,-22.608,-0.4576,-0.004586675142669136,151534776.0,336516961.627,TuShare index_daily
2022-01-05,000300.SH,4907.9347,4916.2822,4851.9835,4868.1202,4917.7653,-49.6451,-1.0095,-0.01014635331807042,178816100.0,363944528.848,TuShare index_daily
2022-01-06,000300.SH,4842.156,4857.5596,4786.433,4818.2318,4868.1202,-49.8884,-1.0248,-0.010300852400832543,157665826.0,321750076.5,TuShare index_daily
2022-01-07,000300.SH,4824.3181,4856.6522,4818.1931,4822.3689,4818.2318,4.1371,0.0859,0.0008582660733904354,187139413.0,332218950.735,TuShare index_daily
2022-01-10,000300.SH,4812.23,4844.3928,4780.8191,4844.0451,4822.3689,21.6762,0.4495,0.004484855776462298,156211696.0,305033816.784,TuShare index_daily
2022-01-11,000300.SH,4840.0087,4850.879,4791.8854,4797.7735,4844.0451,-46.2716,-0.9552,-0.009598180001148815,146928004.0,286445756.034,TuShare index_daily
2022-01-12,000300.SH,4818.8902,4852.7314,4810.919,4845.5787,4797.7735,47.8052,0.9964,0.00991472480091817,143200204.0,293153042.845,TuShare index_daily
2022-01-13,000300.SH,4853.0314,4853.0632,4765.2416,4765.9191,4845.5787,-79.6596,-1.644,-0.016576276804004232,142519653.0,288799117.043,TuShare index_daily
2022-01-14,000300.SH,4743.9124,4764.0522,4723.9428,4726.7317,4765.9191,-39.1874,-0.8222,-0.008256412974016464,146863126.0,281828448.517,TuShare index_daily
2022-01-17,000300.SH,4728.7595,4775.2385,4726.7083,4767.2762,4726.7317,40.5445,0.8578,0.008541123391974052,115295691.0,263788241.676,TuShare index_daily
2022-01-18,000300.SH,4766.7811,4826.3003,4747.92,4813.3472,4767.2762,46.071,0.9664,0.00961761113042047,150870802.0,282749393.139,TuShare index_daily
2022-01-19,000300.SH,4815.8106,4828.7522,4755.9301,4780.3784,4813.3472,-32.9688,-0.6849,-0.0068730191288057345,133927360.0,275534557.469,TuShare index_daily
2022-01-20,000300.SH,4778.2616,4845.0048,4777.5683,4823.5091,4780.3784,43.1307,0.9022,0.008981985673519537,164971315.0,304344267.971,TuShare index_daily
2022-01-21,000300.SH,4808.7733,4818.3052,4762.5641,4779.3142,4823.5091,-44.1949,-0.9162,-0.009204628816751045,138952585.0,274699155.294,TuShare index_daily
2022-01-24,000300.SH,4753.9413,4801.0976,4746.4479,4786.7377,4779.3142,7.4235,0.1553,0.001552051267918045,114463880.0,246261594.853,TuShare index_daily
2022-01-25,000300.SH,4761.95,4781.3908,4678.2472,4678.4511,4786.7377,-108.2866,-2.2622,-0.022882021063491267,133667586.0,250555769.168,TuShare index_daily
2022-01-26,000300.SH,4697.0991,4718.9946,4648.1283,4712.3109,4678.4511,33.8598,0.7237,0.007211331036815009,107070842.0,226553448.357,TuShare index_daily
2022-01-27,000300.SH,4708.0989,4708.4364,4616.0273,4619.8765,4712.3109,-92.4344,-1.9616,-0.019810451513431557,121263804.0,250535654.824,TuShare index_daily
2022-01-28,000300.SH,4641.8137,4660.519,4559.8331,4563.772,4619.8765,-56.1045,-1.2144,-0.01221849856143308,126480112.0,263967891.828,TuShare index_daily
2022-02-07,000300.SH,4638.5754,4672.6535,4615.0052,4634.0899,4563.772,70.3179,1.5408,0.015290351335136535,144849720.0,266031793.985,TuShare index_daily
2022-02-08,000300.SH,4626.4365,4626.4365,4522.4709,4608.7729,4634.0899,-25.317,-0.5463,-0.005478186545120943,155830708.0,281364873.763,TuShare index_daily
2022-02-09,000300.SH,4608.1491,4659.4611,4595.2826,4652.0609,4608.7729,43.288,0.9393,0.009348686351121224,148335547.0,273771960.506,TuShare index_daily
2022-02-10,000300.SH,4657.2107,4657.2107,4608.0905,4639.8625,4652.0609,-12.1984,-0.2622,-0.002625593535934055,151576666.0,287224388.086,TuShare index_daily
2022-02-11,000300.SH,4617.8741,4662.5963,4595.8751,4601.3953,4639.8625,-38.4672,-0.8291,-0.0083251485904409,155974584.0,307938016.715,TuShare index_daily
2022-02-14,000300.SH,4579.4202,4593.6324,4530.0566,4551.6878,4601.3953,-49.7075,-1.0803,-0.010861474353252425,143673894.0,275737553.467,TuShare index_daily
2022-02-15,000300.SH,4553.8112,4601.453,4550.543,4600.1025,4551.6878,48.4147,1.0637,0.010580476620794905,115025600.0,249977008.675,TuShare index_daily
2022-02-16,000300.SH,4619.8458,4643.1003,4607.2178,4617.9893,4600.1025,17.8868,0.3888,0.0038808080537729023,107258955.0,210190931.036,TuShare index_daily
2022-02-17,000300.SH,4616.8955,4650.1591,4606.9522,4629.1649,4617.9893,11.1756,0.242,0.0024170907501377373,110014643.0,227946249.307,TuShare index_daily
2022-02-18,000300.SH,4604.5669,4651.3415,4598.1003,4651.2358,4629.1649,22.0709,0.4768,0.0047564630718757005,104550228.0,195825700.478,TuShare index_daily
2022-02-21,000300.SH,4646.0522,4646.6724,4613.2971,4634.3141,4651.2358,-16.9217,-0.3638,-0.0036447424040068816,112516512.0,215039182.297,TuShare index_daily
2022-02-22,000300.SH,4601.9184,4602.066,4550.804,4574.1527,4634.3141,-60.1614,-1.2982,-0.013066725937621202,123317237.0,246872960.668,TuShare index_daily
2022-02-23,000300.SH,4582.0064,4625.2979,4579.2945,4623.0465,4574.1527,48.8938,1.0689,0.010632423969487506,122952916.0,259050146.194,TuShare index_daily
2022-02-24,000300.SH,4592.069,4610.8792,4488.4763,4529.3189,4623.0465,-93.7276,-2.0274,-0.020482328369252952,184403058.0,342346666.857,TuShare index_daily
2022-02-25,000300.SH,4564.6321,4611.8602,4561.8964,4573.4247,4529.3189,44.1058,0.9738,0.009690736574295752,149722583.0,271727599.672,TuShare index_daily
2022-02-28,000300.SH,4563.7427,4581.6459,4530.6764,4581.6459,4573.4247,8.2212,0.1798,0.0017959888173538045,135406978.0,248363727.483,TuShare index_daily
2022-03-01,000300.SH,4597.855,4623.4312,4583.917,4619.6862,4581.6459,38.0403,0.8303,0.008268480327382815,123139220.0,260431185.064,TuShare index_daily
2022-03-02,000300.SH,4594.017,4594.017,4558.4416,4578.6007,4619.6862,-41.0855,-0.8894,-0.008933353282261443,113298325.0,215299655.365,TuShare index_daily
2022-03-03,000300.SH,4595.0249,4599.3973,4544.4313,4551.6283,4578.6007,-26.9724,-0.5891,-0.005908390351454624,138285877.0,242701771.996,TuShare index_daily
2022-03-04,000300.SH,4513.3636,4539.3925,4481.4927,4496.4301,4551.6283,-55.1982,-1.2127,-0.012201266247817722,127266806.0,249970282.271,TuShare index_daily
2022-03-07,000300.SH,4462.5174,4462.5174,4338.3042,4352.7775,4496.4301,-143.6526,-3.1948,-0.03246962373772898,162197706.0,306898527.658,TuShare index_daily
2022-03-08,000300.SH,4361.6424,4383.6467,4252.5386,4265.391,4352.7775,-87.3865,-2.0076,-0.020280293911931237,167863277.0,315176698.371,TuShare index_daily
2022-03-09,000300.SH,4280.9789,4304.482,4068.193,4226.3463,4265.391,-39.0447,-0.9154,-0.009195992239422945,194232900.0,341009391.866,TuShare index_daily
2022-03-10,000300.SH,4326.2035,4335.6731,4288.5078,4292.8374,4226.3463,66.4911,1.5733,0.015610051975364502,145266383.0,301636182.195,TuShare index_daily
2022-03-11,000300.SH,4231.1961,4316.044,4176.4522,4306.5217,4292.8374,13.6843,0.3188,0.003182635215426298,152399921.0,295008832.432,TuShare index_daily
2022-03-14,000300.SH,4248.1526,4280.3609,4174.7577,4174.7577,4306.5217,-131.764,-3.0596,-0.031074227438564684,130187236.0,260691659.461,TuShare index_daily
2022-03-15,000300.SH,4125.4866,4163.4176,3983.812,3983.812,4174.7577,-190.9457,-4.5738,-0.046817170836618086,202524699.0,346988947.368,TuShare index_daily
2022-03-16,000300.SH,4053.099,4168.5853,3942.861,4156.081,3983.812,172.269,4.3242,0.042333413087277144,196021982.0,378883588.29,TuShare index_daily
2022-03-17,000300.SH,4237.6722,4302.7426,4217.8038,4237.6956,4156.081,81.6146,1.9637,0.019447067992112203,179407344.0,385039197.286,TuShare index_daily
2022-03-18,000300.SH,4218.4736,4283.3679,4194.9402,4265.9017,4237.6956,28.2061,0.6656,0.006633946187459856,149458305.0,275791291.073,TuShare index_daily
2022-03-21,000300.SH,4280.1397,4287.8166,4223.024,4258.7459,4265.9017,-7.1558,-0.1677,-0.001678849851984703,127036360.0,251214543.321,TuShare index_daily
2022-03-22,000300.SH,4252.5658,4283.3344,4236.6888,4255.295,4258.7459,-3.4509,-0.081,-0.0008106374468966272,126382470.0,226213533.985,TuShare index_daily
2022-03-23,000300.SH,4269.6088,4287.5771,4241.957,4276.5174,4255.295,21.2224,0.4987,0.004974896956354492,117089078.0,226390778.403,TuShare index_daily
2022-03-24,000300.SH,4249.5328,4273.9568,4216.8506,4251.3061,4276.5174,-25.2113,-0.5895,-0.005912733407240968,108918272.0,219594430.54,TuShare index_daily
2022-03-25,000300.SH,4249.0731,4254.8449,4173.93,4174.5742,4251.3061,-76.7319,-1.8049,-0.018213888293254144,108808046.0,217013187.265,TuShare index_daily
2022-03-28,000300.SH,4128.8379,4174.1206,4091.2978,4148.4663,4174.5742,-26.1079,-0.6254,-0.006273665406629652,118449021.0,213468973.998,TuShare index_daily
2022-03-29,000300.SH,4155.4182,4177.2134,4124.7179,4134.1441,4148.4663,-14.3222,-0.3452,-0.0034583817379454304,100266972.0,199463853.668,TuShare index_daily
2022-03-30,000300.SH,4162.1666,4254.0989,4160.7351,4254.0989,4134.1441,119.9548,2.9016,0.02860264728173825,138346024.0,268869181.171,TuShare index_daily
2022-03-31,000300.SH,4234.7159,4247.3602,4214.5352,4222.5968,4254.0989,-31.5021,-0.7405,-0.00743267097027041,134029185.0,238877216.806,TuShare index_daily
2022-04-01,000300.SH,4198.8191,4290.671,4190.0835,4276.158,4222.5968,53.5612,1.2684,0.01260464865647588,133803053.0,244758870.755,TuShare index_daily
2022-04-06,000300.SH,4258.8325,4277.5238,4236.7283,4263.8411,4276.158,-12.3169,-0.288,-0.0028845222103589074,159062195.0,253690929.898,TuShare index_daily
2022-04-07,000300.SH,4240.0237,4278.1127,4205.743,4209.0998,4263.8411,-54.7413,-1.2838,-0.012921620088142112,134880353.0,216996185.504,TuShare index_daily
2022-04-08,000300.SH,4213.2107,4237.8126,4175.5287,4230.7669,4209.0998,21.6671,0.5148,0.005134476259089511,142843793.0,229081764.759,TuShare index_daily
2022-04-11,000300.SH,4203.7902,4203.7902,4089.0934,4100.0703,4230.7669,-130.6966,-3.0892,-0.031379156956962674,148197071.0,265224932.472,TuShare index_daily
2022-04-12,000300.SH,4102.9711,4179.9727,4075.796,4179.9727,4100.0703,79.9024,1.9488,0.01930059551012999,144285684.0,252830412.756,TuShare index_daily
2022-04-13,000300.SH,4154.4121,4194.0374,4139.737,4139.737,4179.9727,-40.2357,-0.9626,-0.009672456165582058,125097489.0,221281029.56,TuShare index_daily
2022-04-14,000300.SH,4172.6443,4217.0612,4155.5509,4191.5684,4139.737,51.8314,1.252,0.012442724453656956,124791316.0,245993822.041,TuShare index_daily
2022-04-15,000300.SH,4162.3718,4211.3174,4152.974,4188.7472,4191.5684,-2.8212,-0.0673,-0.0006732920909509533,124762263.0,226229740.275,TuShare index_daily
2022-04-18,000300.SH,4152.9306,4171.7427,4119.9941,4166.3844,4188.7472,-22.3628,-0.5339,-0.005353082266565374,117504610.0,212855328.187,TuShare index_daily
2022-04-19,000300.SH,4161.9328,4186.9389,4115.4184,4134.9017,4166.3844,-31.4827,-0.7556,-0.007585053824646595,110217471.0,208570579.129,TuShare index_daily
2022-04-20,000300.SH,4130.5427,4136.1661,4060.5044,4070.7889,4134.9017,-64.1128,-1.5505,-0.015626741925608204,117331658.0,216536635.695,TuShare index_daily
2022-04-21,000300.SH,4048.7338,4086.4393,3978.3669,3995.83,4070.7889,-74.9589,-1.8414,-0.01858549625635768,132783828.0,227026679.682,TuShare index_daily
2022-04-22,000300.SH,3967.2016,4037.084,3953.7217,4013.2498,3995.83,17.4198,0.4359,0.00435001970365872,122101811.0,206371766.716,TuShare index_daily
2022-04-25,000300.SH,3933.4459,3958.2102,3814.9127,3814.9127,4013.2498,-198.3371,-4.9421,-0.05068355592304823,168364502.0,272889272.275,TuShare index_daily
2022-04-26,000300.SH,3822.4887,3871.8498,3773.8986,3784.1198,3814.9127,-30.7929,-0.8072,-0.008104470811488438,157577611.0,259626354.225,TuShare index_daily
2022-04-27,000300.SH,3758.0835,3895.731,3757.0859,3895.5361,3784.1198,111.4163,2.9443,0.02901799754097714,172734046.0,296924102.939,TuShare index_daily
2022-04-28,000300.SH,3883.4196,3943.4349,3873.5781,3921.1073,3895.5361,25.5712,0.6564,0.006542780554855859,153056586.0,268502242.453,TuShare index_daily
2022-04-29,000300.SH,3939.6238,4017.4281,3898.5701,4016.241,3921.1073,95.1337,2.4262,0.023972302145301865,179458377.0,321414877.428,TuShare index_daily
2022-05-05,000300.SH,3995.3533,4039.7,3988.9312,4010.2102,4016.241,-6.0308,-0.1502,-0.0015027316517908444,154170716.0,290538230.663,TuShare index_daily
2022-05-06,000300.SH,3928.8548,3947.2378,3902.051,3908.815,4010.2102,-101.3952,-2.5284,-0.02560939988841187,123005551.0,214825174.047,TuShare index_daily
2022-05-09,000300.SH,3883.9514,3914.1116,3854.9353,3877.4364,3908.815,-31.3786,-0.8028,-0.008060045395905031,92936694.0,171756502.864,TuShare index_daily
2022-05-10,000300.SH,3820.6278,3932.6823,3808.5699,3919.8684,3877.4364,42.432,1.0943,0.010883868197312553,136416918.0,239060211.933,TuShare index_daily
2022-05-11,000300.SH,3917.9322,4033.3026,3916.5249,3976.4231,3919.8684,56.5547,1.4428,0.014324614803433415,165632256.0,309294912.8,TuShare index_daily
2022-05-12,000300.SH,3949.949,3985.9268,3935.5886,3958.74,3976.4231,-17.6831,-0.4447,-0.004456903796067587,113376066.0,202029156.4,TuShare index_daily
2022-05-13,000300.SH,3983.8201,4003.8539,3957.1392,3988.6002,3958.74,29.8602,0.7543,0.007514549462257705,109968357.0,195727044.9,TuShare index_daily
2022-05-16,000300.SH,4014.9955,4018.0283,3947.7461,3956.5378,3988.6002,-32.0624,-0.8039,-0.00807099235976954,112425294.0,199717909.5,TuShare index_daily
2022-05-17,000300.SH,3961.7605,4005.8934,3955.1018,4005.8934,3956.5378,49.3556,1.2474,0.012397276884578638,109661454.0,210117539.7,TuShare index_daily
2022-05-18,000300.SH,4015.0134,4017.341,3964.7503,3991.9069,4005.8934,-13.9865,-0.3491,-0.0034975902707219692,108074233.0,201800666.052,TuShare index_daily
2022-05-19,000300.SH,3938.2964,3999.5984,3933.7452,3999.5984,3991.9069,7.6915,0.1927,0.001924919545495968,116293420.0,210206681.642,TuShare index_daily
2022-05-20,000300.SH,4020.8162,4077.6016,4020.8162,4077.5998,3999.5984,78.0014,1.9502,0.019314574915760673,147069173.0,265609089.943,TuShare index_daily
2022-05-23,000300.SH,4080.9694,4080.9694,4029.0846,4053.9823,4077.5998,-23.6175,-0.5792,-0.005808849033170905,130477810.0,225981540.919,TuShare index_daily
2022-05-24,000300.SH,4052.8675,4055.783,3959.1541,3959.1541,4053.9823,-94.8282,-2.3391,-0.023669290624887738,145554336.0,247713039.713,TuShare index_daily
2022-05-25,000300.SH,3959.7672,3983.6236,3946.8083,3983.1784,3959.1541,24.0243,0.6068,0.00604970221829956,107734015.0,188700537.391,TuShare index_daily
2022-05-26,000300.SH,3987.6815,4015.7468,3938.2389,3993.0446,3983.1784,9.8662,0.2477,0.002473904009937255,126263689.0,216987025.401,TuShare index_daily
2022-05-27,000300.SH,4022.7095,4051.1428,3983.3838,4001.2988,3993.0446,8.2542,0.2067,0.002065010850841763,112769337.0,206944426.227,TuShare index_daily
2022-05-30,000300.SH,4020.8584,4040.819,4003.3768,4029.0179,4001.2988,27.7191,0.6928,0.006903640572861194,111152241.0,211144721.616,TuShare index_daily
2022-05-31,000300.SH,4031.7621,4096.1971,4020.3781,4091.5176,4029.0179,62.4997,1.5512,0.015393303587812266,135415513.0,267770088.726,TuShare index_daily
2022-06-01,000300.SH,4086.6177,4094.9008,4058.8468,4083.1772,4091.5176,-8.3404,-0.2038,-0.0020405417200374844,114850879.0,225416237.873,TuShare index_daily
2022-06-02,000300.SH,4063.9996,4091.152,4057.9135,4089.5682,4083.1772,6.391,0.1565,0.0015639790523059368,113893638.0,222657537.906,TuShare index_daily
2022-06-06,000300.SH,4090.5286,4166.6151,4063.9057,4166.085,4089.5682,76.5168,1.871,0.01853735598596303,167871011.0,324075626.903,TuShare index_daily
2022-06-07,000300.SH,4165.6899,4198.0863,4155.1683,4179.1285,4166.085,13.0435,0.3131,0.0031259860808895245,142992881.0,285733722.333,TuShare index_daily
2022-06-08,000300.SH,4187.1483,4224.8096,4158.0329,4219.8122,4179.1285,40.6837,0.9735,0.009687892711944179,157374057.0,319480252.837,TuShare index_daily
2022-06-09,000300.SH,4211.7225,4227.4484,4160.8814,4175.6747,4219.8122,-44.1375,-1.046,-0.010514674651401995,168449154.0,285172804.212,TuShare index_daily
2022-06-10,000300.SH,4145.6505,4241.3541,4140.2203,4238.9936,4175.6747,63.3189,1.5164,0.01504993254272511,184796214.0,324091440.663,TuShare index_daily
2022-06-13,000300.SH,4194.4574,4218.2327,4156.7146,4189.3527,4238.9936,-49.6409,-1.1711,-0.011779647453103595,168475622.0,336585670.508,TuShare index_daily
2022-06-14,000300.SH,4143.2232,4224.0857,4102.929,4222.3114,4189.3527,32.9587,0.7867,0.007836468093539762,171385904.0,335418557.932,TuShare index_daily
2022-06-15,000300.SH,4228.2926,4348.4226,4228.2926,4278.2178,4222.3114,55.9064,1.3241,0.013153817785462499,257046590.0,459766820.665,TuShare index_daily
2022-06-16,000300.SH,4282.0827,4302.9212,4241.075,4250.0614,4278.2178,-28.1564,-0.6581,-0.006603091114422981,184074416.0,337235911.542,TuShare index_daily
2022-06-17,000300.SH,4219.2339,4318.7655,4218.6817,4309.0444,4250.0614,58.983,1.3878,0.013782732704676438,158649098.0,346675726.829,TuShare index_daily
2022-06-20,000300.SH,4322.8324,4368.3555,4297.8912,4330.4328,4309.0444,21.3884,0.4964,0.004951328234505022,165666382.0,359569296.86,TuShare index_daily
2022-06-21,000300.SH,4327.9159,4357.3396,4287.1406,4325.5657,4330.4328,-4.8671,-0.1124,-0.0011245613115404183,164667615.0,317163317.74,TuShare index_daily
2022-06-22,000300.SH,4331.902,4333.1827,4269.2456,4270.6227,4325.5657,-54.943,-1.2702,-0.012783281528528277,158565854.0,298656263.311,TuShare index_daily
2022-06-23,000300.SH,4277.9555,4343.8781,4260.9002,4343.8781,4270.6227,73.2554,1.7153,0.017007872553702612,170882360.0,327144780.544,TuShare index_daily
2022-06-24,000300.SH,4354.553,4400.6852,4346.1221,4394.7723,4343.8781,50.8942,1.1716,0.011648200377687492,168972199.0,356054750.522,TuShare index_daily
2022-06-27,000300.SH,4414.3321,4472.6948,4414.3321,4444.2639,4394.7723,49.4916,1.1261,0.01119853253130678,177385676.0,381432966.328,TuShare index_daily
2022-06-28,000300.SH,4442.5811,4497.8949,4407.3519,4490.5166,4444.2639,46.2527,1.0407,0.010353497362452436,174756489.0,361685970.664,TuShare index_daily
2022-06-29,000300.SH,4472.7346,4503.1307,4413.9961,4421.357,4490.5166,-69.1596,-1.5401,-0.01552108826980948,187276688.0,395926107.699,TuShare index_daily
2022-06-30,000300.SH,4418.0656,4514.9968,4418.0656,4485.0108,4421.357,63.6538,1.4397,0.014294240989372303,156666289.0,354343886.76,TuShare index_daily
2022-07-01,000300.SH,4489.5204,4500.9853,4449.2914,4466.7179,4485.0108,-18.2929,-0.4079,-0.004087015162388046,144779599.0,318492130.2,TuShare index_daily
2022-07-04,000300.SH,4447.2159,4496.0338,4427.8232,4496.0303,4466.7179,29.3124,0.6562,0.0065409635202963844,146345651.0,356968521.261,TuShare index_daily
2022-07-05,000300.SH,4505.4572,4530.3245,4439.4511,4489.5383,4496.0303,-6.492,-0.1444,-0.0014449839333698677,154962415.0,361891850.839,TuShare index_daily
2022-07-06,000300.SH,4475.4815,4484.3615,4393.4165,4423.9698,4489.5383,-65.5685,-1.4605,-0.014712430163867453,149800235.0,344672707.728,TuShare index_daily
2022-07-07,000300.SH,4425.2814,4457.3431,4391.1938,4443.4736,4423.9698,19.5038,0.4409,0.004398975120938163,132660906.0,328133133.657,TuShare index_daily
2022-07-08,000300.SH,4468.0627,4479.4937,4426.8856,4428.781,4443.4736,-14.6926,-0.3307,-0.0033120360254251173,123195739.0,304031107.303,TuShare index_daily
2022-07-11,000300.SH,4406.1476,4406.1476,4330.5819,4354.6167,4428.781,-74.1643,-1.6746,-0.016887784237041334,134448578.0,299195233.43,TuShare index_daily
2022-07-12,000300.SH,4352.6456,4370.3411,4296.6215,4313.6184,4354.6167,-40.9983,-0.9415,-0.009459504788425098,130187838.0,291072311.85,TuShare index_daily
2022-07-13,000300.SH,4313.3589,4341.4663,4284.9419,4321.4617,4313.6184,7.8433,0.1818,0.0018166136425214962,131113179.0,286075545.407,TuShare index_daily
2022-07-14,000300.SH,4308.8229,4352.0978,4292.7595,4322.0742,4321.4617,0.6125,0.0142,0.0001417244072591004,145250926.0,301569861.037,TuShare index_daily
2022-07-15,000300.SH,4299.4714,4344.8572,4248.5273,4248.5273,4322.0742,-73.5469,-1.7017,-0.017163020676960457,150214453.0,316793192.67,TuShare index_daily
2022-07-18,000300.SH,4262.1539,4300.7777,4217.5064,4292.5858,4248.5273,44.0585,1.037,0.010316896703351534,122601192.0,281055128.64,TuShare index_daily
2022-07-19,000300.SH,4288.4441,4288.4441,4238.8238,4269.3401,4292.5858,-23.2457,-0.5415,-0.005430029969549267,103805730.0,231117731.807,TuShare index_daily
2022-07-20,000300.SH,4291.2808,4303.3668,4269.9717,4283.8027,4269.3401,14.4626,0.3388,0.0033818244642759895,94490144.0,212301881.408,TuShare index_daily
2022-07-21,000300.SH,4270.3624,4283.1471,4236.0499,4236.0578,4283.8027,-47.7449,-1.1145,-0.011208023842099372,117156344.0,239228146.812,TuShare index_daily
2022-07-22,000300.SH,4251.7867,4275.4696,4207.3135,4238.2341,4236.0578,2.1763,0.0514,0.0005136240463570039,103840624.0,224295333.457,TuShare index_daily
2022-07-25,000300.SH,4233.9277,4234.8448,4201.919,4212.6441,4238.2341,-25.59,-0.6038,-0.006056193831946438,83636664.0,188136426.673,TuShare index_daily
2022-07-26,000300.SH,4220.0911,4259.9854,4214.5343,4245.9758,4212.6441,33.3317,0.7912,0.007881160974413862,85823274.0,197601406.374,TuShare index_daily
2022-07-27,000300.SH,4236.154,4242.0951,4217.2809,4225.0357,4245.9758,-20.9401,-0.4932,-0.004943953305376326,78904940.0,194245303.807,TuShare index_daily
2022-07-28,000300.SH,4242.2743,4267.9181,4223.029,4225.6733,4225.0357,0.6376,0.0151,0.000150898581695364,107531930.0,243871486.472,TuShare index_daily
2022-07-29,000300.SH,4226.4245,4243.5143,4160.8735,4170.1019,4225.6733,-55.5714,-1.3151,-0.013238137096291935,114179286.0,253198574.648,TuShare index_daily
2022-08-01,000300.SH,4160.6478,4196.5743,4129.4528,4188.6784,4170.1019,18.5765,0.4455,0.004444794555351318,107749029.0,251125308.598,TuShare index_daily
2022-08-02,000300.SH,4144.3765,4144.3765,4071.431,4107.024,4188.6784,-81.6544,-1.9494,-0.0196865878794687,142224425.0,281013555.28,TuShare index_daily
2022-08-03,000300.SH,4114.8251,4150.9804,4058.1792,4066.9754,4107.024,-40.0486,-0.9751,-0.009799100416606756,116666124.0,268695834.765,TuShare index_daily
2022-08-04,000300.SH,4089.4419,4108.1591,4064.6594,4101.5367,4066.9754,34.5613,0.8498,0.008462130144248198,89532644.0,216898674.902,TuShare index_daily
2022-08-05,000300.SH,4109.6287,4159.485,4097.8625,4156.9111,4101.5367,55.3744,1.3501,0.013410566060690658,102571004.0,247325902.015,TuShare index_daily
2022-08-08,000300.SH,4142.1111,4155.7301,4135.0809,4148.0746,4156.9111,-8.8365,-0.2126,-0.0021279996507610082,90208138.0,224080812.055,TuShare index_daily
2022-08-09,000300.SH,4143.666,4161.8086,4131.4252,4156.2907,4148.0746,8.2161,0.1981,0.0019787430788460333,84136959.0,214223692.26,TuShare index_daily
2022-08-10,000300.SH,4149.2071,4160.7871,4092.5455,4109.7373,4156.2907,-46.5534,-1.1201,-0.011263908664876135,85565839.0,217447368.47,TuShare index_daily
2022-08-11,000300.SH,4130.741,4193.8115,4116.0558,4193.5428,4109.7373,83.8055,2.0392,0.02018680447144849,121385051.0,269630998.407,TuShare index_daily
2022-08-12,000300.SH,4185.4203,4202.4663,4175.0501,4191.152,4193.5428,-2.3908,-0.057,-0.000570277182848478,106808295.0,219208055.255,TuShare index_daily
2022-08-15,000300.SH,4180.0006,4219.9183,4174.3,4185.6794,4191.152,-5.4726,-0.1306,-0.0013066040170212304,105898495.0,245539800.985,TuShare index_daily
2022-08-16,000300.SH,4190.5269,4208.8006,4170.5197,4177.837,4185.6794,-7.8424,-0.1874,-0.0018753839709140833,93906139.0,233818584.732,TuShare index_daily
2022-08-17,000300.SH,4182.5668,4222.7866,4155.1734,4216.9586,4177.837,39.1216,0.9364,0.009320508819420452,112864659.0,252044325.052,TuShare index_daily
2022-08-18,000300.SH,4205.7851,4211.9141,4173.541,4180.0996,4216.9586,-36.859,-0.8741,-0.008779083306508366,101052650.0,233115491.39,TuShare index_daily
2022-08-19,000300.SH,4174.5458,4185.6579,4151.0738,4151.0738,4180.0996,-29.0258,-0.6944,-0.006968026242654508,117402978.0,262494128.152,TuShare index_daily
2022-08-22,000300.SH,4135.1623,4183.6498,4134.2008,4181.3965,4151.0738,30.3227,0.7305,0.007278233888484915,112442720.0,259747163.698,TuShare index_daily
2022-08-23,000300.SH,4175.5314,4187.3875,4147.4127,4161.0823,4181.3965,-20.3142,-0.4858,-0.00487007294530757,103153512.0,239101330.833,TuShare index_daily
2022-08-24,000300.SH,4168.5764,4174.1565,4079.0934,4082.4195,4161.0823,-78.6628,-1.8904,-0.01908538134629194,119069679.0,262844309.316,TuShare index_daily
2022-08-25,000300.SH,4093.2949,4119.6196,4058.7454,4116.2396,4082.4195,33.8201,0.8284,0.00825020077551431,111320745.0,242149581.478,TuShare index_daily
2022-08-26,000300.SH,4127.8142,4139.7879,4102.6818,4107.5455,4116.2396,-8.6941,-0.2112,-0.002114379968170268,99000493.0,225519196.8,TuShare index_daily
2022-08-29,000300.SH,4063.8825,4092.9474,4059.5963,4089.5205,4107.5455,-18.025,-0.4388,-0.004397922147476834,94354432.0,203086114.712,TuShare index_daily
2022-08-30,000300.SH,4088.5262,4093.1356,4048.5244,4075.7937,4089.5205,-13.7268,-0.3357,-0.0033622252849209834,93301662.0,192649001.278,TuShare index_daily
2022-08-31,000300.SH,4057.1443,4112.8485,4046.6225,4078.8402,4075.7937,3.0465,0.0747,0.0007471825661562693,132449765.0,292974665.546,TuShare index_daily
2022-09-01,000300.SH,4066.1869,4090.8852,4041.1281,4043.7395,4078.8402,-35.1007,-0.8606,-0.00864280063530641,97387071.0,210898503.454,TuShare index_daily
2022-09-02,000300.SH,4054.8423,4056.1805,4004.911,4023.6131,4043.7395,-20.1264,-0.4977,-0.004989602600431504,86789278.0,184468327.006,TuShare index_daily
2022-09-05,000300.SH,4010.4052,4016.9986,3982.7395,4015.4264,4023.6131,-8.1867,-0.2035,-0.0020367365603991064,93767109.0,201118696.559,TuShare index_daily
2022-09-06,000300.SH,4024.4726,4054.004,4009.5826,4052.2802,4015.4264,36.8538,0.9178,0.00913619152895841,113506265.0,235921838.118,TuShare index_daily
2022-09-07,000300.SH,4032.7231,4067.5437,4028.374,4054.983,4052.2802,2.7028,0.0667,0.0006667601713317303,107678059.0,215147152.182,TuShare index_daily
2022-09-08,000300.SH,4059.1689,4067.758,4036.0226,4037.6839,4054.983,-17.2991,-0.4266,-0.004275259704358225,100886049.0,186889047.981,TuShare index_daily
2022-09-09,000300.SH,4050.5853,4099.0081,4042.2498,4093.7874,4037.6839,56.1035,1.3895,0.013799320738442802,118427114.0,221442547.204,TuShare index_daily
2022-09-13,000300.SH,4112.0123,4128.1113,4097.1408,4111.1145,4093.7874,17.3271,0.4233,0.004223603394433809,111789737.0,218521062.136,TuShare index_daily
2022-09-14,000300.SH,4058.0441,4089.0583,4047.9187,4065.359,4111.1145,-45.7555,-1.113,-0.011192105648596497,90793681.0,185484965.111,TuShare index_daily
2022-09-15,000300.SH,4078.6495,4088.8078,3998.8564,4027.1186,4065.359,-38.2404,-0.9406,-0.009450921343383703,123951196.0,254367492.776,TuShare index_daily
2022-09-16,000300.SH,4013.5829,4019.4104,3932.6826,3932.6826,4027.1186,-94.436,-2.345,-0.023729344201284554,137193655.0,241251840.05,TuShare index_daily
2022-09-19,000300.SH,3928.4239,3953.6494,3910.3106,3928.0001,3932.6826,-4.6825,-0.1191,-0.0011913724882571326,97719575.0,183574440.582,TuShare index_daily
2022-09-20,000300.SH,3945.6467,3957.5538,3921.6884,3932.8361,3928.0001,4.836,0.1231,0.0012304036077226527,84824134.0,179248153.538,TuShare index_daily
2022-09-21,000300.SH,3921.3177,3924.3914,3884.2268,3903.7348,3932.8361,-29.1013,-0.74,-0.007427083642582392,86458391.0,168939074.343,TuShare index_daily
2022-09-22,000300.SH,3875.1771,3900.2736,3860.2308,3869.344,3903.7348,-34.3908,-0.881,-0.008848752286126995,80946919.0,161134102.784,TuShare index_daily
2022-09-23,000300.SH,3865.1049,3888.3958,3829.6913,3856.0212,3869.344,-13.3228,-0.3443,-0.0034491089709841913,94342462.0,172904807.364,TuShare index_daily
2022-09-26,000300.SH,3829.5958,3893.3186,3827.9498,3836.6773,3856.0212,-19.3439,-0.5017,-0.00502916909361511,104526031.0,192906200.254,TuShare index_daily
2022-09-27,000300.SH,3844.0692,3893.0283,3827.9265,3892.295,3836.6773,55.6177,1.4496,0.01439225239211946,88860160.0,185955247.353,TuShare index_daily
2022-09-28,000300.SH,3879.4398,3879.4398,3828.0545,3828.7098,3892.295,-63.5852,-1.6336,-0.01647107835755761,86592213.0,172438042.788,TuShare index_daily
2022-09-29,000300.SH,3864.316,3873.1823,3808.6496,3827.1434,3828.7098,-1.5664,-0.0409,-0.0004092032542780825,85654142.0,171635940.008,TuShare index_daily
2022-09-30,000300.SH,3833.3504,3848.6018,3801.2798,3804.8853,3827.1434,-22.2581,-0.5816,-0.005832830032521587,78559966.0,158692748.773,TuShare index_daily
2022-10-10,000300.SH,3806.5596,3807.4574,3715.7142,3720.9365,3804.8853,-83.9488,-2.2063,-0.02231046239879809,102647595.0,194635904.094,TuShare index_daily
2022-10-11,000300.SH,3732.0191,3739.8084,3706.0629,3727.6867,3720.9365,6.7502,0.1814,0.0018124696783947004,83944625.0,166800394.853,TuShare index_daily
2022-10-12,000300.SH,3722.8659,3784.3064,3661.5255,3784.3064,3727.6867,56.6197,1.5189,0.015074766835150348,108089319.0,210931362.292,TuShare index_daily
2022-10-13,000300.SH,3756.4176,3783.596,3749.6393,3752.6729,3784.3064,-31.6335,-0.8359,-0.008394261014007776,99018915.0,198368891.549,TuShare index_daily
2022-10-14,000300.SH,3783.316,3863.2265,3780.8415,3842.4698,3752.6729,89.7969,2.3929,0.023646977519851727,116242293.0,256551271.975,TuShare index_daily
2022-10-17,000300.SH,3822.2428,3849.6207,3809.1196,3846.4119,3842.4698,3.9421,0.1026,0.0010254027826726963,104192019.0,220488874.407,TuShare index_daily
2022-10-18,000300.SH,3865.8258,3870.2155,3831.1723,3838.2667,3846.4119,-8.1452,-0.2118,-0.002119855227317334,88346907.0,186556295.766,TuShare index_daily
2022-10-19,000300.SH,3827.4658,3840.487,3776.5335,3776.5335,3838.2667,-61.7332,-1.6084,-0.01621435910914368,81574844.0,186736408.23,TuShare index_daily
2022-10-20,000300.SH,3746.5793,3804.2468,3726.7925,3754.9269,3776.5335,-21.6066,-0.5721,-0.005737707729671164,90290895.0,203781618.922,TuShare index_daily
2022-10-21,000300.SH,3753.8903,3768.6895,3724.69,3742.8929,3754.9269,-12.034,-0.3205,-0.0032100025485567343,98750038.0,180686357.677,TuShare index_daily
2022-10-24,000300.SH,3727.915,3762.158,3619.9876,3633.3733,3742.8929,-109.5196,-2.9261,-0.02969731459472971,130056864.0,259450743.134,TuShare index_daily
2022-10-25,000300.SH,3621.9356,3670.7327,3594.7011,3627.4542,3633.3733,-5.9191,-0.1629,-0.001630420585316052,110953882.0,219302759.597,TuShare index_daily
2022-10-26,000300.SH,3633.3107,3700.8797,3633.3107,3656.9027,3627.4542,29.4485,0.8118,0.0080854523840452,121301548.0,242453810.572,TuShare index_daily
2022-10-27,000300.SH,3667.6645,3685.0837,3631.0639,3631.1448,3656.9027,-25.7579,-0.7044,-0.007068561846897027,117998675.0,257473315.676,TuShare index_daily
2022-10-28,000300.SH,3605.1598,3618.864,3533.4993,3541.3295,3631.1448,-89.8153,-2.4735,-0.025045748847757898,118772162.0,245816451.978,TuShare index_daily
2022-10-31,000300.SH,3504.507,3553.3871,3495.9509,3508.7034,3541.3295,-32.6261,-0.9213,-0.009255654087809153,138465655.0,256574822.102,TuShare index_daily
2022-11-01,000300.SH,3519.8174,3634.1732,3517.6209,3634.1732,3508.7034,125.4698,3.576,0.035135062295113866,149286698.0,295089928.407,TuShare index_daily
2022-11-02,000300.SH,3620.3693,3703.465,3610.8029,3677.8051,3634.1732,43.6319,1.2006,0.011934504204356282,141592919.0,291648245.712,TuShare index_daily
2022-11-03,000300.SH,3645.0604,3670.1574,3628.4987,3647.8966,3677.8051,-29.9085,-0.8132,-0.008165406510091901,110566035.0,215379297.964,TuShare index_daily
2022-11-04,000300.SH,3646.7709,3782.8823,3646.7709,3767.1746,3647.8966,119.278,3.2698,0.032174550004190845,149734949.0,311145477.555,TuShare index_daily
2022-11-07,000300.SH,3754.5227,3792.7942,3746.3715,3775.2971,3767.1746,8.1225,0.2156,0.0021538040745810905,129826371.0,251195699.937,TuShare index_daily
2022-11-08,000300.SH,3773.6612,3779.1156,3723.3415,3749.3251,3775.2971,-25.972,-0.6879,-0.006903231139061722,99016451.0,193351324.897,TuShare index_daily
2022-11-09,000300.SH,3750.7821,3760.4068,3711.268,3714.2704,3749.3251,-35.0547,-0.935,-0.00939358457109661,89434525.0,172029529.944,TuShare index_daily
2022-11-10,000300.SH,3685.8274,3701.5306,3665.0585,3685.6885,3714.2704,-28.5819,-0.7695,-0.007724919156991287,103509302.0,183155308.703,TuShare index_daily
2022-11-11,000300.SH,3787.7568,3828.9004,3747.0902,3788.4387,3685.6885,102.7502,2.7878,0.027496634988239666,189685586.0,344471326.267,TuShare index_daily
2022-11-14,000300.SH,3818.1447,3848.4116,3781.7778,3794.0171,3788.4387,5.5784,0.1472,0.0014713969071710126,169665048.0,315536856.085,TuShare index_daily
2022-11-15,000300.SH,3788.926,3871.6424,3775.4988,3865.9726,3794.0171,71.9555,1.8966,0.018787914712990912,151515650.0,296268142.769,TuShare index_daily
2022-11-16,000300.SH,3860.811,3877.6781,3829.3126,3834.3899,3865.9726,-31.5827,-0.8169,-0.00820295852199649,120610964.0,235844588.245,TuShare index_daily
2022-11-17,000300.SH,3821.2709,3821.7419,3776.5739,3818.664,3834.3899,-15.7259,-0.4101,-0.00410971158424564,105940632.0,219540811.335,TuShare index_daily
2022-11-18,000300.SH,3823.8207,3840.3018,3801.5686,3801.5686,3818.664,-17.0954,-0.4477,-0.004486852194025924,115078777.0,224276131.008,TuShare index_daily
2022-11-21,000300.SH,3769.627,3769.8731,3733.9954,3769.1269,3801.5686,-32.4417,-0.8534,-0.008570387905360253,95866966.0,188230373.665,TuShare index_daily
2022-11-22,000300.SH,3766.0817,3809.8582,3751.0448,3769.5727,3769.1269,0.4458,0.0118,0.00011826973461562479,144486334.0,203490828.432,TuShare index_daily
2022-11-23,000300.SH,3760.2157,3791.1782,3753.2136,3773.5287,3769.5727,3.956,0.1049,0.0010489055238472717,144527911.0,201070601.178,TuShare index_daily
2022-11-24,000300.SH,3791.5399,3804.8987,3751.3818,3756.8082,3773.5287,-16.7205,-0.4431,-0.0044408444670989014,101073447.0,160698921.546,TuShare index_daily
2022-11-25,000300.SH,3751.2822,3790.566,3743.4138,3775.7764,3756.8082,18.9682,0.5049,0.005036316510325149,142929711.0,191711040.707,TuShare index_daily
2022-11-28,000300.SH,3701.902,3736.0813,3672.1306,3733.2424,3775.7764,-42.534,-1.1265,-0.011328898234774747,127825748.0,196305561.706,TuShare index_daily
2022-11-29,000300.SH,3766.5702,3854.7742,3766.5702,3848.4224,3733.2424,115.18,3.0853,0.030386165895360008,178701392.0,289062336.431,TuShare index_daily
2022-11-30,000300.SH,3836.5598,3867.6591,3833.8272,3853.0365,3848.4224,4.6141,0.1199,0.0011982406481633547,157511400.0,250051468.093,TuShare index_daily
2022-12-01,000300.SH,3921.2954,3944.5645,3893.8718,3894.7687,3853.0365,41.7322,1.0831,0.010772754997039927,169964585.0,306678195.716,TuShare index_daily
2022-12-02,000300.SH,3886.4034,3898.1146,3865.8844,3870.9478,3894.7687,-23.8209,-0.6116,-0.006134907117042015,116786350.0,201253166.363,TuShare index_daily
2022-12-05,000300.SH,3907.6375,3947.476,3900.6742,3946.8759,3870.9478,75.9281,1.9615,0.019424967968233346,201747221.0,296615512.327,TuShare index_daily
2022-12-06,000300.SH,3929.0063,3988.9007,3922.9969,3968.1979,3946.8759,21.322,0.5402,0.005387707585699159,155108323.0,275583430.841,TuShare index_daily
2022-12-07,000300.SH,3956.6722,3999.5864,3944.1831,3958.4409,3968.1979,-9.757,-0.2459,-0.002461826550684833,143001356.0,255490829.027,TuShare index_daily
2022-12-08,000300.SH,3953.199,3971.4927,3941.2966,3959.1798,3958.4409,0.7389,0.0187,0.00018664698149652585,115199986.0,198037690.481,TuShare index_daily
2022-12-09,000300.SH,3961.9919,4003.3178,3944.4396,3998.2442,3959.1798,39.0644,0.9867,0.00981843215143076,153774954.0,268166789.657,TuShare index_daily
2022-12-12,000300.SH,3976.1722,3983.4332,3950.3203,3953.4433,3998.2442,-44.8009,-1.1205,-0.011268394049661413,125935368.0,227606300.937,TuShare index_daily
2022-12-13,000300.SH,3953.5482,3964.3957,3939.9795,3945.6813,3953.4433,-7.762,-0.1963,-0.0019652816967299248,100994100.0,184020700.11,TuShare index_daily
2022-12-14,000300.SH,3952.7885,3972.7381,3935.7668,3954.8857,3945.6813,9.2044,0.2333,0.002330061668831265,98528006.0,196175108.617,TuShare index_daily
2022-12-15,000300.SH,3954.672,3963.5002,3926.4997,3951.9885,3954.8857,-2.8972,-0.0733,-0.0007328307132189436,88864725.0,181994889.123,TuShare index_daily
2022-12-16,000300.SH,3931.2318,3960.4705,3929.4873,3954.227,3951.9885,2.2385,0.0566,0.0005662633556637898,93178567.0,167488442.589,TuShare index_daily
2022-12-19,000300.SH,3952.7707,3966.5679,3878.4367,3893.2207,3954.227,-61.0063,-1.5428,-0.015548374799046806,106919075.0,180801387.702,TuShare index_daily
2022-12-20,000300.SH,3881.2257,3881.2729,3811.4759,3829.0173,3893.2207,-64.2034,-1.6491,-0.01662856788307226,83096822.0,164046440.874,TuShare index_daily
2022-12-21,000300.SH,3839.0009,3853.7272,3821.4037,3830.5384,3829.0173,1.5211,0.0397,0.0003971770895265506,64839215.0,123450040.36,TuShare index_daily
2022-12-22,000300.SH,3859.2041,3882.1263,3821.3418,3836.028,3830.5384,5.4896,0.1433,0.0014320885391947411,83705173.0,163970306.951,TuShare index_daily
2022-12-23,000300.SH,3811.6164,3848.3436,3805.9487,3828.2188,3836.028,-7.8092,-0.2036,-0.0020378265226173122,65278148.0,130559415.566,TuShare index_daily
2022-12-26,000300.SH,3830.5682,3856.8066,3827.5186,3843.4887,3828.2188,15.2699,0.3989,0.003980840032099933,73005712.0,148692832.422,TuShare index_daily
2022-12-27,000300.SH,3860.9054,3891.8497,3856.58,3887.854,3843.4887,44.3653,1.1543,0.011476864678682468,77515350.0,152032206.631,TuShare index_daily
2022-12-28,000300.SH,3874.9132,3884.7205,3854.9406,3871.2644,3887.854,-16.5896,-0.4267,-0.004276162425663309,84424656.0,160671122.031,TuShare index_daily
2022-12-29,000300.SH,3854.2363,3868.2933,3838.4803,3856.7007,3871.2644,-14.5637,-0.3762,-0.0037690949823474674,79394815.0,149011372.437,TuShare index_daily
2022-12-30,000300.SH,3873.9358,3887.5527,3868.7569,3871.6338,3856.7007,14.9331,0.3872,0.003864511450635922,78773272.0,148295049.382,TuShare index_daily
2023-01-03,000300.SH,3864.8356,3893.9904,3831.245,3887.8992,3871.6338,16.2654,0.4201,0.004192371840768464,115051875.0,207540165.953,TuShare index_daily
2023-01-04,000300.SH,3886.2504,3905.9032,3873.6549,3892.9477,3887.8992,5.0485,0.1299,0.0012976738325117976,110660743.0,198997711.686,TuShare index_daily
2023-01-05,000300.SH,3913.4928,3974.875,3912.26,3968.5782,3892.9477,75.6305,1.9428,0.019241260364231842,116502395.0,256312608.292,TuShare index_daily
2023-01-06,000300.SH,3969.5493,4000.4143,3966.4696,3980.8888,3968.5782,12.3106,0.3102,0.0030972164148969136,110953038.0,235744305.582,TuShare index_daily
2023-01-09,000300.SH,3998.5278,4023.0898,3990.7073,4013.1196,3980.8888,32.2308,0.8096,0.008063783032646063,117054425.0,233212426.458,TuShare index_daily
2023-01-10,000300.SH,4014.7125,4030.4574,4002.2297,4017.4737,4013.1196,4.3541,0.1085,0.001084378267956015,101751141.0,214871166.24,TuShare index_daily
2023-01-11,000300.SH,4019.8844,4043.3991,4008.0153,4010.0309,4017.4737,-7.4428,-0.1853,-0.0018543252239770138,99997889.0,203000262.961,TuShare index_daily
2023-01-12,000300.SH,4021.7547,4030.2876,4003.5079,4017.8692,4010.0309,7.8383,0.1955,0.0019527653292073786,90552627.0,183686268.107,TuShare index_daily
2023-01-13,000300.SH,4032.2906,4074.3772,4027.8864,4074.3772,4017.8692,56.508,1.4064,0.013966188302980416,95871896.0,212173997.498,TuShare index_daily
2023-01-16,000300.SH,4077.8793,4177.1035,4076.6394,4137.9643,4074.3772,63.5871,1.5607,0.015486051273287112,151395455.0,319007749.371,TuShare index_daily
2023-01-17,000300.SH,4138.8433,4148.5838,4118.157,4137.2422,4137.9643,-0.7221,-0.0175,-0.0001745213250770172,95479040.0,204381576.523,TuShare index_daily
2023-01-18,000300.SH,4140.1019,4151.4577,4125.7687,4130.3143,4137.2422,-6.9279,-0.1675,-0.0016759248325780656,84200645.0,172126171.819,TuShare index_daily
2023-01-19,000300.SH,4125.5772,4156.0077,4105.9797,4156.0077,4130.3143,25.6934,0.6221,0.0062014202060171756,94608398.0,192699589.774,TuShare index_daily
2023-01-20,000300.SH,4166.8444,4189.831,4161.6698,4181.5267,4156.0077,25.519,0.614,0.006121493109215215,123553809.0,222342455.101,TuShare index_daily
2023-01-30,000300.SH,4267.6248,4268.1522,4197.8596,4201.345,4181.5267,19.8183,0.4739,0.004728293031784344,164607064.0,330193322.092,TuShare index_daily
2023-01-31,000300.SH,4200.5813,4212.7347,4153.0484,4156.8578,4201.345,-44.4872,-1.0589,-0.010645259794948916,124550835.0,249365321.627,TuShare index_daily
2023-02-01,000300.SH,4170.1322,4195.9332,4137.7659,4195.9332,4156.8578,39.0754,0.94,0.009356318159253127,141008954.0,265553944.709,TuShare index_daily
2023-02-02,000300.SH,4207.4123,4207.4123,4170.5565,4181.1493,4195.9332,-14.7839,-0.3523,-0.0035296095862316335,133823736.0,262497434.837,TuShare index_daily
2023-02-03,000300.SH,4162.0258,4162.0258,4103.1654,4141.6319,4181.1493,-39.5174,-0.9451,-0.009496271984206292,117041221.0,226914770.044,TuShare index_daily
2023-02-06,000300.SH,4103.8307,4105.9445,4065.2224,4086.8779,4141.6319,-54.754,-1.322,-0.0133085599913791,110192717.0,226345113.969,TuShare index_daily
2023-02-07,000300.SH,4098.3117,4107.3438,4077.9623,4094.2335,4086.8779,7.3556,0.18,0.0017981913758129378,91360072.0,183537351.577,TuShare index_daily
2023-02-08,000300.SH,4099.8573,4111.4745,4072.6474,4076.1411,4094.2335,-18.0924,-0.4419,-0.004428788264437137,84786099.0,170591751.817,TuShare index_daily
2023-02-09,000300.SH,4067.5631,4130.8565,4064.7489,4130.8565,4076.1411,54.7154,1.3423,0.013334038426391324,102289961.0,211722604.859,TuShare index_daily
2023-02-10,000300.SH,4124.0986,4125.2893,4092.3472,4106.3097,4130.8565,-24.5468,-0.5942,-0.0059600285016594545,96716733.0,195348320.573,TuShare index_daily
2023-02-13,000300.SH,4098.8795,4146.45,4092.2729,4143.574,4106.3097,37.2643,0.9075,0.009033958487298481,128892577.0,251990181.554,TuShare index_daily
2023-02-14,000300.SH,4151.247,4152.0487,4125.2583,4145.2902,4143.574,1.7162,0.0414,0.00041409775407470783,102499890.0,204915435.75,TuShare index_daily
2023-02-15,000300.SH,4146.8547,4153.7159,4115.9671,4123.6893,4145.2902,-21.6009,-0.5211,-0.00522457435893855,121664508.0,219855528.966,TuShare index_daily
2023-02-16,000300.SH,4125.4087,4167.9003,4068.8591,4093.4876,4123.6893,-30.2017,-0.7324,-0.007350903203160604,159310585.0,281315625.589,TuShare index_daily
2023-02-17,000300.SH,4086.2237,4104.6398,4032.9285,4034.507,4093.4876,-58.9806,-1.4408,-0.014513207296915924,116142589.0,225737746.955,TuShare index_daily
2023-02-20,000300.SH,4039.9623,4134.8623,4035.4762,4133.4896,4034.507,98.9826,2.4534,0.02423787633960909,161794481.0,280122962.15,TuShare index_daily
2023-02-21,000300.SH,4130.0632,4151.7994,4116.2716,4144.3536,4133.4896,10.864,0.2628,0.00262483982241926,145776173.0,249674201.048,TuShare index_daily
2023-02-22,000300.SH,4118.9669,4134.8759,4101.8596,4106.9506,4144.3536,-37.403,-0.9025,-0.009066022844646674,104290295.0,191586158.991,TuShare index_daily
2023-02-23,000300.SH,4106.2136,4132.3896,4088.2073,4103.6463,4106.9506,-3.3043,-0.0805,-0.0008048867137512138,103564906.0,197193582.43,TuShare index_daily
2023-02-24,000300.SH,4100.9897,4102.6094,4048.2374,4061.0457,4103.6463,-42.6006,-1.0381,-0.010435417917162276,100989425.0,191210465.053,TuShare index_daily
2023-02-27,000300.SH,4040.4571,4067.0296,4034.5237,4043.8444,4061.0457,-17.2013,-0.4236,-0.00424467836441928,93787630.0,187959491.145,TuShare index_daily
2023-02-28,000300.SH,4058.1298,4074.2639,4026.4476,4069.4587,4043.8444,25.6143,0.6334,0.006314169404260476,110323591.0,198799712.379,TuShare index_daily
2023-03-01,000300.SH,4068.7331,4135.4812,4061.2167,4126.9415,4069.4587,57.4828,1.4125,0.014026582657949621,156015794.0,255374791.016,TuShare index_daily
2023-03-02,000300.SH,4119.9919,4137.2525,4113.8264,4117.7377,4126.9415,-9.2038,-0.223,-0.0022326651164919576,148217637.0,235953764.97,TuShare index_daily
2023-03-03,000300.SH,4126.0183,4135.2116,4100.3827,4130.5513,4117.7377,12.8136,0.3112,0.0031069741391894392,160331741.0,226914545.628,TuShare index_daily
2023-03-06,000300.SH,4131.1525,4132.8367,4088.4484,4109.0102,4130.5513,-21.5411,-0.5215,-0.00522871249319971,162971807.0,283079861.972,TuShare index_daily
2023-03-07,000300.SH,4103.6419,4124.9609,4046.5679,4048.8519,4109.0102,-60.1583,-1.4641,-0.014748812805500063,195912068.0,272491994.009,TuShare index_daily
2023-03-08,000300.SH,4030.7387,4037.287,4011.5231,4034.1077,4048.8519,-14.7442,-0.3642,-0.00364822220642755,117936493.0,191659655.191,TuShare index_daily
2023-03-09,000300.SH,4035.8433,4043.8493,4000.8901,4019.8505,4034.1077,-14.2572,-0.3534,-0.003540424357395067,116539629.0,201737990.687,TuShare index_daily
2023-03-10,000300.SH,3991.7959,4004.3612,3966.428,3967.1352,4019.8505,-52.7153,-1.3114,-0.01320049076358043,123855409.0,218286956.131,TuShare index_daily
2023-03-13,000300.SH,3962.6426,4008.686,3962.6426,4008.686,3967.1352,41.5508,1.0474,0.010419284700296166,143561370.0,242865516.758,TuShare index_daily
2023-03-14,000300.SH,3999.8803,4001.9415,3946.9405,3984.6956,4008.686,-23.9904,-0.5985,-0.006002583945988547,150544174.0,267224848.811,TuShare index_daily
2023-03-15,000300.SH,4011.8444,4018.7495,3986.902,3986.902,3984.6956,2.2064,0.0554,0.0005535653371021109,142026007.0,232101093.979,TuShare index_daily
2023-03-16,000300.SH,3958.1962,3981.321,3936.4758,3939.1505,3986.902,-47.7515,-1.1977,-0.012049397286707548,152515644.0,246264286.428,TuShare index_daily
2023-03-17,000300.SH,3971.1585,4004.2153,3945.2501,3958.8194,3939.1505,19.6689,0.4993,0.004980758577487929,177433818.0,305541015.556,TuShare index_daily
2023-03-20,000300.SH,3962.6625,3979.5485,3935.0161,3939.077,3958.8194,-19.7424,-0.4987,-0.004999417596918964,205264970.0,319760032.638,TuShare index_daily
2023-03-21,000300.SH,3948.1573,3982.7047,3948.1573,3982.3782,3939.077,43.3012,1.0993,0.010932746623865211,145090679.0,251631985.017,TuShare index_daily
2023-03-22,000300.SH,3993.7849,4016.4495,3986.7093,3999.4427,3982.3782,17.0645,0.4285,0.00427584788303179,149228970.0,265180992.104,TuShare index_daily
2023-03-23,000300.SH,3985.9928,4039.0895,3983.9986,4039.0895,3999.4427,39.6468,0.9913,0.00986426887274393,158887421.0,296479529.467,TuShare index_daily
2023-03-24,000300.SH,4035.1564,4037.8417,4017.0028,4027.0457,4039.0895,-12.0438,-0.2982,-0.002986265082769179,159442330.0,295785588.943,TuShare index_daily
2023-03-27,000300.SH,4023.3028,4023.3028,3987.0297,4012.4771,4027.0457,-14.5686,-0.3618,-0.0036242489284966603,168482279.0,315474696.948,TuShare index_daily
2023-03-28,000300.SH,4015.6973,4023.7834,3994.5999,3999.5147,4012.4771,-12.9624,-0.3231,-0.003235752515321773,131895117.0,248736920.972,TuShare index_daily
2023-03-29,000300.SH,4013.5926,4017.7572,3992.6662,4006.144,3999.5147,6.6293,0.1658,0.0016561539190427233,133743510.0,263866922.733,TuShare index_daily
2023-03-30,000300.SH,4009.5573,4040.5023,3983.8958,4038.5257,4006.144,32.3817,0.8083,0.008050516950421808,149901037.0,280004715.991,TuShare index_daily
2023-03-31,000300.SH,4045.4538,4063.5675,4039.9587,4050.9257,4038.5257,12.4,0.307,0.0030657232731370397,138842546.0,279863685.781,TuShare index_daily
2023-04-03,000300.SH,4059.6227,4094.9376,4059.0607,4090.5676,4050.9257,39.6419,0.9786,0.00973831503009619,182124313.0,382895558.426,TuShare index_daily
2023-04-04,000300.SH,4089.2932,4103.1583,4080.0682,4103.1052,4090.5676,12.5376,0.3065,0.0030603149750138407,197146631.0,394443175.146,TuShare index_daily
2023-04-06,000300.SH,4084.132,4098.8332,4078.4048,4096.64,4103.1052,-6.4652,-0.1576,-0.0015769273756824943,150703374.0,328981851.588,TuShare index_daily
2023-04-07,000300.SH,4096.9009,4131.3126,4092.1848,4123.2799,4096.64,26.6399,0.6503,0.006481813349653767,128676738.0,286567771.883,TuShare index_daily
2023-04-10,000300.SH,4132.0096,4132.2952,4099.0519,4104.8118,4123.2799,-18.4681,-0.4479,-0.004489043556316856,152453002.0,340822557.208,TuShare index_daily
2023-04-11,000300.SH,4108.5062,4116.1247,4083.4946,4100.1479,4104.8118,-4.6639,-0.1136,-0.0011368490944111537,153901333.0,324192951.999,TuShare index_daily
2023-04-12,000300.SH,4102.3968,4108.2451,4090.2784,4097.2876,4100.1479,-2.8603,-0.0698,-0.00069785242374403,165965278.0,325425226.403,TuShare index_daily
2023-04-13,000300.SH,4081.3871,4088.8809,4059.5744,4068.9786,4097.2876,-28.309,-0.6909,-0.006933184078369438,156444295.0,300291020.753,TuShare index_daily
2023-04-14,000300.SH,4078.9703,4098.2151,4075.2049,4091.9988,4068.9786,23.0202,0.5657,0.005641545105945867,150695682.0,306201501.439,TuShare index_daily
2023-04-17,000300.SH,4090.0719,4149.3836,4089.509,4149.3836,4091.9988,57.3848,1.4024,0.013926238256229347,188773095.0,341831272.793,TuShare index_daily
2023-04-18,000300.SH,4139.3088,4169.6678,4138.4618,4162.032,4149.3836,12.6484,0.3048,0.0030436234626958596,170184130.0,331545662.316,TuShare index_daily
2023-04-19,000300.SH,4159.3938,4159.3938,4118.6261,4124.5589,4162.032,-37.4731,-0.9004,-0.00904433581759568,162554592.0,312219504.523,TuShare index_daily
2023-04-20,000300.SH,4122.9461,4125.8231,4094.0022,4113.0192,4124.5589,-11.5397,-0.2798,-0.0028017233726872733,162706677.0,332172409.512,TuShare index_daily
2023-04-21,000300.SH,4114.2642,4114.2642,4031.9123,4032.5672,4113.0192,-80.452,-1.956,-0.01975416188434926,180802435.0,347852011.603,TuShare index_daily
2023-04-24,000300.SH,4031.303,4033.6367,3967.907,3982.6429,4032.5672,-49.9243,-1.238,-0.012457551336495796,170099217.0,328375614.674,TuShare index_daily
2023-04-25,000300.SH,3985.1055,3991.6868,3925.436,3962.6658,3982.6429,-19.9771,-0.5016,-0.005028663542673135,172555409.0,331110619.768,TuShare index_daily
2023-04-26,000300.SH,3950.2553,3975.6562,3934.6625,3959.2323,3962.6658,-3.4335,-0.0866,-0.0008668377632871743,162702006.0,322062811.334,TuShare index_daily
2023-04-27,000300.SH,3948.0313,3999.1302,3942.8152,3988.4185,3959.2323,29.1862,0.7372,0.007344643577210908,153828195.0,304804002.557,TuShare index_daily
2023-04-28,000300.SH,3993.2561,4030.4469,3993.2561,4029.0858,3988.4185,40.6673,1.0196,0.01014471517605962,179508488.0,328936294.025,TuShare index_daily
2023-05-04,000300.SH,4013.4713,4035.7832,4001.1259,4030.2471,4029.0858,1.1613,0.0288,0.00028818762605953345,227582846.0,345492506.049,TuShare index_daily
2023-05-05,000300.SH,4031.0946,4047.6015,3998.392,4016.8774,4030.2471,-13.3697,-0.3317,-0.0033228545927530486,206626924.0,307694489.937,TuShare index_daily
2023-05-08,000300.SH,4028.1056,4070.7724,4018.9608,4062.6624,4016.8774,45.785,1.1398,0.011333687618858015,255583085.0,359539954.17,TuShare index_daily
2023-05-09,000300.SH,4065.439,4092.8501,4026.3886,4027.8754,4062.6624,-34.787,-0.8563,-0.008599481329350357,279306048.0,396422120.421,TuShare index_daily
2023-05-10,000300.SH,4017.9358,4019.0587,3984.6287,3996.8695,4027.8754,-31.0059,-0.7698,-0.0077276112030614744,207552709.0,309484851.741,TuShare index_daily
2023-05-11,000300.SH,4005.7823,4018.0579,3988.4816,3990.6637,3996.8695,-6.2058,-0.1553,-0.001553871788268113,144804619.0,241052071.432,TuShare index_daily
2023-05-12,000300.SH,3987.769,3999.3831,3937.5274,3937.7622,3990.6637,-52.9015,-1.3256,-0.013344965509902268,144421728.0,228992923.388,TuShare index_daily
2023-05-15,000300.SH,3938.83,3998.8872,3923.0317,3998.8872,3937.7622,61.125,1.5523,0.015403530004197431,176257362.0,279531163.508,TuShare index_daily
2023-05-16,000300.SH,4002.5237,4005.015,3966.9921,3978.2054,3998.8872,-20.6818,-0.5172,-0.0051853093293719,136833271.0,234840652.671,TuShare index_daily
2023-05-17,000300.SH,3971.7017,3982.6044,3945.7137,3960.165,3978.2054,-18.0404,-0.4535,-0.004545122020695687,118448185.0,205195685.976,TuShare index_daily
2023-05-18,000300.SH,3965.5162,3982.7178,3939.5526,3956.0701,3960.165,-4.0949,-0.1034,-0.001034557542444401,136533947.0,229134184.413,TuShare index_daily
2023-05-19,000300.SH,3946.2215,3967.2816,3928.316,3944.5403,3956.0701,-11.5298,-0.2914,-0.002918713264252902,120212479.0,207094944.781,TuShare index_daily
2023-05-22,000300.SH,3941.0015,3985.4031,3935.8015,3969.3277,3944.5403,24.7874,0.6284,0.006264315012112265,109116605.0,202185550.246,TuShare index_daily
2023-05-23,000300.SH,3968.2346,3971.939,3913.1882,3913.1882,3969.3277,-56.1395,-1.4143,-0.014244297108787168,118685077.0,189955815.34,TuShare index_daily
2023-05-24,000300.SH,3903.7818,3903.7818,3859.0935,3859.0935,3913.1882,-54.0947,-1.3824,-0.013920126824799891,137258265.0,211768410.52,TuShare index_daily
2023-05-25,000300.SH,3851.4053,3861.3815,3817.8365,3850.4996,3859.0935,-8.5939,-0.2227,-0.002229405222302582,124150770.0,213313620.055,TuShare index_daily
2023-05-26,000300.SH,3848.4174,3859.6291,3815.5701,3850.9511,3850.4996,0.4515,0.0117,0.00011725063708255876,100326439.0,191537814.873,TuShare index_daily
2023-05-29,000300.SH,3862.0838,3866.7238,3819.1822,3833.9416,3850.9511,-17.0095,-0.4417,-0.004426744377731629,131859967.0,230095604.813,TuShare index_daily
2023-05-30,000300.SH,3827.7924,3844.0052,3789.2736,3837.7531,3833.9416,3.8115,0.0994,0.0009936527619133092,137619629.0,244566265.535,TuShare index_daily
2023-05-31,000300.SH,3827.1634,3827.1634,3781.4034,3798.5434,3837.7531,-39.2097,-1.0217,-0.01026938767722393,126387368.0,235606123.948,TuShare index_daily
2023-06-01,000300.SH,3788.5902,3832.2051,3786.7344,3806.8679,3798.5434,8.3245,0.2191,0.002189100101492375,134561881.0,241829546.409,TuShare index_daily
2023-06-02,000300.SH,3821.6198,3865.2843,3821.6198,3861.8337,3806.8679,54.9658,1.4439,0.01433534492873864,125015110.0,232696547.131,TuShare index_daily
2023-06-05,000300.SH,3860.5557,3860.5557,3832.4578,3844.2492,3861.8337,-17.5845,-0.4553,-0.004563805178188675,116163989.0,211144360.144,TuShare index_daily
2023-06-06,000300.SH,3840.4587,3867.8452,3802.8449,3808.1629,3844.2492,-36.0863,-0.9387,-0.009431422935137213,125781258.0,222091722.592,TuShare index_daily
2023-06-07,000300.SH,3815.4823,3823.1124,3780.1021,3789.3418,3808.1629,-18.8211,-0.4942,-0.004954557909288927,98862432.0,189879792.18,TuShare index_daily
2023-06-08,000300.SH,3791.0826,3834.3888,3777.7752,3820.1867,3789.3418,30.8449,0.814,0.008106959303515378,118700934.0,199119300.65,TuShare index_daily
2023-06-09,000300.SH,3822.4088,3836.7026,3811.2189,3836.7026,3820.1867,16.5159,0.4323,0.00431400402099796,134319863.0,247296087.071,TuShare index_daily
2023-06-12,000300.SH,3827.3253,3859.7156,3813.8577,3844.4324,3836.7026,7.7298,0.2015,0.002012671983855088,126758543.0,240791270.474,TuShare index_daily
2023-06-13,000300.SH,3838.1287,3867.3034,3833.4598,3864.9074,3844.4324,20.475,0.5326,0.005311751374952578,110924946.0,225435215.315,TuShare index_daily
2023-06-14,000300.SH,3872.7155,3891.6656,3862.0609,3864.0247,3864.9074,-0.8827,-0.0228,-0.00022841448014214406,124955759.0,243932581.184,TuShare index_daily
2023-06-15,000300.SH,3871.7746,3925.4994,3871.7746,3925.4994,3864.0247,61.4747,1.5909,0.01578427014000531,128369938.0,282635910.894,TuShare index_daily
2023-06-16,000300.SH,3932.2114,3968.0128,3928.5419,3963.3509,3925.4994,37.8515,0.9642,0.009596275511414851,139760076.0,280374762.838,TuShare index_daily
2023-06-19,000300.SH,3957.0327,3957.0327,3922.4742,3930.9079,3963.3509,-32.443,-0.8186,-0.0082194373084361,134905848.0,268213068.58,TuShare index_daily
2023-06-20,000300.SH,3926.094,3937.4945,3918.473,3924.2377,3930.9079,-6.6702,-0.1697,-0.001698301200985408,122520318.0,266274081.287,TuShare index_daily
2023-06-21,000300.SH,3909.1044,3920.1276,3864.0323,3864.0323,3924.2377,-60.2054,-1.5342,-0.01546084028279967,118346575.0,243630705.592,TuShare index_daily
2023-06-26,000300.SH,3833.4436,3841.2862,3801.0537,3809.6962,3864.0323,-54.3361,-1.4062,-0.014161827101988902,133990419.0,247713845.78,TuShare index_daily
2023-06-27,000300.SH,3811.6872,3851.8957,3806.3242,3845.4334,3809.6962,35.7372,0.9381,0.009336865994181069,116992681.0,210097713.688,TuShare index_daily
2023-06-28,000300.SH,3836.6086,3846.8516,3808.1607,3840.7986,3845.4334,-4.6348,-0.1205,-0.0012060006936434353,107021541.0,206187959.877,TuShare index_daily
2023-06-29,000300.SH,3836.7305,3840.7132,3817.3759,3821.8435,3840.7986,-18.9551,-0.4935,-0.004947415895498865,98289274.0,204110031.408,TuShare index_daily
2023-06-30,000300.SH,3816.3345,3860.0311,3813.552,3842.4516,3821.8435,20.6081,0.5392,0.005377702553482227,101268429.0,208146272.909,TuShare index_daily
2023-07-03,000300.SH,3853.2919,3897.3273,3853.2919,3892.8821,3842.4516,50.4305,1.3125,0.013039182657447542,133158051.0,256876520.212,TuShare index_daily
2023-07-04,000300.SH,3888.0328,3899.9755,3878.3978,3899.0133,3892.8821,6.1312,0.1575,0.0015737380831380055,109494527.0,216335611.422,TuShare index_daily
2023-07-05,000300.SH,3895.1945,3899.5188,3864.1301,3868.8054,3899.0133,-30.2079,-0.7748,-0.007777743906701456,97636384.0,188400265.051,TuShare index_daily
2023-07-06,000300.SH,3857.0304,3876.8901,3836.4573,3842.7547,3868.8054,-26.0507,-0.6734,-0.0067562980144157386,100121842.0,184742420.862,TuShare index_daily
2023-07-07,000300.SH,3831.5955,3844.8438,3819.0772,3825.6988,3842.7547,-17.0559,-0.4438,-0.004448335801926922,100906920.0,173918560.673,TuShare index_daily
2023-07-10,000300.SH,3841.5591,3865.4566,3831.92,3844.3269,3825.6988,18.6281,0.4869,0.004857385712863811,92033441.0,185360813.111,TuShare index_daily
2023-07-11,000300.SH,3853.7955,3870.6549,3844.5244,3869.4861,3844.3269,25.1592,0.6545,0.006523178411029411,86510716.0,177585694.368,TuShare index_daily
2023-07-12,000300.SH,3864.6013,3874.0403,3838.5632,3843.4369,3869.4861,-26.0492,-0.6732,-0.006754715182223218,111522024.0,214046519.056,TuShare index_daily
2023-07-13,000300.SH,3855.662,3901.1023,3855.662,3898.4229,3843.4369,54.986,1.4306,0.014205094390380651,120300232.0,235278706.835,TuShare index_daily
2023-07-14,000300.SH,3904.6033,3908.4871,3893.7862,3899.1027,3898.4229,0.6798,0.0174,0.000174363006059742,122364846.0,220230466.523,TuShare index_daily
2023-07-17,000300.SH,3881.6225,3881.6225,3852.2626,3867.1749,3899.1027,-31.9278,-0.8188,-0.008222209278820985,98340144.0,174623552.807,TuShare index_daily
2023-07-18,000300.SH,3871.0444,3871.0444,3844.5129,3854.9393,3867.1749,-12.2356,-0.3164,-0.0031689793553156373,91438615.0,167104315.117,TuShare index_daily
2023-07-19,000300.SH,3848.4826,3860.0092,3830.4073,3850.8663,3854.9393,-4.073,-0.1057,-0.00105712513155086,79585700.0,151311481.03,TuShare index_daily
2023-07-20,000300.SH,3857.7725,3875.6241,3818.7134,3823.6946,3850.8663,-27.1717,-0.7056,-0.007081007991962629,92042076.0,174320872.14,TuShare index_daily
2023-07-21,000300.SH,3816.9835,3849.5109,3808.803,3821.91,3823.6946,-1.7846,-0.0467,-0.0004668303229831912,79507563.0,157144211.209,TuShare index_daily
2023-07-24,000300.SH,3803.3492,3828.7853,3798.8048,3805.221,3821.91,-16.689,-0.4367,-0.004376226561401382,75483545.0,151448369.566,TuShare index_daily
2023-07-25,000300.SH,3866.6445,3915.8148,3866.6445,3915.1153,3805.221,109.8943,2.888,0.028470708740506268,163066320.0,299853562.168,TuShare index_daily
2023-07-26,000300.SH,3908.174,3912.9834,3893.3987,3907.0128,3915.1153,-8.1025,-0.207,-0.002071687600697664,107881717.0,192912604.8,TuShare index_daily
2023-07-27,000300.SH,3914.2298,3935.3578,3894.6923,3902.3458,3907.0128,-4.667,-0.1195,-0.001195232744363619,110667109.0,196845425.513,TuShare index_daily
2023-07-28,000300.SH,3889.7929,4000.919,3886.5535,3992.7376,3902.3458,90.3918,2.3163,0.022899251426328447,179735481.0,310092467.4,TuShare index_daily
2023-07-31,000300.SH,4018.8895,4064.3621,4002.0784,4014.6301,3992.7376,21.8925,0.5483,0.005468102719712426,199606830.0,366544120.0,TuShare index_daily
2023-08-01,000300.SH,4009.1831,4031.7008,3983.0273,3998.001,4014.6301,-16.6291,-0.4142,-0.004150727436979688,142286859.0,255620773.6,TuShare index_daily
2023-08-02,000300.SH,3985.6951,4008.3343,3958.5127,3969.895,3998.001,-28.106,-0.703,-0.00705484021662513,125855690.0,204875690.924,TuShare index_daily
2023-08-03,000300.SH,3962.1296,4004.9996,3962.1296,4004.9839,3969.895,35.0889,0.8839,0.008799914550596713,129006640.0,224809824.82,TuShare index_daily
2023-08-04,000300.SH,4033.7239,4058.2431,4011.6202,4020.5792,4004.9839,15.5953,0.3894,0.0038864113172395994,178267189.0,316529733.838,TuShare index_daily
2023-08-07,000300.SH,4002.9677,4002.9677,3977.0173,3990.1531,4020.5792,-30.4261,-0.7568,-0.00759637076150556,121310662.0,227090572.751,TuShare index_daily
2023-08-08,000300.SH,3980.0423,4002.2904,3963.4632,3979.7322,3990.1531,-10.4209,-0.2612,-0.002615070492593251,109871699.0,202611335.314,TuShare index_daily
2023-08-09,000300.SH,3967.3566,3982.1091,3961.8434,3967.5652,3979.7322,-12.167,-0.3057,-0.0030619237945844866,94640269.0,174394242.765,TuShare index_daily
2023-08-10,000300.SH,3962.8569,3976.4637,3945.3869,3975.7166,3967.5652,8.1514,0.2055,0.0020524017821905416,97176849.0,175646730.198,TuShare index_daily
2023-08-11,000300.SH,3977.9834,3977.9834,3884.2538,3884.2538,3975.7166,-91.4628,-2.3005,-0.023274115288622166,126082931.0,203546314.647,TuShare index_daily
2023-08-14,000300.SH,3840.8872,3859.4718,3814.0711,3855.9061,3884.2538,-28.3477,-0.7298,-0.007324868507294283,115966336.0,197623765.246,TuShare index_daily
2023-08-15,000300.SH,3858.3662,3865.284,3811.6839,3846.5357,3855.9061,-9.3704,-0.243,-0.002433099753563938,103097111.0,177437071.693,TuShare index_daily
2023-08-16,000300.SH,3830.8274,3852.4198,3817.6324,3818.3338,3846.5357,-28.2019,-0.7332,-0.007358775583763774,94616946.0,169323869.028,TuShare index_daily
2023-08-17,000300.SH,3801.1969,3836.1507,3782.4967,3831.1008,3818.3338,12.767,0.3344,0.003338027585623975,98415493.0,174093848.243,TuShare index_daily
2023-08-18,000300.SH,3832.4554,3844.195,3784.0038,3784.0038,3831.1008,-47.097,-1.2293,-0.012369521622880495,95549638.0,168445686.988,TuShare index_daily
2023-08-21,000300.SH,3773.225,3782.1112,3729.555,3729.555,3784.0038,-54.4488,-1.4389,-0.014493731827957879,98708369.0,173379942.907,TuShare index_daily
2023-08-22,000300.SH,3748.0675,3770.0556,3704.6785,3758.2271,3729.555,28.6721,0.7688,0.007658406656251673,120318327.0,203463879.672,TuShare index_daily
2023-08-23,000300.SH,3751.7736,3756.1659,3695.0309,3696.6339,3758.2271,-61.5932,-1.6389,-0.016524681432167936,97081638.0,160476231.587,TuShare index_daily
2023-08-24,000300.SH,3711.5403,3748.8567,3701.5717,3723.4293,3696.6339,26.7954,0.7249,0.007222449662964919,119614521.0,196257391.084,TuShare index_daily
2023-08-25,000300.SH,3703.5136,3734.2185,3695.8442,3709.1517,3723.4293,-14.2776,-0.3835,-0.0038419002932303134,105182610.0,175601437.173,TuShare index_daily
2023-08-28,000300.SH,3911.5485,3911.5485,3740.5279,3752.6194,3709.1517,43.4677,1.1719,0.011650904623430016,197990379.0,335047670.967,TuShare index_daily
2023-08-29,000300.SH,3743.0534,3810.3772,3742.0758,3790.1067,3752.6194,37.4873,0.999,0.009940068925598318,152486146.0,262134936.751,TuShare index_daily
2023-08-30,000300.SH,3803.1191,3813.7032,3780.2411,3788.5097,3790.1067,-1.597,-0.0421,-0.0004214489662355312,129671661.0,226727480.839,TuShare index_daily
2023-08-31,000300.SH,3786.9261,3793.9972,3762.0046,3765.2678,3788.5097,-23.2419,-0.6135,-0.006153735225727366,118961646.0,193577001.342,TuShare index_daily
2023-09-01,000300.SH,3778.9129,3808.5306,3778.9129,3791.4912,3765.2678,26.2234,0.6965,0.006940410634633973,105319045.0,172219141.586,TuShare index_daily
2023-09-04,000300.SH,3812.9873,3854.2605,3804.5886,3848.9517,3791.4912,57.4605,1.5155,0.015041427333904046,142385201.0,237934727.924,TuShare index_daily
2023-09-05,000300.SH,3839.5779,3839.5779,3814.3338,3820.3174,3848.9517,-28.6343,-0.744,-0.0074673173369024385,104052333.0,181377877.955,TuShare index_daily
2023-09-06,000300.SH,3808.1,3817.5239,3790.8949,3812.0283,3820.3174,-8.2891,-0.217,-0.0021720984831716575,93442393.0,166081524.007,TuShare index_daily
2023-09-07,000300.SH,3802.2272,3802.2272,3756.853,3758.4748,3812.0283,-53.5535,-1.4049,-0.014148172878386153,95103903.0,164405748.828,TuShare index_daily
2023-09-08,000300.SH,3747.6509,3753.263,3724.987,3739.9927,3758.4748,-18.4821,-0.4917,-0.004929577257583552,71638166.0,129197657.303,TuShare index_daily
2023-09-11,000300.SH,3740.5846,3788.3219,3734.7228,3767.537,3739.9927,27.5443,0.7365,0.007337812753509666,105358016.0,186871759.441,TuShare index_daily
2023-09-12,000300.SH,3764.3331,3775.093,3755.4162,3760.6048,3767.537,-6.9322,-0.184,-0.001841676775899936,79385378.0,140117510.233,TuShare index_daily
2023-09-13,000300.SH,3759.6091,3768.8162,3719.1114,3736.6513,3760.6048,-23.9535,-0.637,-0.006389959522627915,81576901.0,138238089.913,TuShare index_daily
2023-09-14,000300.SH,3736.9355,3748.8177,3717.3107,3733.5077,3736.6513,-3.1436,-0.0841,-0.0008416421084389641,100386075.0,151578100.464,TuShare index_daily
2023-09-15,000300.SH,3740.7853,3749.0247,3699.3806,3708.7766,3733.5077,-24.7311,-0.6624,-0.0066461290744070055,109395689.0,180398970.938,TuShare index_daily
2023-09-18,000300.SH,3698.9344,3737.5306,3691.1107,3727.711,3708.7766,18.9344,0.5105,0.0050923075341599,86727741.0,156966973.911,TuShare index_daily
2023-09-19,000300.SH,3723.4244,3724.0717,3702.6934,3720.5021,3727.711,-7.2089,-0.1934,-0.0019357400638905927,83199038.0,135216895.229,TuShare index_daily
2023-09-20,000300.SH,3715.9578,3718.5207,3705.1274,3705.6898,3720.5021,-14.8123,-0.3981,-0.003989210040026667,75448209.0,117691805.957,TuShare index_daily
2023-09-21,000300.SH,3698.313,3708.4557,3672.4448,3672.4448,3705.6898,-33.245,-0.8971,-0.00901182393540573,83031005.0,135011796.555,TuShare index_daily
2023-09-22,000300.SH,3672.6402,3740.4183,3664.7661,3738.9327,3672.4448,66.4879,1.8105,0.01794259804803621,110231166.0,192236467.363,TuShare index_daily
2023-09-25,000300.SH,3738.0622,3738.0622,3711.2049,3714.6037,3738.9327,-24.329,-0.6507,-0.006528199527715004,92596479.0,155793827.362,TuShare index_daily
2023-09-26,000300.SH,3711.7106,3723.8481,3692.6172,3692.8928,3714.6037,-21.7109,-0.5845,-0.005861889281666779,78044525.0,137808437.775,TuShare index_daily
2023-09-27,000300.SH,3694.9607,3731.1405,3694.3938,3700.495,3692.8928,7.6022,0.2059,0.002056486927205133,91629210.0,164790435.266,TuShare index_daily
2023-09-28,000300.SH,3711.2117,3716.0569,3685.3001,3689.5172,3700.495,-10.9778,-0.2967,-0.0029709851019892155,85221719.0,153500421.344,TuShare index_daily
2023-10-09,000300.SH,3678.929,3694.1713,3641.9966,3684.7272,3689.5172,-4.79,-0.1298,-0.001299116333512036,102148058.0,178072374.748,TuShare index_daily
2023-10-10,000300.SH,3696.2542,3701.2562,3655.589,3657.1259,3684.7272,-27.6013,-0.7491,-0.00751892734950509,99163730.0,161938958.925,TuShare index_daily
2023-10-11,000300.SH,3674.7514,3689.5347,3658.355,3667.5483,3657.1259,10.4224,0.285,0.0028458349817270063,102091587.0,187667554.127,TuShare index_daily
2023-10-12,000300.SH,3697.9337,3711.4985,3682.8418,3702.3824,3667.5483,34.8341,0.9498,0.009453103650197869,114363225.0,194598219.817,TuShare index_daily
2023-10-13,000300.SH,3677.9585,3678.1913,3652.3094,3663.4104,3702.3824,-38.972,-1.0526,-0.010581987499846852,98287987.0,170152309.003,TuShare index_daily
2023-10-16,000300.SH,3664.039,3664.039,3615.7686,3626.5972,3663.4104,-36.8132,-1.0049,-0.01009971866830757,91853118.0,159537973.598,TuShare index_daily
2023-10-17,000300.SH,3635.2994,3645.5654,3619.1277,3639.4018,3626.5972,12.8046,0.3531,0.0035245293194285997,90745188.0,147056233.347,TuShare index_daily
2023-10-18,000300.SH,3631.0671,3632.0579,3608.9768,3610.5767,3639.4018,-28.8251,-0.792,-0.007951817205375517,94545879.0,158982356.667,TuShare index_daily
2023-10-19,000300.SH,3588.5154,3588.5154,3532.3059,3533.5445,3610.5767,-77.0322,-2.1335,-0.021566035463477812,111737520.0,189194781.844,TuShare index_daily
2023-10-20,000300.SH,3518.3464,3535.6623,3501.725,3510.5889,3533.5445,-22.9556,-0.6496,-0.006517673632614436,98518605.0,169591289.145,TuShare index_daily
2023-10-23,000300.SH,3500.199,3505.3468,3450.6456,3474.2438,3510.5889,-36.3451,-1.0353,-0.010406957357291196,96561652.0,152054894.179,TuShare index_daily
2023-10-24,000300.SH,3481.7644,3495.0039,3453.1016,3487.1302,3474.2438,12.8864,0.3709,0.003702261857848989,115547289.0,186529203.442,TuShare index_daily
2023-10-25,000300.SH,3524.2965,3531.8314,3500.9154,3504.4576,3487.1302,17.3274,0.4969,0.004956652471855501,128009617.0,203691741.119,TuShare index_daily
2023-10-26,000300.SH,3484.7807,3515.5716,3478.0503,3514.1448,3504.4576,9.6872,0.2764,0.0027604373632512803,105143566.0,176088467.226,TuShare index_daily
2023-10-27,000300.SH,3501.171,3576.5861,3494.5488,3562.3851,3514.1448,48.2403,1.3727,0.013634096924963092,120225108.0,224301960.437,TuShare index_daily
2023-10-30,000300.SH,3554.1055,3592.7188,3554.0238,3583.7718,3562.3851,21.3867,0.6003,0.005985528767481468,144010426.0,242973328.094,TuShare index_daily
2023-10-31,000300.SH,3581.6759,3581.6759,3554.5822,3572.5056,3583.7718,-11.2662,-0.3144,-0.003148622860146272,112587267.0,196317658.324,TuShare index_daily
2023-11-01,000300.SH,3605.7576,3606.4126,3564.6421,3571.0268,3572.5056,-1.4788,-0.0414,-0.0004140248656600958,97645538.0,182943566.435,TuShare index_daily
2023-11-02,000300.SH,3580.0672,3597.1699,3553.7406,3554.1889,3571.0268,-16.8379,-0.4715,-0.004726293786034514,90359643.0,149465055.434,TuShare index_daily
2023-11-03,000300.SH,3558.5303,3596.101,3558.5303,3584.1364,3554.1889,29.9475,0.8426,0.008390672725506256,97542101.0,165865989.2,TuShare index_daily
2023-11-06,000300.SH,3608.3187,3635.7897,3600.6304,3632.6084,3584.1364,48.472,1.3524,0.01343340529964992,152982463.0,254465948.11,TuShare index_daily
2023-11-07,000300.SH,3623.7849,3628.4615,3606.2975,3619.7593,3632.6084,-12.8491,-0.3537,-0.003543425809558976,110288591.0,190433605.311,TuShare index_daily
2023-11-08,000300.SH,3610.6434,3627.0479,3591.8248,3611.0723,3619.7593,-8.687,-0.24,-0.002402767664892778,110594230.0,192594372.353,TuShare index_daily
2023-11-09,000300.SH,3603.1082,3624.4141,3601.3744,3612.8263,3611.0723,1.754,0.0486,0.00048561036957762407,111872057.0,189355228.592,TuShare index_daily
2023-11-10,000300.SH,3596.0688,3599.4519,3576.1011,3586.4893,3612.8263,-26.337,-0.729,-0.007316561449093594,102107034.0,166924677.328,TuShare index_daily
2023-11-13,000300.SH,3593.9109,3599.3897,3562.7682,3579.4141,3586.4893,-7.0752,-0.1973,-0.001974685368791237,96707649.0,164821249.625,TuShare index_daily
2023-11-14,000300.SH,3581.1034,3600.1483,3568.882,3582.0584,3579.4141,2.6443,0.0739,0.0007384794454416723,100884158.0,165935163.426,TuShare index_daily
2023-11-15,000300.SH,3616.8765,3620.6007,3596.9158,3607.2454,3582.0584,25.187,0.7031,0.007006826738225458,104929218.0,188932150.501,TuShare index_daily
2023-11-16,000300.SH,3600.9813,3605.2898,3572.3636,3572.3641,3607.2454,-34.8813,-0.967,-0.009716844474267466,87464780.0,146629217.158,TuShare index_daily
2023-11-17,000300.SH,3561.3112,3573.6819,3547.0287,3568.0685,3572.3641,-4.2956,-0.1202,-0.0012031765465315332,87319207.0,139621898.705,TuShare index_daily
2023-11-20,000300.SH,3569.7314,3586.9731,3545.1038,3576.3233,3568.0685,8.2548,0.2314,0.0023108485381220117,91080445.0,157449634.694,TuShare index_daily
2023-11-21,000300.SH,3587.8779,3615.0569,3575.682,3581.0674,3576.3233,4.7441,0.1327,0.001325650895305748,108594314.0,175922105.93,TuShare index_daily
2023-11-22,000300.SH,3569.4389,3574.3782,3544.4162,3544.4162,3581.0674,-36.6512,-1.0235,-0.010287448626604224,84784381.0,136041195.539,TuShare index_daily
2023-11-23,000300.SH,3541.4416,3562.0675,3529.939,3561.5204,3544.4162,17.1042,0.4826,0.004814068572702551,84800167.0,141499811.491,TuShare index_daily
2023-11-24,000300.SH,3560.6462,3560.6462,3533.9955,3538.0087,3561.5204,-23.5117,-0.6602,-0.006623477592530993,85018403.0,140101998.555,TuShare index_daily
2023-11-27,000300.SH,3534.4445,3534.4445,3492.8623,3511.9424,3538.0087,-26.0663,-0.7368,-0.007394780023751533,99102314.0,155975437.036,TuShare index_daily
2023-11-28,000300.SH,3510.6554,3521.0463,3501.1093,3518.5232,3511.9424,6.5808,0.1874,0.0018720813944303417,89335789.0,147740535.862,TuShare index_daily
2023-11-29,000300.SH,3518.8836,3519.198,3482.2444,3488.3073,3518.5232,-30.2159,-0.8588,-0.008624751891447943,98841412.0,155948235.976,TuShare index_daily
2023-11-30,000300.SH,3485.5171,3505.1273,3481.4515,3496.2028,3488.3073,7.8955,0.2263,0.0022608610339468075,101350820.0,153790180.653,TuShare index_daily
2023-12-01,000300.SH,3494.2234,3494.2234,3452.1728,3482.8813,3496.2028,-13.3215,-0.381,-0.0038175542772575606,108530941.0,176078323.469,TuShare index_daily
2023-12-04,000300.SH,3481.0449,3488.133,3459.611,3460.138,3482.8813,-22.7433,-0.653,-0.006551438319548501,97156826.0,164664395.293,TuShare index_daily
2023-12-05,000300.SH,3450.0898,3450.0898,3393.8139,3394.2571,3460.138,-65.8809,-1.904,-0.019223557398418245,100472007.0,164840691.112,TuShare index_daily
2023-12-06,000300.SH,3387.8798,3420.2773,3382.9457,3399.598,3394.2571,5.3409,0.1574,0.0015722740687378373,105805519.0,172142987.725,TuShare index_daily
2023-12-07,000300.SH,3394.3064,3404.4074,3369.7675,3391.2823,3399.598,-8.3157,-0.2446,-0.002449079880397321,97713248.0,160949948.197,TuShare index_daily
2023-12-08,000300.SH,3391.8585,3409.3845,3383.4479,3399.4618,3391.2823,8.1795,0.2412,0.0024090155173751376,129522054.0,203034222.561,TuShare index_daily
2023-12-11,000300.SH,3378.0517,3426.6106,3346.8902,3419.4548,3399.4618,19.993,0.5881,0.005863998187248521,139626249.0,219761181.423,TuShare index_daily
2023-12-12,000300.SH,3409.9976,3427.5456,3406.1013,3426.803,3419.4548,7.3482,0.2149,0.0021466333978044914,105590013.0,166979964.78,TuShare index_daily
2023-12-13,000300.SH,3418.6413,3418.6413,3369.605,3369.605,3426.803,-57.198,-1.6691,-0.01683222974761668,95285367.0,165455928.376,TuShare index_daily
2023-12-14,000300.SH,3387.3847,3399.1394,3350.7648,3351.9639,3369.605,-17.6411,-0.5235,-0.005249113939963294,83655135.0,150245775.736,TuShare index_daily
2023-12-15,000300.SH,3365.9388,3388.5047,3339.519,3341.5517,3351.9639,-10.4122,-0.3106,-0.003111132929438227,97787783.0,164907019.372,TuShare index_daily
2023-12-18,000300.SH,3329.191,3352.3458,3314.9095,3329.3657,3341.5517,-12.186,-0.3647,-0.0036534745745062168,90526826.0,142303319.419,TuShare index_daily
2023-12-19,000300.SH,3325.6596,3345.7795,3313.1874,3334.0412,3329.3657,4.6755,0.1404,0.0014033364125818817,83808118.0,135293655.396,TuShare index_daily
2023-12-20,000300.SH,3334.332,3338.5434,3297.3652,3297.5022,3334.0412,-36.539,-1.0959,-0.011019868999532874,92412868.0,141290542.802,TuShare index_daily
2023-12-21,000300.SH,3285.6049,3339.3552,3283.9883,3330.8698,3297.5022,33.3676,1.0119,0.01006819830524892,102546198.0,171120780.58,TuShare index_daily
2023-12-22,000300.SH,3329.4668,3359.0601,3315.8976,3337.2281,3330.8698,6.3583,0.1909,0.0019070811564037447,105220133.0,167336342.309,TuShare index_daily
2023-12-25,000300.SH,3330.3333,3348.882,3330.3333,3347.4508,3337.2281,10.2227,0.3063,0.003058548696843727,74542693.0,121838327.071,TuShare index_daily
2023-12-26,000300.SH,3345.3952,3345.4171,3315.937,3324.7902,3347.4508,-22.6606,-0.677,-0.006792526566996367,74732935.0,121689997.435,TuShare index_daily
2023-12-27,000300.SH,3326.9267,3341.2659,3309.6731,3336.3572,3324.7902,11.567,0.3479,0.0034729787322696913,94403928.0,140924923.675,TuShare index_daily
2023-12-28,000300.SH,3335.5572,3423.4018,3331.2082,3414.5403,3336.3572,78.1831,2.3434,0.0231633188509078,148064851.0,245855634.464,TuShare index_daily
2023-12-29,000300.SH,3411.1094,3432.5412,3409.5795,3431.1099,3414.5403,16.5696,0.4853,0.004840922885131526,114928932.0,193573180.515,TuShare index_daily
2024-01-02,000300.SH,3426.2684,3426.2684,3386.3522,3386.3522,3431.1099,-44.7577,-1.3045,-0.013130500000731902,116180726.0,184096097.449,TuShare index_daily
2024-01-03,000300.SH,3379.7501,3392.8504,3362.6617,3378.2971,3386.3522,-8.0551,-0.2379,-0.0023815288716185186,105613851.0,165099018.643,TuShare index_daily
2024-01-04,000300.SH,3375.0207,3375.0207,3323.8647,3347.0519,3378.2971,-31.2452,-0.9249,-0.009291837436039434,106721013.0,165512262.699,TuShare index_daily
2024-01-05,000300.SH,3341.3061,3372.5444,3313.5542,3329.1114,3347.0519,-17.9405,-0.536,-0.005374506997078489,126400574.0,182251664.948,TuShare index_daily
2024-01-08,000300.SH,3322.6051,3333.516,3283.3421,3286.0564,3329.1114,-43.055,-1.2933,-0.013017238342875813,117429485.0,170761644.873,TuShare index_daily
2024-01-09,000300.SH,3286.7083,3304.6008,3273.8431,3292.4994,3286.0564,6.443,0.1961,0.0019587892102615333,109330465.0,172276323.045,TuShare index_daily
2024-01-10,000300.SH,3281.6692,3312.9161,3268.2471,3277.129,3292.4994,-15.3704,-0.4668,-0.00467923818793512,94199366.0,159777649.838,TuShare index_daily
2024-01-11,000300.SH,3275.3086,3311.1137,3266.7911,3295.6717,3277.129,18.5427,0.5658,0.005642267288734283,108789735.0,180978533.6,TuShare index_daily
2024-01-12,000300.SH,3284.358,3310.4704,3279.6987,3284.1667,3295.6717,-11.505,-0.3491,-0.003497049935115232,96853555.0,156536022.3,TuShare index_daily
2024-01-15,000300.SH,3270.1029,3306.9217,3261.2687,3280.9195,3284.1667,-3.2472,-0.0989,-0.0009892330933307953,88851530.0,144331722.4,TuShare index_daily
2024-01-16,000300.SH,3272.571,3300.8762,3260.4362,3300.8762,3280.9195,19.9567,0.6083,0.006064229905750575,113276665.0,175650587.5,TuShare index_daily
2024-01-17,000300.SH,3291.1392,3291.1392,3229.082,3229.082,3300.8762,-71.7942,-2.175,-0.021990062068256426,108769728.0,173516385.2,TuShare index_daily
2024-01-18,000300.SH,3214.2844,3279.2538,3171.6329,3274.7286,3229.082,45.6466,1.4136,0.014037109111496884,174909168.0,256784536.8,TuShare index_daily
2024-01-19,000300.SH,3261.2393,3286.9415,3251.8136,3269.7763,3274.7286,-4.9523,-0.1512,-0.0015134226411072569,118501408.0,191261807.1,TuShare index_daily
2024-01-22,000300.SH,3262.4685,3281.4205,3193.1776,3218.9016,3269.7763,-50.8747,-1.5559,-0.015681389433262163,148705628.0,225510031.8,TuShare index_daily
2024-01-23,000300.SH,3208.4316,3249.5306,3188.1259,3231.9329,3218.9016,13.0313,0.4048,0.004040195954808554,122012000.0,193791168.6,TuShare index_daily
2024-01-24,000300.SH,3245.9592,3281.4892,3190.4674,3277.1089,3231.9329,45.176,1.3978,0.013881221474081462,154371954.0,219036341.6,TuShare index_daily
2024-01-25,000300.SH,3274.3391,3344.2426,3269.7943,3342.9189,3277.1089,65.81,2.0082,0.019882746717866898,196833614.0,265521115.0,TuShare index_daily
2024-01-26,000300.SH,3326.6465,3351.9692,3315.1265,3333.8213,3342.9189,-9.0976,-0.2721,-0.002725163884702412,180664005.0,238144899.5,TuShare index_daily
2024-01-29,000300.SH,3335.3936,3351.3715,3303.9604,3303.9604,3333.8213,-29.8609,-0.8957,-0.00899731349721521,184164795.0,244698013.6,TuShare index_daily
2024-01-30,000300.SH,3283.8977,3300.204,3244.9719,3245.0387,3303.9604,-58.9217,-1.7834,-0.01799459398974998,143649350.0,199592929.912,TuShare index_daily
2024-01-31,000300.SH,3231.5425,3252.1475,3201.9264,3215.3518,3245.0387,-29.6869,-0.9148,-0.009190499849532225,153143469.0,215333349.921,TuShare index_daily
2024-02-01,000300.SH,3202.2564,3251.7582,3191.8968,3217.7109,3215.3518,2.3591,0.0734,0.0007334298500620088,145516792.0,203815063.233,TuShare index_daily
2024-02-02,000300.SH,3219.8734,3235.4079,3108.3515,3179.6276,3217.7109,-38.0833,-1.1836,-0.011906123109234383,173758089.0,234495151.557,TuShare index_daily
2024-02-05,000300.SH,3164.25,3233.8485,3111.5184,3200.4218,3179.6276,20.7942,0.654,0.006518530602880647,203042970.0,279713141.507,TuShare index_daily
2024-02-06,000300.SH,3185.2498,3314.512,3182.8216,3311.6922,3200.4218,111.2704,3.4767,0.034176683802523346,202713099.0,285042020.946,TuShare index_daily
2024-02-07,000300.SH,3314.0306,3343.6303,3289.6704,3343.6303,3311.6922,31.9381,0.9644,0.009597835468869923,216647933.0,297997664.575,TuShare index_daily
2024-02-08,000300.SH,3351.4052,3367.2101,3336.9779,3364.9297,3343.6303,21.2994,0.637,0.006349938457429425,189977578.0,270239765.211,TuShare index_daily
2024-02-19,000300.SH,3393.1916,3403.8078,3364.1418,3403.8078,3364.9297,38.8781,1.1554,0.011487674784309955,183319800.0,267674145.147,TuShare index_daily
2024-02-20,000300.SH,3395.1916,3415.8943,3380.103,3410.8542,3403.8078,7.0464,0.207,0.0020680123273212306,140734581.0,218459281.946,TuShare index_daily
2024-02-21,000300.SH,3390.3619,3500.1338,3383.6911,3456.8713,3410.8542,46.0171,1.3491,0.013401172975739459,188879362.0,291823544.608,TuShare index_daily
2024-02-22,000300.SH,3450.3518,3486.6826,3448.4135,3486.6747,3456.8713,29.8034,0.8621,0.00858454254593906,141020784.0,225098128.873,TuShare index_daily
2024-02-23,000300.SH,3491.3367,3507.5592,3472.968,3489.7416,3486.6747,3.0669,0.088,0.0008792193773087833,144821273.0,232926057.114,TuShare index_daily
2024-02-26,000300.SH,3485.5427,3492.6061,3445.3889,3453.3585,3489.7416,-36.3831,-1.0426,-0.010480457577157869,151248331.0,238951637.715,TuShare index_daily
2024-02-27,000300.SH,3440.0516,3494.7874,3437.4422,3494.7874,3453.3585,41.4289,1.1997,0.011925308297313279,139528246.0,244488721.251,TuShare index_daily
2024-02-28,000300.SH,3499.8257,3521.6574,3450.2598,3450.2598,3494.7874,-44.5276,-1.2741,-0.012823011522909118,189837548.0,328300591.256,TuShare index_daily
2024-02-29,000300.SH,3437.8984,3516.0826,3437.8984,3516.0826,3450.2598,65.8228,1.9078,0.01889793959635261,155944532.0,281971899.288,TuShare index_daily
2024-03-01,000300.SH,3515.0587,3544.3595,3503.459,3537.8038,3516.0826,21.7212,0.6178,0.00615866698833239,162709570.0,288575619.225,TuShare index_daily
2024-03-04,000300.SH,3538.366,3548.6901,3519.7599,3540.8686,3537.8038,3.0648,0.0866,0.0008659251391561114,163244613.0,297719931.809,TuShare index_daily
2024-03-05,000300.SH,3524.9644,3570.6935,3519.0816,3565.5143,3540.8686,24.6457,0.696,0.0069362428561649415,166422389.0,299895929.709,TuShare index_daily
2024-03-06,000300.SH,3556.5323,3577.3883,3545.1013,3551.0481,3565.5143,-14.4662,-0.4057,-0.004065507786512169,143076613.0,248294165.707,TuShare index_daily
2024-03-07,000300.SH,3548.1007,3569.9185,3522.8964,3529.7195,3551.0481,-21.3286,-0.6006,-0.006024393317779147,148110510.0,251839533.036,TuShare index_daily
2024-03-08,000300.SH,3529.5509,3548.5055,3511.577,3544.9099,3529.7195,15.1904,0.4304,0.004294337550533564,125792664.0,225379101.014,TuShare index_daily
2024-03-11,000300.SH,3545.9427,3589.2635,3542.2789,3589.2635,3544.9099,44.3536,1.2512,0.012434284667935624,148202825.0,286418582.155,TuShare index_daily
2024-03-12,000300.SH,3592.5826,3605.6976,3574.2117,3597.4939,3589.2635,8.2304,0.2293,0.002290435905940713,180685560.0,339997042.337,TuShare index_daily
2024-03-13,000300.SH,3594.4211,3594.4211,3563.3685,3572.361,3597.4939,-25.1329,-0.6986,-0.007010742418553548,144590590.0,266898756.38,TuShare index_daily
2024-03-14,000300.SH,3571.7885,3597.46,3545.612,3562.2229,3572.361,-10.1381,-0.2838,-0.0028419616240185283,140962722.0,263803609.335,TuShare index_daily
2024-03-15,000300.SH,3554.9068,3572.8091,3533.6798,3569.993,3562.2229,7.7701,0.2181,0.0021788748918951115,138316044.0,243991558.366,TuShare index_daily
2024-03-18,000300.SH,3577.0564,3604.0519,3573.404,3603.528,3569.993,33.535,0.9394,0.009349730570252965,160379438.0,295314840.611,TuShare index_daily
2024-03-19,000300.SH,3593.3396,3610.7389,3577.188,3577.6303,3603.528,-25.8977,-0.7187,-0.0072127117079038095,145571786.0,259553448.413,TuShare index_daily
2024-03-20,000300.SH,3568.7158,3589.5456,3568.4341,3585.3838,3577.6303,7.7535,0.2167,0.0021648716364173998,129528966.0,223752103.886,TuShare index_daily
2024-03-21,000300.SH,3593.07,3601.1145,3575.0331,3581.0902,3585.3838,-4.2936,-0.1198,-0.0011982463101735089,130743377.0,233162492.63,TuShare index_daily
2024-03-22,000300.SH,3571.2736,3575.7171,3522.8404,3545.0023,3581.0902,-36.0879,-1.0077,-0.010128470408895992,139227358.0,248850931.022,TuShare index_daily
2024-03-25,000300.SH,3536.7136,3564.9604,3525.7634,3525.7634,3545.0023,-19.2389,-0.5427,-0.005441828592219171,137015724.0,233747256.235,TuShare index_daily
2024-03-26,000300.SH,3526.6818,3547.6461,3518.6018,3543.7467,3525.7634,17.9833,0.5101,0.005087577083770784,126209535.0,226730734.844,TuShare index_daily
2024-03-27,000300.SH,3538.7244,3542.9624,3502.7866,3502.7866,3543.7467,-40.9601,-1.1558,-0.011625734128965096,128626763.0,216404726.566,TuShare index_daily
2024-03-28,000300.SH,3498.482,3551.2143,3489.3861,3520.9648,3502.7866,18.1782,0.519,0.005176219815450503,143334717.0,232530806.335,TuShare index_daily
2024-03-29,000300.SH,3516.883,3538.2378,3516.883,3537.4843,3520.9648,16.5195,0.4692,0.004680781833917402,128643290.0,201749384.357,TuShare index_daily
2024-04-01,000300.SH,3551.5815,3600.9193,3551.5815,3595.6466,3537.4843,58.1623,1.6442,0.016308011120952714,162776561.0,251637272.845,TuShare index_daily
2024-04-02,000300.SH,3593.2206,3596.1903,3568.7539,3580.6759,3595.6466,-14.9707,-0.4164,-0.0041722544428915275,141272972.0,220207515.543,TuShare index_daily
2024-04-03,000300.SH,3578.6835,3582.4324,3558.874,3567.8031,3580.6759,-12.8728,-0.3595,-0.003601553257586781,135592331.0,214222897.58,TuShare index_daily
2024-04-08,000300.SH,3553.5554,3567.82,3535.7688,3536.4077,3567.8031,-31.3954,-0.88,-0.008838590314792913,155304283.0,243249251.687,TuShare index_daily
2024-04-09,000300.SH,3533.3849,3543.7141,3518.8601,3533.4871,3536.4077,-2.9206,-0.0826,-0.0008262075317269229,129670942.0,195893525.575,TuShare index_daily
2024-04-10,000300.SH,3528.9679,3531.2295,3490.0525,3504.7086,3533.4871,-28.7785,-0.8145,-0.008177851714302322,128790274.0,199754768.626,TuShare index_daily
2024-04-11,000300.SH,3485.0294,3520.5893,3484.9252,3504.2447,3504.7086,-0.4639,-0.0132,-0.00013237354589799467,126534395.0,200293481.886,TuShare index_daily
2024-04-12,000300.SH,3505.7499,3516.6988,3470.0611,3475.8389,3504.2447,-28.4058,-0.8106,-0.008139145156742146,128921116.0,208566204.703,TuShare index_daily
2024-04-15,000300.SH,3473.5047,3552.4125,3473.5047,3549.0759,3475.8389,73.237,2.107,0.02085139978770184,183941250.0,267472484.531,TuShare index_daily
2024-04-16,000300.SH,3533.3636,3545.5034,3503.6158,3511.1146,3549.0759,-37.9613,-1.0696,-0.010753722814637892,176153065.0,253315972.272,TuShare index_daily
2024-04-17,000300.SH,3509.1318,3565.9389,3498.0324,3565.403,3511.1146,54.2884,1.5462,0.015343554028548092,168466398.0,244987812.753,TuShare index_daily
2024-04-18,000300.SH,3550.5562,3602.7902,3547.5996,3569.8018,3565.403,4.3988,0.1234,0.0012329850874846476,178574105.0,261329927.268,TuShare index_daily
2024-04-19,000300.SH,3550.6087,3560.9492,3529.3237,3541.6619,3569.8018,-28.1399,-0.7883,-0.007913995783959946,147281505.0,226229520.121,TuShare index_daily
2024-04-22,000300.SH,3536.1844,3558.1642,3528.0186,3530.9045,3541.6619,-10.7574,-0.3037,-0.0030420098411770608,150579042.0,229511183.118,TuShare index_daily
2024-04-23,000300.SH,3525.6681,3533.7584,3499.9838,3506.2249,3530.9045,-24.6796,-0.699,-0.007014138799965217,143113504.0,213257232.211,TuShare index_daily
2024-04-24,000300.SH,3514.0108,3524.537,3495.6494,3521.6219,3506.2249,15.397,0.4391,0.004381718916951932,121739851.0,195299919.746,TuShare index_daily
2024-04-25,000300.SH,3510.6396,3543.9699,3505.1999,3530.2813,3521.6219,8.6594,0.2459,0.0024559056206020905,115187722.0,184524622.001,TuShare index_daily
2024-04-26,000300.SH,3531.9647,3588.4003,3531.9647,3584.2686,3530.2813,53.9873,1.5293,0.015176880345412834,197216133.0,308045062.251,TuShare index_daily
2024-04-29,000300.SH,3584.5427,3645.8229,3578.7597,3623.9124,3584.2686,39.6438,1.106,0.010999779202213969,222721381.0,358709708.838,TuShare index_daily
2024-04-30,000300.SH,3619.2586,3630.7092,3604.3943,3604.3943,3623.9124,-19.5181,-0.5386,-0.005400475726166257,191296899.0,286674161.758,TuShare index_daily
2024-05-06,000300.SH,3654.0485,3668.2565,3645.738,3657.8767,3604.3943,53.4824,1.4838,0.01472910247991278,208018007.0,333270472.13,TuShare index_daily
2024-05-07,000300.SH,3657.0007,3665.684,3648.376,3659.0076,3657.8767,1.1309,0.0309,0.0003091206482533993,164834286.0,247368347.983,TuShare index_daily
2024-05-08,000300.SH,3650.7484,3650.9355,3628.6984,3630.2233,3659.0076,-28.7843,-0.7867,-0.007897801568855183,130035336.0,199923460.35,TuShare index_daily
2024-05-09,000300.SH,3630.4142,3669.7593,3630.4142,3664.561,3630.2233,34.3377,0.9459,0.009414384908953369,146559017.0,232694927.941,TuShare index_daily
2024-05-10,000300.SH,3669.0869,3674.6088,3641.7639,3666.2771,3664.561,1.7161,0.0468,0.0004681865860184892,150720536.0,233730562.075,TuShare index_daily
2024-05-13,000300.SH,3646.3491,3673.6211,3634.6049,3664.6907,3666.2771,-1.5864,-0.0433,-0.00043279415980033276,157267455.0,249688465.073,TuShare index_daily
2024-05-14,000300.SH,3668.2254,3675.776,3646.7092,3657.0454,3664.6907,-7.6453,-0.2086,-0.0020883852338393584,133406490.0,214643548.214,TuShare index_daily
2024-05-15,000300.SH,3651.0536,3656.5277,3624.002,3626.0559,3657.0454,-30.9895,-0.8474,-0.008510024986955377,123522764.0,191480969.435,TuShare index_daily
2024-05-16,000300.SH,3636.6007,3657.4831,3626.334,3640.3592,3626.0559,14.3033,0.3945,0.003936829447977233,154630503.0,240288953.464,TuShare index_daily
2024-05-17,000300.SH,3638.5613,3677.9696,3627.447,3677.9696,3640.3592,37.6104,1.0332,0.010278502687711856,164570417.0,247729525.192,TuShare index_daily
2024-05-20,000300.SH,3682.0615,3703.0287,3677.4426,3690.9623,3677.9696,12.9927,0.3533,0.0035263491751993527,184609423.0,279971341.52,TuShare index_daily
2024-05-21,000300.SH,3682.2868,3684.6106,3665.1524,3676.1611,3690.9623,-14.8012,-0.401,-0.00401818161882359,130678283.0,196575354.878,TuShare index_daily
2024-05-22,000300.SH,3675.6471,3691.8804,3667.0885,3684.451,3676.1611,8.2899,0.2255,0.0022525038386657214,151914605.0,230839373.505,TuShare index_daily
2024-05-23,000300.SH,3672.8403,3674.3654,3633.5051,3641.7917,3684.451,-42.6593,-1.1578,-0.01164574636115049,142572990.0,214205039.031,TuShare index_daily
2024-05-24,000300.SH,3630.827,3650.8734,3599.6678,3601.4754,3641.7917,-40.3163,-1.107,-0.011132190983596793,124791177.0,195344742.156,TuShare index_daily
2024-05-27,000300.SH,3606.645,3638.1514,3603.7131,3635.7079,3601.4754,34.2325,0.9505,0.009460242717951572,131272644.0,206143742.536,TuShare index_daily
2024-05-28,000300.SH,3633.2535,3638.9703,3605.9213,3609.1724,3635.7079,-26.5355,-0.7299,-0.007325343569654487,123532238.0,184381267.979,TuShare index_daily
2024-05-29,000300.SH,3609.0708,3633.1971,3602.8198,3613.5223,3609.1724,4.3499,0.1205,0.0012045090389653562,115906321.0,179072813.278,TuShare index_daily
2024-05-30,000300.SH,3607.0522,3624.0352,3586.7543,3594.3121,3613.5223,-19.2102,-0.5316,-0.005330379256448552,122602995.0,193069647.051,TuShare index_daily
2024-05-31,000300.SH,3599.8196,3614.6439,3579.9247,3579.9247,3594.3121,-14.3874,-0.4003,-0.00401085709562117,112462019.0,180707602.932,TuShare index_daily
2024-06-03,000300.SH,3577.3798,3600.6044,3567.8713,3588.7483,3579.9247,8.8236,0.2465,0.0024617120786335107,141054591.0,222756928.174,TuShare index_daily
2024-06-04,000300.SH,3583.8104,3622.5012,3580.2771,3615.6714,3588.7483,26.9231,0.7502,0.007474085756360476,124545096.0,195790966.234,TuShare index_daily
2024-06-05,000300.SH,3610.3601,3623.3232,3594.1056,3594.7936,3615.6714,-20.8778,-0.5774,-0.005790988055739421,110906766.0,182639598.875,TuShare index_daily
2024-06-06,000300.SH,3602.1554,3625.0109,3584.171,3592.2454,3594.7936,-2.5482,-0.0709,-0.0007091098592278275,137893517.0,226764072.639,TuShare index_daily
2024-06-07,000300.SH,3594.6335,3603.0698,3552.0853,3574.1143,3592.2454,-18.1311,-0.5047,-0.0050600693923201785,131103026.0,213001530.098,TuShare index_daily
2024-06-11,000300.SH,3555.8186,3565.3113,3525.8945,3542.8771,3574.1143,-31.2372,-0.874,-0.008778260035281154,134522306.0,219282337.214,TuShare index_daily
2024-06-12,000300.SH,3539.0947,3551.1706,3531.5657,3544.1225,3542.8771,1.2454,0.0352,0.00035146044394283323,122813729.0,200722600.631,TuShare index_daily
2024-06-13,000300.SH,3548.2162,3551.0771,3520.1802,3526.1306,3544.1225,-17.9919,-0.5077,-0.005089475180636833,123245462.0,214792338.449,TuShare index_daily
2024-06-14,000300.SH,3514.7998,3547.1473,3503.5233,3541.5331,3526.1306,15.4025,0.4368,0.004358590062463737,171516942.0,283768816.845,TuShare index_daily
2024-06-17,000300.SH,3521.4365,3540.7932,3520.7381,3536.1986,3541.5331,-5.3345,-0.1506,-0.001507404133478877,137433438.0,232293851.894,TuShare index_daily
2024-06-18,000300.SH,3533.4875,3551.7085,3532.7845,3545.5902,3536.1986,9.3916,0.2656,0.002652325781218718,123671838.0,208824124.156,TuShare index_daily
2024-06-19,000300.SH,3543.3599,3543.3599,3524.8449,3528.749,3545.5902,-16.8412,-0.475,-0.004761216938729962,106642797.0,184790298.729,TuShare index_daily
2024-06-20,000300.SH,3525.1687,3533.9865,3500.131,3503.2817,3528.749,-25.4673,-0.7217,-0.007243259431347746,111617396.0,186515776.575,TuShare index_daily
2024-06-21,000300.SH,3496.3428,3505.5123,3473.8283,3495.6198,3503.2817,-7.6619,-0.2187,-0.002189458748849752,109186615.0,182736735.067,TuShare index_daily
2024-06-24,000300.SH,3473.6392,3505.7752,3471.2164,3476.8102,3495.6198,-18.8096,-0.5381,-0.005395434770963799,117990184.0,195787549.314,TuShare index_daily
2024-06-25,000300.SH,3475.1648,3483.2189,3440.6464,3457.9023,3476.8102,-18.9079,-0.5438,-0.005453130711547871,118448118.0,190886336.762,TuShare index_daily
2024-06-26,000300.SH,3451.5389,3487.3964,3442.2982,3480.2648,3457.9023,22.3625,0.6467,0.0064462493092157,105898861.0,171538111.702,TuShare index_daily
2024-06-27,000300.SH,3467.2888,3471.1423,3452.5775,3454.1175,3480.2648,-26.1473,-0.7513,-0.007541385170448812,114918101.0,174112508.796,TuShare index_daily
2024-06-28,000300.SH,3443.6744,3484.678,3443.6744,3461.657,3454.1175,7.5395,0.2183,0.0021803784917885987,135409153.0,205118806.812,TuShare index_daily
2024-07-01,000300.SH,3458.2636,3479.9548,3443.8086,3478.1827,3461.657,16.5257,0.4774,0.0047625685752935455,121829770.0,188018227.775,TuShare index_daily
2024-07-02,000300.SH,3472.4527,3488.3189,3464.5237,3471.7857,3478.1827,-6.397,-0.1839,-0.0018408721992226827,121650121.0,186104752.422,TuShare index_daily
2024-07-03,000300.SH,3471.5556,3478.7047,3454.9942,3463.4141,3471.7857,-8.3716,-0.2411,-0.002414235871381695,103857108.0,163035359.363,TuShare index_daily
2024-07-04,000300.SH,3468.2958,3483.3098,3444.928,3445.8128,3463.4141,-17.6013,-0.5082,-0.0050950238951884145,104429909.0,159477153.57,TuShare index_daily
2024-07-05,000300.SH,3443.3588,3451.0386,3399.6693,3431.0605,3445.8128,-14.7523,-0.4281,-0.004290415712504689,116609659.0,181416567.403,TuShare index_daily
2024-07-08,000300.SH,3420.8033,3428.0418,3395.9123,3401.7604,3431.0605,-29.3001,-0.854,-0.008576334729793503,115528218.0,177559765.828,TuShare index_daily
2024-07-09,000300.SH,3396.8044,3448.9279,3384.8086,3439.8111,3401.7604,38.0507,1.1186,0.011123494752744543,131629443.0,215048837.82,TuShare index_daily
2024-07-10,000300.SH,3425.8818,3447.505,3423.6483,3428.9657,3439.8111,-10.8454,-0.3153,-0.003157886572395083,127203456.0,198149476.849,TuShare index_daily
2024-07-11,000300.SH,3451.0442,3473.9837,3438.118,3468.169,3428.9657,39.2033,1.1433,0.01136811847372326,145892466.0,237551298.482,TuShare index_daily
2024-07-12,000300.SH,3459.9564,3479.0958,3457.3633,3472.4014,3468.169,4.2324,0.122,0.001219611726616792,130874589.0,205055553.856,TuShare index_daily
2024-07-15,000300.SH,3462.6113,3481.4613,3460.7915,3476.2467,3472.4014,3.8453,0.1107,0.0011067765519817325,118517083.0,171584915.38,TuShare index_daily
2024-07-16,000300.SH,3466.8523,3500.2943,3464.3655,3498.2827,3476.2467,22.036,0.6339,0.006319013674132575,120659017.0,200456285.078,TuShare index_daily
2024-07-17,000300.SH,3494.209,3514.4753,3486.2229,3501.5836,3498.2827,3.3009,0.0944,0.0009431323694506291,131802062.0,222830802.528,TuShare index_daily
2024-07-18,000300.SH,3483.2975,3522.7995,3475.7236,3520.931,3501.5836,19.3474,0.5525,0.0055101199650592625,123768199.0,215783795.703,TuShare index_daily
2024-07-19,000300.SH,3500.8052,3545.3383,3493.0734,3539.0156,3520.931,18.0846,0.5136,0.005123166103060624,132447975.0,228065104.129,TuShare index_daily
2024-07-22,000300.SH,3538.4012,3540.1874,3494.0143,3514.9249,3539.0156,-24.0907,-0.6807,-0.00683044992019825,132126337.0,217457320.404,TuShare index_daily
2024-07-23,000300.SH,3509.7887,3509.7887,3439.8779,3439.8779,3514.9249,-75.047,-2.1351,-0.02158218288895174,128897660.0,202857560.169,TuShare index_daily
2024-07-24,000300.SH,3432.3459,3451.4196,3408.4129,3418.1663,3439.8779,-21.7116,-0.6312,-0.006331738875771058,127036263.0,184884499.787,TuShare index_daily
2024-07-25,000300.SH,3404.611,3415.8557,3383.7991,3399.2716,3418.1663,-18.8947,-0.5528,-0.005543064317216502,131022242.0,190131464.835,TuShare index_daily
2024-07-26,000300.SH,3403.7084,3420.8201,3388.6601,3409.2931,3399.2716,10.0215,0.2948,0.0029437943762596146,124195558.0,187853329.5,TuShare index_daily
2024-07-29,000300.SH,3404.3663,3408.5024,3388.8444,3390.742,3409.2931,-18.5511,-0.5441,-0.00545619125471861,109787786.0,166697103.823,TuShare index_daily
2024-07-30,000300.SH,3380.6893,3380.6893,3352.8043,3369.3821,3390.742,-21.3599,-0.6299,-0.006319402060574553,104952164.0,165442824.49,TuShare index_daily
2024-07-31,000300.SH,3364.0268,3445.0042,3364.0268,3442.0844,3369.3821,72.7023,2.1577,0.02134784367895829,171959177.0,258249147.336,TuShare index_daily
2024-08-01,000300.SH,3443.1397,3448.3361,3419.1872,3419.2666,3442.0844,-22.8178,-0.6629,-0.006651134482692493,136323464.0,206038002.518,TuShare index_daily
2024-08-02,000300.SH,3393.9167,3419.1023,3380.9645,3384.3919,3419.2666,-34.8747,-1.0199,-0.010251838902348195,116615255.0,179671192.428,TuShare index_daily
2024-08-05,000300.SH,3362.1117,3409.0314,3343.3205,3343.3205,3384.3919,-41.0714,-1.2136,-0.012209769917402505,142812516.0,223631266.563,TuShare index_daily
2024-08-06,000300.SH,3367.3517,3376.7956,3318.6251,3342.9789,3343.3205,-0.3416,-0.0102,-0.00010217909185965092,119340279.0,181724693.848,TuShare index_daily
2024-08-07,000300.SH,3338.5909,3362.3839,3329.9658,3341.489,3342.9789,-1.4899,-0.0446,-0.0004457796931518292,95084377.0,145078975.326,TuShare index_daily
2024-08-08,000300.SH,3332.4281,3364.7855,3320.8432,3342.9369,3341.489,1.4479,0.0433,0.00043321596927112054,92495695.0,149482926.227,TuShare index_daily
2024-08-09,000300.SH,3358.128,3366.6688,3331.6274,3331.6274,3342.9369,-11.3095,-0.3383,-0.003388838676227704,91511626.0,142852166.559,TuShare index_daily
2024-08-12,000300.SH,3327.5561,3338.0771,3319.8908,3325.8645,3331.6274,-5.7629,-0.173,-0.0017312530081779588,79938754.0,117544892.727,TuShare index_daily
2024-08-13,000300.SH,3328.0138,3335.014,3310.1909,3334.3903,3325.8645,8.5258,0.2563,0.002560203749851808,84489679.0,125259155.343,TuShare index_daily
2024-08-14,000300.SH,3332.7866,3332.7866,3309.1,3309.2389,3334.3903,-25.1514,-0.7543,-0.007571620691752355,78742407.0,118181952.004,TuShare index_daily
2024-08-15,000300.SH,3301.4455,3356.7644,3297.9711,3341.953,3309.2389,32.7141,0.9886,0.009837143267467686,104766399.0,149249335.426,TuShare index_daily
2024-08-16,000300.SH,3342.0346,3356.9071,3335.6239,3345.634,3341.953,3.681,0.1101,0.0011008456029771622,96519083.0,135885323.083,TuShare index_daily
2024-08-19,000300.SH,3344.2614,3375.9621,3343.7116,3356.9677,3345.634,11.3337,0.3388,0.0033818840233607026,105571110.0,143421671.337,TuShare index_daily
2024-08-20,000300.SH,3361.6394,3362.3338,3321.6397,3332.7034,3356.9677,-24.2643,-0.7228,-0.007254289798614261,101668331.0,137910585.092,TuShare index_daily
2024-08-21,000300.SH,3322.9134,3339.443,3307.9917,3321.635,3332.7034,-11.0684,-0.3321,-0.0033266748825438617,89954751.0,130005992.563,TuShare index_daily
2024-08-22,000300.SH,3322.8723,3327.6962,3305.2453,3313.1357,3321.635,-8.4993,-0.2559,-0.0025620492503788703,100366504.0,147702791.561,TuShare index_daily
2024-08-23,000300.SH,3305.9307,3336.2414,3305.6403,3327.1905,3313.1357,14.0548,0.4242,0.004233171854778825,89525774.0,132680886.5,TuShare index_daily
2024-08-26,000300.SH,3330.7184,3336.5271,3311.5701,3324.2231,3327.1905,-2.9674,-0.0892,-0.0008922615177230389,93990772.0,139070603.958,TuShare index_daily
2024-08-27,000300.SH,3315.686,3320.5667,3299.5635,3305.3338,3324.2231,-18.8893,-0.5682,-0.005698525980312443,95808157.0,129755962.864,TuShare index_daily
2024-08-28,000300.SH,3298.9089,3305.3496,3274.5881,3286.4956,3305.3338,-18.8382,-0.5699,-0.0057156367804732594,92696650.0,135982310.965,TuShare index_daily
2024-08-29,000300.SH,3273.541,3290.7857,3269.5288,3277.6812,3286.4956,-8.8144,-0.2682,-0.002685608741622298,130702333.0,174340106.393,TuShare index_daily
2024-08-30,000300.SH,3273.7532,3351.6254,3273.6496,3321.4323,3277.6812,43.7511,1.3348,0.013259884389376055,188695443.0,268376041.211,TuShare index_daily
2024-09-02,000300.SH,3307.5432,3307.7627,3264.7565,3265.011,3321.4323,-56.4213,-1.6987,-0.017132973769498065,147612353.0,194409996.348,TuShare index_daily
2024-09-03,000300.SH,3261.741,3281.5935,3261.1877,3273.4282,3265.011,8.4172,0.2578,0.0025746831597963783,122897306.0,155089488.535,TuShare index_daily
2024-09-04,000300.SH,3253.898,3272.9861,3249.9809,3252.1649,3273.4282,-21.2633,-0.6496,-0.006516917291298055,104832482.0,140070063.077,TuShare index_daily
2024-09-05,000300.SH,3252.96,3266.882,3247.1725,3257.7578,3252.1649,5.5929,0.172,0.001718269673482513,97109450.0,134618198.894,TuShare index_daily
2024-09-06,000300.SH,3261.1542,3274.8144,3231.0685,3231.3457,3257.7578,-26.4121,-0.8107,-0.008140491473246482,88400417.0,121541545.906,TuShare index_daily
2024-09-09,000300.SH,3214.7996,3222.9278,3180.9277,3192.9516,3231.3457,-38.3941,-1.1882,-0.01195292039801617,108673069.0,146516054.461,TuShare index_daily
2024-09-10,000300.SH,3193.4557,3205.0972,3171.7932,3195.7552,3192.9516,2.8036,0.0878,0.000877673766456223,97290078.0,133610476.132,TuShare index_daily
2024-09-11,000300.SH,3187.0508,3197.3363,3174.0343,3186.1299,3195.7552,-9.6253,-0.3012,-0.003016446440987152,102482110.0,141513837.135,TuShare index_daily
2024-09-12,000300.SH,3189.4271,3201.5544,3171.8775,3172.4747,3186.1299,-13.6552,-0.4286,-0.004295036993443384,92868657.0,136387244.637,TuShare index_daily
2024-09-13,000300.SH,3174.0344,3188.9145,3159.247,3159.247,3172.4747,-13.2277,-0.417,-0.004178237727577415,88336677.0,137448911.397,TuShare index_daily
2024-09-18,000300.SH,3158.8179,3179.9012,3145.7908,3171.0102,3159.247,11.7632,0.3723,0.003716504138199999,84722814.0,123452147.969,TuShare index_daily
2024-09-19,000300.SH,3178.3959,3213.8378,3149.7925,3196.0357,3171.0102,25.0255,0.7892,0.007860985852472009,125439272.0,181785109.713,TuShare index_daily
2024-09-20,000300.SH,3192.4322,3207.9875,3173.2238,3201.0497,3196.0357,5.014,0.1569,0.0015675892107855256,118064098.0,163985054.957,TuShare index_daily
2024-09-23,000300.SH,3200.8678,3230.1613,3198.0248,3212.7639,3201.0497,11.7142,0.3659,0.0036528074421164,95344855.0,143876166.861,TuShare index_daily
2024-09-24,000300.SH,3244.6468,3351.9684,3222.4885,3351.909,3212.7639,139.1451,4.331,0.04239843957265368,204072217.0,307879526.848,TuShare index_daily
2024-09-25,000300.SH,3403.7021,3465.4882,3393.438,3401.533,3351.909,49.624,1.4805,0.014696178078189136,241564255.0,356862584.94,TuShare index_daily
2024-09-26,000300.SH,3399.3188,3545.3249,3391.6772,3545.3204,3401.533,143.7874,4.2271,0.04140232435989194,243134010.0,373983643.045,TuShare index_daily
2024-09-27,000300.SH,3617.9203,3708.4951,3596.5833,3703.6849,3545.3204,158.3645,4.4669,0.04369970625282989,265487774.0,466692757.482,TuShare index_daily
2024-09-30,000300.SH,3846.6515,4038.6968,3796.5045,4017.8545,3703.6849,314.1696,8.4826,0.08141981072040237,510217707.0,862528807.419,TuShare index_daily
2024-10-08,000300.SH,4450.3675,4450.3675,4094.3519,4256.0962,4017.8545,238.2417,5.9296,0.0576043014760725,589867894.0,1130387437.13,TuShare index_daily
2024-10-09,000300.SH,4168.8436,4197.6,3942.5118,3955.9839,4256.0962,-300.1123,-7.0514,-0.0731230111826069,482269295.0,1029032062.193,TuShare index_daily
2024-10-10,000300.SH,3979.6116,4098.4967,3912.7708,3997.7879,3955.9839,41.804,1.0567,0.010511839160420986,395053099.0,717952217.513,TuShare index_daily
2024-10-11,000300.SH,3969.7576,3978.2389,3847.1228,3887.167,3997.7879,-110.6209,-2.7671,-0.028060568472753827,274096505.0,484998267.296,TuShare index_daily
2024-10-14,000300.SH,3915.2186,3979.5431,3868.779,3961.3424,3887.167,74.1754,1.9082,0.01890234304887516,307578993.0,534076602.216,TuShare index_daily
2024-10-15,000300.SH,3942.5342,3967.8712,3855.9949,3855.9949,3961.3424,-105.3475,-2.6594,-0.026953903587968227,242486448.0,434410916.724,TuShare index_daily
2024-10-16,000300.SH,3806.1373,3877.7483,3805.0868,3831.589,3855.9949,-24.4059,-0.6329,-0.006349454474184984,218866407.0,377301324.426,TuShare index_daily
2024-10-17,000300.SH,3853.841,3882.0733,3787.7498,3788.2217,3831.589,-43.3673,-1.1318,-0.011382899120795377,212313820.0,369170521.635,TuShare index_daily
2024-10-18,000300.SH,3780.3143,3998.214,3765.1615,3925.234,3788.2217,137.0123,3.6168,0.035529266753357894,312958834.0,620673701.894,TuShare index_daily
2024-10-21,000300.SH,3946.9016,3979.2638,3896.165,3935.1974,3925.234,9.9634,0.2538,0.002535078503685626,291185634.0,600109598.949,TuShare index_daily
2024-10-22,000300.SH,3923.7443,3965.9084,3917.5218,3957.7755,3935.1974,22.5781,0.5737,0.005721079210379723,223433396.0,442881846.814,TuShare index_daily
2024-10-23,000300.SH,3955.3191,4012.1795,3939.0986,3973.2089,3957.7755,15.4334,0.39,0.0038919303588495634,245873949.0,469120806.272,TuShare index_daily
2024-10-24,000300.SH,3950.8987,3957.9832,3914.0887,3928.8334,3973.2089,-44.3755,-1.1169,-0.011231518334287871,174724062.0,340486884.485,TuShare index_daily
2024-10-25,000300.SH,3931.3205,3992.8918,3921.9396,3956.421,3928.8334,27.5876,0.7022,0.006997291694767125,210694885.0,412231378.43,TuShare index_daily
2024-10-28,000300.SH,3953.1063,3964.1569,3917.2042,3964.1569,3956.421,7.7359,0.1955,0.001953368190416609,216160415.0,390450182.338,TuShare index_daily
2024-10-29,000300.SH,3970.008,3991.3091,3921.5795,3924.649,3964.1569,-39.5079,-0.9966,-0.010016276431536042,217293984.0,429625020.405,TuShare index_daily
2024-10-30,000300.SH,3904.1595,3926.0581,3864.3051,3889.4487,3924.649,-35.2003,-0.8969,-0.009009495262216016,219436626.0,385010582.233,TuShare index_daily
2024-10-31,000300.SH,3888.4229,3923.8997,3859.1079,3891.0396,3889.4487,1.5909,0.0409,0.00040894606118007065,300636718.0,515533818.945,TuShare index_daily
2024-11-01,000300.SH,3882.4579,3933.2204,3879.9588,3890.0203,3891.0396,-1.0193,-0.0262,-0.0002619951571971654,307986481.0,476472952.028,TuShare index_daily
2024-11-04,000300.SH,3897.7144,3944.7619,3891.2109,3944.7619,3890.0203,54.7416,1.4072,0.013974221471078057,229239060.0,381048606.068,TuShare index_daily
2024-11-05,000300.SH,3937.6228,4046.6977,3925.4138,4044.5725,3944.7619,99.8106,2.5302,0.024987261296340286,316862794.0,580971852.724,TuShare index_daily
2024-11-06,000300.SH,4051.2891,4091.7031,4002.5027,4024.2831,4044.5725,-20.2894,-0.5016,-0.0050290756876604685,335807938.0,639124093.912,TuShare index_daily
2024-11-07,000300.SH,3987.2665,4146.151,3984.6652,4145.6952,4024.2831,121.4121,3.017,0.02972371146306609,341436414.0,658145920.948,TuShare index_daily
2024-11-08,000300.SH,4192.0794,4200.908,4094.1631,4104.047,4145.6952,-41.6482,-1.0046,-0.010096934623952768,332350385.0,688446559.772,TuShare index_daily
2024-11-11,000300.SH,4066.9336,4132.5111,4048.039,4131.1312,4104.047,27.0842,0.6599,0.006577707730125924,289594227.0,625605935.91,TuShare index_daily
2024-11-12,000300.SH,4133.3528,4181.7096,4060.7936,4085.743,4131.1312,-45.3882,-1.0987,-0.011047671056907763,297778086.0,660380524.821,TuShare index_daily
2024-11-13,000300.SH,4059.5898,4121.0735,4059.5898,4110.8901,4085.743,25.1471,0.6155,0.006135977685628404,240484099.0,512734303.119,TuShare index_daily
2024-11-14,000300.SH,4101.2228,4118.1686,4034.9441,4039.6191,4110.8901,-71.271,-1.7337,-0.017489169053457043,230152784.0,464157560.755,TuShare index_daily
2024-11-15,000300.SH,4025.6482,4049.071,3968.8308,3968.8308,4039.6191,-70.7883,-1.7524,-0.01767886284325673,247399463.0,474079686.588,TuShare index_daily
2024-11-18,000300.SH,3982.1036,4034.0596,3931.1872,3950.3806,3968.8308,-18.4502,-0.4649,-0.004659613805119821,306777946.0,472408054.831,TuShare index_daily
2024-11-19,000300.SH,3954.6038,3979.1505,3896.7493,3976.8912,3950.3806,26.5106,0.6711,0.00668847984521444,242946465.0,402610970.34,TuShare index_daily
2024-11-20,000300.SH,3966.1238,4001.0847,3958.3383,3985.7727,3976.8912,8.8815,0.2233,0.0022307870317534334,184599372.0,347577693.1,TuShare index_daily
2024-11-21,000300.SH,3979.4554,3999.5693,3966.0658,3989.2979,3985.7727,3.5252,0.0884,0.0008840549272616244,166125927.0,324235010.779,TuShare index_daily
2024-11-22,000300.SH,3984.2435,3990.2647,3865.6989,3865.6989,3989.2979,-123.599,-3.0983,-0.031472756870787426,216285809.0,397566831.848,TuShare index_daily
2024-11-25,000300.SH,3875.6126,3889.7069,3812.3179,3848.0909,3865.6989,-17.608,-0.4555,-0.004565338449490279,190702953.0,349006773.18,TuShare index_daily
2024-11-26,000300.SH,3836.259,3875.229,3833.2842,3840.1847,3848.0909,-7.9062,-0.2055,-0.002056690784321142,149892441.0,264403254.8,TuShare index_daily
2024-11-27,000300.SH,3829.3442,3907.164,3817.9125,3907.0447,3840.1847,66.86,1.7411,0.017260792609562207,174136096.0,320632355.477,TuShare index_daily
2024-11-28,000300.SH,3904.2525,3908.3918,3866.0136,3872.5505,3907.0447,-34.4942,-0.8829,-0.008867923115554377,150117291.0,286432871.224,TuShare index_daily
2024-11-29,000300.SH,3869.8903,3962.7002,3869.8903,3916.5832,3872.5505,44.0327,1.137,0.01130630716142679,187656713.0,375262017.919,TuShare index_daily
2024-12-02,000300.SH,3909.7029,3955.1252,3902.1697,3947.632,3916.5832,31.0488,0.7928,0.007896264417277947,197289784.0,368591235.991,TuShare index_daily
2024-12-03,000300.SH,3946.7034,3963.9474,3922.8425,3951.8912,3947.632,4.2592,0.1079,0.0010783436683179219,182496867.0,327295048.701,TuShare index_daily
2024-12-04,000300.SH,3948.13,3957.365,3917.7467,3930.5568,3951.8912,-21.3344,-0.5399,-0.005413153907375518,174626318.0,312040419.082,TuShare index_daily
2024-12-05,000300.SH,3916.5638,3936.3358,3910.0834,3921.5881,3930.5568,-8.9687,-0.2282,-0.002284395923523181,138534038.0,257716297.997,TuShare index_daily
2024-12-06,000300.SH,3923.8954,3995.1168,3923.8954,3973.1405,3921.5881,51.5524,1.3146,0.01306014060080671,192057907.0,351751735.425,TuShare index_daily
2024-12-09,000300.SH,3970.6628,3995.5116,3948.4206,3966.5708,3973.1405,-6.5697,-0.1654,-0.001654896822094964,175959958.0,308227216.703,TuShare index_daily
2024-12-10,000300.SH,4094.05,4098.3804,3988.9676,3995.6369,3966.5708,29.0661,0.7328,0.007301047701793668,253463795.0,487278042.807,TuShare index_daily
2024-12-11,000300.SH,3988.0179,4005.3253,3977.3522,3988.8308,3995.6369,-6.8061,-0.1703,-0.0017048354140059756,177252846.0,310713317.895,TuShare index_daily
2024-12-12,000300.SH,3987.1525,4031.7441,3981.3485,4028.5048,3988.8308,39.674,0.9946,0.00989713436700924,181621777.0,333667518.401,TuShare index_daily
2024-12-13,000300.SH,4000.9854,4000.9854,3931.7392,3933.1808,4028.5048,-95.324,-2.3662,-0.023946827354349536,230353079.0,421478609.274,TuShare index_daily
2024-12-16,000300.SH,3930.7807,3938.7595,3901.6465,3911.8416,3933.1808,-21.3392,-0.5425,-0.005440201835291532,178511251.0,327619081.581,TuShare index_daily
2024-12-17,000300.SH,3908.1263,3955.945,3908.1263,3922.0334,3911.8416,10.1918,0.2605,0.002601983245875659,160939090.0,306037370.847,TuShare index_daily
2024-12-18,000300.SH,3934.5425,3956.1441,3933.9693,3941.89,3922.0334,19.8566,0.5063,0.00505005992311564,157738321.0,276825381.224,TuShare index_daily
2024-12-19,000300.SH,3911.8901,3954.3491,3899.7479,3945.4635,3941.89,3.5735,0.0907,0.0009061341664248782,161081040.0,321771606.933,TuShare index_daily
2024-12-20,000300.SH,3937.4722,3958.6336,3923.2562,3927.7441,3945.4635,-17.7194,-0.4491,-0.0045011971784890865,154986496.0,332143276.398,TuShare index_daily
2024-12-23,000300.SH,3928.1493,3965.8502,3928.1493,3933.5718,3927.7441,5.8277,0.1484,0.001482627372226493,190067362.0,354063425.209,TuShare index_daily
2024-12-24,000300.SH,3934.9422,3985.8588,3934.7338,3983.6882,3933.5718,50.1164,1.2741,0.012660205523026491,161494589.0,310384873.294,TuShare index_daily
2024-12-25,000300.SH,3987.9557,4007.7626,3969.4766,3985.6291,3983.6882,1.9409,0.0487,0.0004870931763189178,159390747.0,299295145.793,TuShare index_daily
2024-12-26,000300.SH,3981.7317,3991.5331,3965.5461,3987.4801,3985.6291,1.851,0.0464,0.00046431071914930863,143425286.0,305769929.403,TuShare index_daily
2024-12-27,000300.SH,3987.0189,4007.1314,3970.9365,3981.0307,3987.4801,-6.4494,-0.1617,-0.0016187218842093583,169268666.0,345011075.199,TuShare index_daily
2024-12-30,000300.SH,3976.7004,4005.778,3976.7004,3999.0549,3981.0307,18.0242,0.4528,0.004517302583865979,164612485.0,322699390.192,TuShare index_daily
2024-12-31,000300.SH,3995.8705,4004.3462,3934.9109,3934.9109,3999.0549,-64.144,-1.604,-0.01616981953744762,183928397.0,347880439.53,TuShare index_daily
2025-01-02,000300.SH,3931.8155,3934.2034,3796.3389,3820.3952,3934.9109,-114.5157,-2.9102,-0.02953436590039252,217898724.0,388636586.639,TuShare index_daily
2025-01-03,000300.SH,3825.2426,3835.9353,3767.6653,3775.1648,3820.3952,-45.2304,-1.1839,-0.011909835387467288,175342676.0,304322755.436,TuShare index_daily
2025-01-06,000300.SH,3775.9902,3788.8489,3743.0727,3768.9697,3775.1648,-6.1951,-0.1641,-0.001642362392274843,150946670.0,262803541.116,TuShare index_daily
2025-01-07,000300.SH,3760.866,3797.602,3749.0581,3796.1055,3768.9697,27.1358,0.72,0.00717399778957275,146455779.0,266855795.347,TuShare index_daily
2025-01-08,000300.SH,3781.261,3810.7355,3731.1887,3789.2153,3796.1055,-6.8902,-0.1815,-0.0018167199718371108,169166968.0,300965725.433,TuShare index_daily
2025-01-09,000300.SH,3780.7341,3795.2608,3768.681,3779.8773,3789.2153,-9.338,-0.2464,-0.002467404015520258,129794002.0,251486002.82,TuShare index_daily
2025-01-10,000300.SH,3778.8928,3786.8069,3732.4806,3732.4806,3779.8773,-47.3967,-1.2539,-0.012618495958235146,137523171.0,275354209.064,TuShare index_daily
2025-01-13,000300.SH,3704.4442,3737.8852,3704.1073,3722.513,3732.4806,-9.9676,-0.2671,-0.002674074982328549,136446199.0,247861953.197,TuShare index_daily
2025-01-14,000300.SH,3728.5561,3826.6399,3718.8768,3820.5395,3722.513,98.0265,2.6333,0.025992665166281924,170664657.0,345461480.064,TuShare index_daily
2025-01-15,000300.SH,3810.0353,3816.8284,3790.1655,3796.026,3820.5395,-24.5135,-0.6416,-0.00643691297361315,141475520.0,278850595.532,TuShare index_daily
2025-01-16,000300.SH,3812.1935,3842.947,3776.2861,3800.3836,3796.026,4.3576,0.1148,0.001147278966625117,144505871.0,305734630.771,TuShare index_daily
2025-01-17,000300.SH,3788.3729,3831.6404,3780.2133,3812.3429,3800.3836,11.9593,0.3147,0.0031419255212209417,126621961.0,265437489.594,TuShare index_daily
2025-01-20,000300.SH,3835.3042,3858.6677,3821.9815,3829.6764,3812.3429,17.3335,0.4547,0.004536374234242288,139581277.0,292175449.109,TuShare index_daily
2025-01-21,000300.SH,3850.3563,3850.9106,3817.1214,3832.6145,3829.6764,2.9381,0.0767,0.0007668986161828065,141218406.0,285073351.693,TuShare index_daily
2025-01-22,000300.SH,3823.9447,3823.9447,3783.1438,3797.0166,3832.6145,-35.5979,-0.9288,-0.009331554264925018,137255062.0,298745637.551,TuShare index_daily
2025-01-23,000300.SH,3829.0462,3864.2585,3801.8531,3803.7439,3797.0166,6.7273,0.1772,0.0017701654345399053,180569551.0,345198071.114,TuShare index_daily
2025-01-24,000300.SH,3793.8498,3847.6003,3793.4836,3832.8637,3803.7439,29.1198,0.7656,0.007626407605101042,148971722.0,296474375.469,TuShare index_daily
2025-01-27,000300.SH,3836.9578,3851.9969,3817.0802,3817.0802,3832.8637,-15.7835,-0.4118,-0.004126441344529745,146670772.0,282940127.541,TuShare index_daily
2025-02-05,000300.SH,3844.6998,3844.6998,3785.162,3795.0848,3817.0802,-21.9954,-0.5762,-0.005779029018766741,157168308.0,346016202.025,TuShare index_daily
2025-02-06,000300.SH,3789.6086,3843.4942,3788.3196,3842.8314,3795.0848,47.7466,1.2581,0.012502682856300004,167288176.0,371891971.101,TuShare index_daily
2025-02-07,000300.SH,3844.0574,3919.3499,3833.8685,3892.7028,3842.8314,49.8714,1.2978,0.012894284916242608,221857707.0,487381557.078,TuShare index_daily
2025-02-10,000300.SH,3898.1023,3906.3678,3878.8314,3901.0618,3892.7028,8.359,0.2147,0.0021450489292795475,188903040.0,384968342.874,TuShare index_daily
2025-02-11,000300.SH,3905.1594,3905.1594,3872.9087,3883.1352,3901.0618,-17.9266,-0.4595,-0.004605903908072592,166574909.0,337866056.116,TuShare index_daily
2025-02-12,000300.SH,3875.9596,3920.7229,3867.3538,3919.8617,3883.1352,36.7265,0.9458,0.009413503985017354,164228540.0,354830596.298,TuShare index_daily
2025-02-13,000300.SH,3913.9044,3939.1978,3904.9845,3905.1398,3919.8617,-14.7219,-0.3756,-0.0037627896608334837,172485874.0,376473453.307,TuShare index_daily
2025-02-14,000300.SH,3900.8274,3942.0356,3900.8274,3939.0085,3905.1398,33.8687,0.8673,0.008635458987621738,172976452.0,360974236.854,TuShare index_daily
2025-02-17,000300.SH,3954.4147,3955.8959,3921.7017,3947.3983,3939.0085,8.3898,0.213,0.002127661780017049,213588246.0,430929575.563,TuShare index_daily
2025-02-18,000300.SH,3942.5761,3965.4232,3901.8675,3912.7829,3947.3983,-34.6154,-0.8769,-0.008807843713023247,209425101.0,400186229.941,TuShare index_daily
2025-02-19,000300.SH,3906.2201,3943.6742,3904.1455,3940.1602,3912.7829,27.3773,0.6997,0.006972522420195474,182829517.0,363680372.563,TuShare index_daily
2025-02-20,000300.SH,3934.6503,3940.678,3916.1772,3928.8959,3940.1602,-11.2643,-0.2859,-0.0028629374478347314,163895236.0,325972429.363,TuShare index_daily
2025-02-21,000300.SH,3938.0518,3981.048,3927.7874,3978.444,3928.8959,49.5481,1.2611,0.012532343145841354,227400330.0,504645493.577,TuShare index_daily
2025-02-24,000300.SH,3972.4831,3995.9456,3949.2309,3969.7169,3978.444,-8.7271,-0.2194,-0.0021960057469798933,220810618.0,455088749.685,TuShare index_daily
2025-02-25,000300.SH,3933.636,3955.4336,3915.6527,3925.6505,3969.7169,-44.0664,-1.1101,-0.011162712346417768,178108580.0,377981451.25,TuShare index_daily
2025-02-26,000300.SH,3931.842,3960.3298,3925.3664,3959.9413,3925.6505,34.2908,0.8735,0.008697131937863404,191062501.0,386458193.763,TuShare index_daily
2025-02-27,000300.SH,3961.0635,3973.9323,3933.4611,3968.1159,3959.9413,8.1746,0.2064,0.002062195741215508,202887963.0,428272792.668,TuShare index_daily
2025-02-28,000300.SH,3950.1866,3972.4813,3886.3994,3890.0487,3968.1159,-78.0672,-1.9674,-0.01986972083322121,198104147.0,420308043.45,TuShare index_daily
2025-03-03,000300.SH,3899.6962,3930.0048,3872.5872,3888.4738,3890.0487,-1.5749,-0.0405,-0.0004049355186720422,177623166.0,356057735.014,TuShare index_daily
2025-03-04,000300.SH,3865.9939,3890.4235,3855.7254,3885.2208,3888.4738,-3.253,-0.0837,-0.0008369251320675289,149850967.0,297739246.802,TuShare index_daily
2025-03-05,000300.SH,3887.7992,3906.4214,3877.0188,3902.5706,3885.2208,17.3498,0.4466,0.004455648029683655,158652751.0,290860484.505,TuShare index_daily
2025-03-06,000300.SH,3923.3827,3964.4942,3917.0833,3956.2369,3902.5706,53.6663,1.3752,0.013657831477298408,193960915.0,397419427.643,TuShare index_daily
2025-03-07,000300.SH,3944.9145,3967.0743,3935.0464,3944.0143,3956.2369,-12.2226,-0.3089,-0.003094233193972485,166732375.0,340626700.286,TuShare index_daily
2025-03-10,000300.SH,3945.5795,3949.1448,3905.127,3928.8018,3944.0143,-15.2125,-0.3857,-0.0038645685965101716,152765232.0,292574987.481,TuShare index_daily
2025-03-11,000300.SH,3890.4305,3941.4157,3889.4298,3941.4157,3928.8018,12.6139,0.3211,0.0032054795946247984,144754402.0,287480453.12,TuShare index_daily
2025-03-12,000300.SH,3946.8623,3953.6125,3921.4736,3927.2315,3941.4157,-14.1842,-0.3599,-0.0036052487811718,156732190.0,309627267.365,TuShare index_daily
2025-03-13,000300.SH,3925.7439,3939.2854,3897.3758,3911.5793,3927.2315,-15.6522,-0.3986,-0.003993519221569567,156536443.0,295173112.58,TuShare index_daily
2025-03-14,000300.SH,3919.6159,4014.1586,3919.6159,4006.5567,3911.5793,94.9774,2.4281,0.023990988649006423,216139003.0,450895278.803,TuShare index_daily
2025-03-17,000300.SH,4020.6402,4021.7278,3992.2563,3996.7876,4006.5567,-9.7691,-0.2438,-0.0024412556765214454,162202911.0,318904417.418,TuShare index_daily
2025-03-18,000300.SH,4011.7794,4016.873,3995.9602,4007.7229,3996.7876,10.9353,0.2736,0.002732286203639958,140208496.0,292739319.545,TuShare index_daily
2025-03-19,000300.SH,4004.8251,4025.299,3989.512,4010.168,4007.7229,2.4451,0.061,0.0006099110367779948,144419428.0,286075300.795,TuShare index_daily
2025-03-20,000300.SH,4011.0588,4012.0416,3969.9259,3974.9918,4010.168,-35.1762,-0.8772,-0.008810450491655575,133754670.0,260020676.826,TuShare index_daily
2025-03-21,000300.SH,3966.5146,3983.1476,3904.7674,3914.6956,3974.9918,-60.2962,-1.5169,-0.015285111026174561,165905294.0,309348613.935,TuShare index_daily
2025-03-24,000300.SH,3916.1136,3938.1826,3907.1999,3934.8486,3914.6956,20.153,0.5148,0.005134831721901653,152234674.0,266051442.613,TuShare index_daily
2025-03-25,000300.SH,3937.8975,3946.3574,3921.5287,3932.2951,3934.8486,-2.5535,-0.0649,-0.0006491555733679615,140475399.0,239246310.986,TuShare index_daily
2025-03-26,000300.SH,3930.2073,3942.026,3916.8607,3919.3566,3932.2951,-12.9385,-0.329,-0.0032957426553727287,131164187.0,220943164.486,TuShare index_daily
2025-03-27,000300.SH,3911.3841,3952.9852,3903.652,3932.4117,3919.3566,13.0551,0.3331,0.0033253941104043395,126793738.0,232173613.774,TuShare index_daily
2025-03-28,000300.SH,3930.7763,3934.2336,3907.384,3915.1662,3932.4117,-17.2455,-0.4385,-0.004395121139495452,126356214.0,213379194.289,TuShare index_daily
2025-03-31,000300.SH,3905.9815,3928.4482,3872.403,3887.3056,3915.1662,-27.8606,-0.7116,-0.007141510824859772,166798523.0,268480316.572,TuShare index_daily
2025-04-01,000300.SH,3892.7794,3905.2622,3882.4045,3887.6841,3887.3056,0.3785,0.0097,9.736347311147538e-05,140380274.0,246041674.67,TuShare index_daily
2025-04-02,000300.SH,3884.4181,3900.4949,3877.1599,3884.3858,3887.6841,-3.2983,-0.0848,-0.000848757214086465,113043175.0,198267515.342,TuShare index_daily
2025-04-03,000300.SH,3843.4177,3883.7025,3843.4177,3861.5034,3884.3858,-22.8824,-0.5891,-0.005908286569494701,142599789.0,263684681.545,TuShare index_daily
2025-04-07,000300.SH,3675.2017,3707.7771,3514.1165,3589.4406,3861.5034,-272.0628,-7.0455,-0.07306022088195,312578586.0,512971787.745,TuShare index_daily
2025-04-08,000300.SH,3597.9859,3650.759,3583.8746,3650.759,3589.4406,61.3184,1.7083,0.016938722550570866,280197312.0,464021087.838,TuShare index_daily
2025-04-09,000300.SH,3606.1036,3686.7943,3587.3368,3686.7943,3650.759,36.0353,0.9871,0.009822235897704312,262305708.0,455031069.29,TuShare index_daily
2025-04-10,000300.SH,3749.1262,3756.1386,3708.8194,3735.1151,3686.7943,48.3208,1.3106,0.013021307629714781,227252227.0,403842564.856,TuShare index_daily
2025-04-11,000300.SH,3730.3148,3762.3653,3708.4617,3750.5167,3735.1151,15.4016,0.4123,0.00411498244758409,168759691.0,318535141.904,TuShare index_daily
2025-04-14,000300.SH,3772.0407,3776.6344,3754.033,3759.1422,3750.5167,8.6255,0.23,0.002297175919155268,164462403.0,292571297.039,TuShare index_daily
2025-04-15,000300.SH,3756.4788,3764.486,3737.8495,3761.2348,3759.1422,2.0926,0.0557,0.0005565146678174699,134006040.0,228604621.376,TuShare index_daily
2025-04-16,000300.SH,3757.8757,3775.1661,3721.6025,3772.8204,3761.2348,11.5856,0.308,0.0030755307267302905,156359006.0,261711094.769,TuShare index_daily
2025-04-17,000300.SH,3755.0862,3779.1253,3749.504,3772.2221,3772.8204,-0.5983,-0.0159,-0.0001585942030821602,122371002.0,209012323.066,TuShare index_daily
2025-04-18,000300.SH,3760.0425,3782.0443,3754.4072,3772.523,3772.2221,0.3009,0.008,7.976412620213683e-05,102948509.0,173109384.097,TuShare index_daily
2025-04-21,000300.SH,3768.1421,3790.1782,3763.1383,3784.8806,3772.523,12.3576,0.3276,0.003270332423105079,121355730.0,208085677.382,TuShare index_daily
2025-04-22,000300.SH,3780.1122,3799.2295,3778.0791,3783.9522,3784.8806,-0.9284,-0.0245,-0.000245321842664046,125688257.0,210200698.794,TuShare index_daily
2025-04-23,000300.SH,3803.4295,3807.9536,3780.5183,3786.8824,3783.9522,2.9302,0.0774,0.0007740758585090369,131986870.0,247117386.122,TuShare index_daily
2025-04-24,000300.SH,3787.459,3807.2599,3775.207,3784.3574,3786.8824,-2.525,-0.0667,-0.0006669977864422178,117164560.0,205483051.375,TuShare index_daily
2025-04-25,000300.SH,3792.0838,3801.5765,3780.7772,3786.9937,3784.3574,2.6363,0.0697,0.0006963882857158247,124591133.0,220535052.619,TuShare index_daily
2025-04-28,000300.SH,3786.3867,3792.0082,3772.8029,3781.6188,3786.9937,-5.3749,-0.1419,-0.0014203134071299587,125145091.0,210635318.523,TuShare index_daily
2025-04-29,000300.SH,3776.0025,3785.3157,3768.0311,3775.0767,3781.6188,-6.5421,-0.173,-0.0017314715498146472,111514694.0,197462744.363,TuShare index_daily
2025-04-30,000300.SH,3775.8306,3787.5639,3768.7573,3770.5705,3775.0767,-4.5062,-0.1194,-0.0011943841041746196,143681658.0,244820462.218,TuShare index_daily
2025-05-06,000300.SH,3794.3757,3809.0939,3782.777,3808.5424,3770.5705,37.9719,1.0071,0.010020227489523251,158520459.0,267937090.757,TuShare index_daily
2025-05-07,000300.SH,3861.5767,3863.6776,3814.9868,3831.627,3808.5424,23.0846,0.6061,0.006042973405624675,161172299.0,286010735.453,TuShare index_daily
2025-05-08,000300.SH,3820.5481,3867.3313,3816.2642,3852.8963,3831.627,21.2693,0.5551,0.005535634022564487,124959833.0,246987280.588,TuShare index_daily
2025-05-09,000300.SH,3848.6187,3853.6632,3836.5349,3846.1566,3852.8963,-6.7397,-0.1749,-0.00175078722256223,119389526.0,216697939.672,TuShare index_daily
2025-05-12,000300.SH,3866.5305,3890.7342,3859.0346,3890.6096,3846.1566,44.453,1.1558,0.011491490897917114,153332460.0,296122947.808,TuShare index_daily
2025-05-13,000300.SH,3915.5924,3915.5924,3890.6855,3896.2583,3890.6096,5.6487,0.1452,0.0014508274863194843,147320299.0,267586397.72,TuShare index_daily
2025-05-14,000300.SH,3894.8386,3960.5228,3890.6504,3943.2108,3896.2583,46.9525,1.2051,0.0119786329469608,172033779.0,319465226.851,TuShare index_daily
2025-05-15,000300.SH,3934.0273,3936.4653,3904.9068,3907.1992,3943.2108,-36.0116,-0.9133,-0.009174515113527595,138081749.0,241464943.554,TuShare index_daily
2025-05-16,000300.SH,3898.6662,3903.8528,3874.8619,3889.0854,3907.1992,-18.1138,-0.4636,-0.004646785878926658,118405345.0,208835664.039,TuShare index_daily
2025-05-19,000300.SH,3882.5677,3885.5889,3866.5695,3877.1453,3889.0854,-11.9401,-0.307,-0.0030748788875620053,98643414.0,184888170.554,TuShare index_daily
2025-05-20,000300.SH,3883.1024,3911.4737,3881.7436,3898.1705,3877.1453,21.0252,0.5423,0.005408205090934483,104885234.0,201636702.522,TuShare index_daily
2025-05-21,000300.SH,3899.4365,3928.6339,3899.4365,3916.3807,3898.1705,18.2102,0.4671,0.0046605959820707294,109791343.0,217037739.435,TuShare index_daily
2025-05-22,000300.SH,3912.6007,3923.0195,3903.0898,3913.8651,3916.3807,-2.5156,-0.0642,-0.0006425341300390055,107597052.0,197511410.271,TuShare index_daily
2025-05-23,000300.SH,3910.3739,3931.5514,3882.2741,3882.2741,3913.8651,-31.591,-0.8072,-0.00810431217224979,120277419.0,232945378.295,TuShare index_daily
2025-05-26,000300.SH,3875.7891,3884.537,3849.0384,3860.1067,3882.2741,-22.1674,-0.571,-0.005726264606510733,109601207.0,208876792.149,TuShare index_daily
2025-05-27,000300.SH,3857.6271,3865.4291,3834.8455,3839.3969,3860.1067,-20.7098,-0.5365,-0.005379528608558668,98572425.0,178466763.541,TuShare index_daily
2025-05-28,000300.SH,3843.0747,3849.736,3833.9582,3836.2366,3839.3969,-3.1603,-0.0823,-0.0008234630219332806,89031026.0,162496372.728,TuShare index_daily
2025-05-29,000300.SH,3838.0092,3869.7909,3831.4577,3858.6998,3836.2366,22.4632,0.5856,0.005838453404127622,108471886.0,209459602.501,TuShare index_daily
2025-05-30,000300.SH,3850.493,3858.6128,3829.2542,3840.2323,3858.6998,-18.4675,-0.4786,-0.004797427793809138,111672228.0,199389751.071,TuShare index_daily
2025-06-03,000300.SH,3833.4584,3863.2952,3832.7202,3852.0127,3840.2323,11.7804,0.3068,0.003062931357455309,131403090.0,226782772.063,TuShare index_daily
2025-06-04,000300.SH,3855.4878,3875.8569,3855.4878,3868.7429,3852.0127,16.7302,0.4343,0.004333831311970103,116803873.0,211736178.154,TuShare index_daily
2025-06-05,000300.SH,3872.6373,3883.1345,3861.272,3877.5557,3868.7429,8.8128,0.2278,0.002275358660244949,122878184.0,231749275.335,TuShare index_daily
2025-06-06,000300.SH,3878.1027,3889.4557,3869.3871,3873.9841,3877.5557,-3.5716,-0.0921,-0.0009215201998316871,110987971.0,202034736.311,TuShare index_daily
2025-06-09,000300.SH,3877.7977,3894.6517,3871.9917,3885.2459,3873.9841,11.2618,0.2907,0.0029028158484742258,136306293.0,262023668.466,TuShare index_daily
2025-06-10,000300.SH,3887.5512,3897.4573,3850.4663,3865.4652,3885.2459,-19.7807,-0.5091,-0.005104239518348043,145563859.0,263647551.795,TuShare index_daily
2025-06-11,000300.SH,3870.6719,3911.6107,3870.6719,3894.6252,3865.4652,29.16,0.7544,0.00751541174048836,142414772.0,257217704.405,TuShare index_daily
2025-06-12,000300.SH,3885.5196,3900.0408,3870.3838,3892.1992,3894.6252,-2.426,-0.0623,-0.0006231038363964183,133998697.0,260239581.458,TuShare index_daily
2025-06-13,000300.SH,3881.4923,3889.1602,3853.8186,3864.1822,3892.1992,-28.017,-0.7198,-0.007224276477919164,172539536.0,309172346.18,TuShare index_daily
2025-06-16,000300.SH,3853.6193,3876.1704,3853.6193,3873.7951,3864.1822,9.6129,0.2488,0.002484604069655626,137341835.0,246860982.863,TuShare index_daily
2025-06-17,000300.SH,3875.1768,3880.4156,3860.409,3870.3786,3873.7951,-3.4165,-0.0882,-0.0008823408032937927,122342526.0,220399818.949,TuShare index_daily
2025-06-18,000300.SH,3871.6502,3881.346,3854.6575,3874.9708,3870.3786,4.5922,0.1186,0.0011857955789820504,127528621.0,230553858.264,TuShare index_daily
2025-06-19,000300.SH,3870.049,3872.9425,3834.9512,3843.0912,3874.9708,-31.8796,-0.8227,-0.008261084532130274,130280658.0,234840180.806,TuShare index_daily
2025-06-20,000300.SH,3839.7833,3856.4799,3839.7833,3846.6443,3843.0912,3.5531,0.0925,0.0009241150759630508,118151020.0,213522822.875,TuShare index_daily
2025-06-23,000300.SH,3831.1703,3867.5896,3827.0829,3857.9016,3846.6443,11.2573,0.2927,0.0029222508781529557,133800892.0,232482215.85,TuShare index_daily
2025-06-24,000300.SH,3862.3876,3914.1579,3862.3876,3904.0342,3857.9016,46.1326,1.1958,0.011887020043343742,163656188.0,294228720.613,TuShare index_daily
2025-06-25,000300.SH,3907.0682,3963.0371,3902.1771,3960.0662,3904.0342,56.032,1.4352,0.014250313539999039,187213671.0,361727254.624,TuShare index_daily
2025-06-26,000300.SH,3953.1603,3964.482,3945.2589,3946.0195,3960.0662,-14.0467,-0.3547,-0.003553392997035483,165316263.0,328102847.496,TuShare index_daily
2025-06-27,000300.SH,3949.7879,3969.2626,3918.2041,3921.7578,3946.0195,-24.2617,-0.6148,-0.006167377641092893,194557913.0,343468229.814,TuShare index_daily
2025-06-30,000300.SH,3920.3149,3940.3611,3911.6044,3936.0791,3921.7578,14.3213,0.3652,0.0036451038725418333,145170236.0,288821434.921,TuShare index_daily
2025-07-01,000300.SH,3935.9078,3946.2451,3924.7219,3942.762,3936.0791,6.6829,0.1698,0.0016964174090751496,128959362.0,236070338.399,TuShare index_daily
2025-07-02,000300.SH,3943.3232,3952.1378,3929.6956,3943.6849,3942.762,0.9229,0.0234,0.00023404709774001539,147063062.0,246637847.454,TuShare index_daily
2025-07-03,000300.SH,3949.3998,3971.616,3945.138,3968.0676,3943.6849,24.3827,0.6183,0.006163685528228147,141004006.0,269609569.539,TuShare index_daily
2025-07-04,000300.SH,3967.4637,4013.8478,3958.3762,3982.2034,3968.0676,14.1358,0.3562,0.00355605862900712,157197133.0,290512992.198,TuShare index_daily
2025-07-07,000300.SH,3977.2881,3979.7481,3956.5663,3965.1746,3982.2034,-17.0288,-0.4276,-0.004285394770601262,131135273.0,225106992.876,TuShare index_daily
2025-07-08,000300.SH,3965.426,4002.269,3965.426,3998.4527,3965.1746,33.2781,0.8393,0.008357571857561771,156402895.0,292089834.224,TuShare index_daily
2025-07-09,000300.SH,3997.5044,4016.7434,3987.4267,3991.4006,3998.4527,-7.0521,-0.1764,-0.0017652644088692639,173293796.0,305398796.563,TuShare index_daily
2025-07-10,000300.SH,3993.4196,4032.9829,3992.5242,4010.0243,3991.4006,18.6237,0.4666,0.004655104275559548,209778904.0,347836703.626,TuShare index_daily
2025-07-11,000300.SH,4011.4652,4065.9419,4010.1052,4014.807,4010.0243,4.7827,0.1193,0.0011919753543662215,262052773.0,443780794.88,TuShare index_daily
2025-07-14,000300.SH,4021.2135,4034.9198,4017.6678,4017.6678,4014.807,2.8608,0.0713,0.0007123085206467977,207917175.0,321415945.157,TuShare index_daily
2025-07-15,000300.SH,4023.9896,4042.6574,3994.2628,4019.0644,4017.6678,1.3966,0.0348,0.0003475541997177205,191042931.0,353524574.441,TuShare index_daily
2025-07-16,000300.SH,4019.3925,4027.8567,3993.9209,4007.2019,4019.0644,-11.8625,-0.2952,-0.002955922017528145,151027308.0,300656795.665,TuShare index_daily
2025-07-17,000300.SH,4005.067,4034.5935,4005.067,4034.491,4007.2019,27.2891,0.681,0.006786930336544563,161249041.0,325516865.723,TuShare index_daily
2025-07-18,000300.SH,4039.8712,4064.6378,4039.3181,4058.5486,4034.491,24.0576,0.5963,0.0059452744707187335,186211063.0,354244444.63,TuShare index_daily
2025-07-21,000300.SH,4069.7685,4086.1171,4063.4427,4085.6072,4058.5486,27.0586,0.6667,0.006644936621844214,223268476.0,377938564.878,TuShare index_daily
2025-07-22,000300.SH,4087.3354,4119.2021,4068.3383,4118.9582,4085.6072,33.351,0.8163,0.008129908671452656,257596985.0,450874014.479,TuShare index_daily
2025-07-23,000300.SH,4129.1476,4155.6783,4113.9085,4119.7685,4118.9582,0.8103,0.0197,0.0001967051541138663,300506154.0,470330899.421,TuShare index_daily
2025-07-24,000300.SH,4116.8312,4152.4265,4111.8849,4149.0368,4119.7685,29.2683,0.7104,0.007079238456162641,319632392.0,487000043.884,TuShare index_daily
2025-07-25,000300.SH,4145.3195,4150.4994,4117.8005,4127.1634,4149.0368,-21.8734,-0.5272,-0.005285868007222081,273594963.0,430445513.471,TuShare index_daily
2025-07-28,000300.SH,4128.1993,4146.12,4112.9677,4135.8242,4127.1634,8.6608,0.2098,0.002096288555873746,222759815.0,406792873.973,TuShare index_daily
2025-07-29,000300.SH,4132.6833,4153.3307,4117.5772,4152.0247,4135.8242,16.2005,0.3917,0.003909463318980385,230807880.0,428764310.974,TuShare index_daily
2025-07-30,000300.SH,4148.9405,4185.2064,4127.4301,4151.2379,4152.0247,-0.7868,-0.0189,-0.00018951586629451265,249853048.0,445168467.668,TuShare index_daily
2025-07-31,000300.SH,4141.5612,4141.8243,4063.6662,4075.5912,4151.2379,-75.6467,-1.8223,-0.01839076299549046,267087406.0,492142571.739,TuShare index_daily
2025-08-01,000300.SH,4069.9254,4085.3543,4040.462,4054.9286,4075.5912,-20.6626,-0.507,-0.005082736403513882,196221826.0,359685164.163,TuShare index_daily
2025-08-04,000300.SH,4037.9378,4070.7023,4037.9378,4070.7023,4054.9286,15.7737,0.389,0.003882460330244926,162275902.0,295976826.632,TuShare index_daily
2025-08-05,000300.SH,4080.3877,4106.2969,4075.5836,4103.45,4070.7023,32.7477,0.8045,0.008012543441925745,178851999.0,306934255.766,TuShare index_daily
2025-08-06,000300.SH,4100.4283,4116.7085,4098.3544,4113.4852,4103.45,10.0352,0.2446,0.002442566418018243,176676155.0,307674626.125,TuShare index_daily
2025-08-07,000300.SH,4120.2822,4129.7382,4094.8214,4114.666,4113.4852,1.1808,0.0287,0.00028701465964952667,198641902.0,358108366.984,TuShare index_daily
2025-08-08,000300.SH,4109.2734,4122.2104,4097.4157,4104.9669,4114.666,-9.6991,-0.2357,-0.002359984836212605,173171201.0,308507687.635,TuShare index_daily
2025-08-11,000300.SH,4110.2939,4134.2462,4103.605,4122.5106,4104.9669,17.5437,0.4274,0.004264667169128132,190443716.0,360685826.235,TuShare index_daily
2025-08-12,000300.SH,4123.5762,4153.2948,4121.2243,4143.8252,4122.5106,21.3146,0.517,0.0051569758967200535,177287823.0,383088423.33,TuShare index_daily
2025-08-13,000300.SH,4150.5037,4186.748,4147.1991,4176.5776,4143.8252,32.7524,0.7904,0.00787283259172163,213934999.0,462776745.465,TuShare index_daily
2025-08-14,000300.SH,4179.965,4220.3109,4165.9376,4173.3131,4176.5776,-3.2645,-0.0782,-0.0007819264427803516,221103595.0,485075642.622,TuShare index_daily
2025-08-15,000300.SH,4162.4205,4214.7291,4157.495,4202.3533,4173.3131,29.0402,0.6959,0.0069344491490834215,261327566.0,518686873.501,TuShare index_daily
2025-08-18,000300.SH,4218.2471,4272.9602,4203.4191,4239.4125,4202.3533,37.0592,0.8819,0.008780020424242996,301479102.0,635365867.185,TuShare index_daily
2025-08-19,000300.SH,4241.7651,4264.2303,4215.2075,4223.3741,4239.4125,-16.0384,-0.3783,-0.003790339981286738,250818771.0,553536203.26,TuShare index_daily
2025-08-20,000300.SH,4208.4005,4272.1463,4190.5559,4271.3958,4223.3741,48.0217,1.137,0.01130630072977471,246481773.0,538815306.147,TuShare index_daily
2025-08-21,000300.SH,4284.3712,4308.4472,4273.6523,4288.0707,4271.3958,16.6749,0.3904,0.003896252434618806,259030014.0,558521268.967,TuShare index_daily
2025-08-22,000300.SH,4287.3633,4378.3881,4287.3633,4377.9977,4288.0707,89.927,2.0971,0.020754562240778436,290434897.0,675935075.409,TuShare index_daily
2025-08-25,000300.SH,4416.2924,4472.6525,4404.7761,4469.2217,4377.9977,91.224,2.0837,0.020622803387883,358090006.0,823681964.473,TuShare index_daily
2025-08-26,000300.SH,4453.3526,4476.803,4435.5275,4452.5905,4469.2217,-16.6312,-0.3721,-0.0037282154995151224,270621395.0,627950450.229,TuShare index_daily
2025-08-27,000300.SH,4458.8399,4494.9126,4386.1266,4386.1266,4452.5905,-66.4639,-1.4927,-0.01503954748665182,333133898.0,785098482.974,TuShare index_daily
2025-08-28,000300.SH,4378.0351,4464.8028,4364.171,4463.782,4386.1266,77.6554,1.7705,0.017549874612882172,296834536.0,739423602.221,TuShare index_daily
2025-08-29,000300.SH,4455.8034,4516.8395,4452.3632,4496.7591,4463.782,32.9771,0.7388,0.0073605485465789156,351938947.0,831194066.158,TuShare index_daily
2025-09-01,000300.SH,4516.8787,4528.1342,4487.5304,4523.7111,4496.7591,26.952,0.5994,0.005975759490662033,320366708.0,770378288.127,TuShare index_daily
2025-09-02,000300.SH,4521.9828,4548.8937,4454.4169,4490.4528,4523.7111,-33.2583,-0.7352,-0.007379153803648037,303932566.0,777999297.964,TuShare index_daily
2025-09-03,000300.SH,4501.3388,4510.7303,4427.5176,4459.8296,4490.4528,-30.6232,-0.682,-0.006842983970613739,254320217.0,655697116.709,TuShare index_daily
2025-09-04,000300.SH,4461.2503,4465.4967,4327.5068,4365.2085,4459.8296,-94.6211,-2.1216,-0.0214446045502523,307934609.0,773124596.998,TuShare index_daily
2025-09-05,000300.SH,4365.6083,4466.5603,4350.2974,4460.3249,4365.2085,95.1164,2.179,0.02155565643853706,249625657.0,664166970.947,TuShare index_daily
2025-09-08,000300.SH,4467.1693,4482.763,4438.0698,4467.5733,4460.3249,7.2484,0.1625,0.0016237643911757873,267638382.0,683630879.769,TuShare index_daily
2025-09-09,000300.SH,4448.739,4472.093,4412.6914,4436.2584,4467.5733,-31.3149,-0.7009,-0.0070340568356272665,221375460.0,562861103.958,TuShare index_daily
2025-09-10,000300.SH,4438.2998,4466.6325,4414.5937,4445.3649,4436.2584,9.1065,0.2053,0.0020506393670538855,203597646.0,535539349.489,TuShare index_daily
2025-09-11,000300.SH,4438.839,4548.0345,4427.9242,4548.0345,4445.3649,102.6696,2.3096,0.022833203776542223,253264051.0,693156671.398,TuShare index_daily
2025-09-12,000300.SH,4544.5905,4564.6665,4517.7897,4521.998,4548.0345,-26.0365,-0.5725,-0.00574123003799257,266442003.0,689576075.7,TuShare index_daily
2025-09-15,000300.SH,4534.8866,4566.9053,4522.4958,4533.0557,4521.998,11.0577,0.2445,0.0024423279779261227,231885678.0,613314652.4,TuShare index_daily
2025-09-16,000300.SH,4539.9217,4552.419,4494.7875,4523.3367,4533.0557,-9.719,-0.2144,-0.0021463300841667505,249269206.0,613728334.806,TuShare index_daily
2025-09-17,000300.SH,4517.2855,4556.0296,4503.7959,4551.023,4523.3367,27.6863,0.6121,0.006102113388792819,235716472.0,608454200.521,TuShare index_daily
2025-09-18,000300.SH,4546.0319,4573.8331,4454.9886,4498.109,4551.023,-52.914,-1.1627,-0.011694956620105569,309859826.0,839987127.411,TuShare index_daily
2025-09-19,000300.SH,4499.0906,4533.0919,4491.8437,4501.9195,4498.109,3.8105,0.0847,0.000846775146920046,225044000.0,603887059.817,TuShare index_daily
2025-09-22,000300.SH,4512.0251,4523.8695,4487.1299,4522.608,4501.9195,20.6885,0.4595,0.004584957216320352,196459956.0,563149164.266,TuShare index_daily
2025-09-23,000300.SH,4536.7569,4560.7319,4459.7281,4519.7781,4522.608,-2.8299,-0.0626,-0.0006259188805021417,252827062.0,680513630.7,TuShare index_daily
2025-09-24,000300.SH,4495.2659,4567.4948,4494.1133,4566.0708,4519.7781,46.2927,1.0242,0.010190154181971384,220482608.0,629161495.484,TuShare index_daily
2025-09-25,000300.SH,4563.9827,4613.9486,4558.8424,4593.4875,4566.0708,27.4167,0.6004,0.0059864855884912554,229823333.0,669866986.619,TuShare index_daily
2025-09-26,000300.SH,4576.9142,4597.8472,4550.0487,4550.0487,4593.4875,-43.4388,-0.9457,-0.009501603286869161,208482114.0,598723903.174,TuShare index_daily
2025-09-29,000300.SH,4555.0342,4647.5691,4541.4252,4620.0528,4550.0487,70.0041,1.5385,0.01526819739748804,274358877.0,693395231.241,TuShare index_daily
2025-09-30,000300.SH,4629.8987,4647.5031,4616.2243,4640.6935,4620.0528,20.6407,0.4468,0.004457682677076719,247980359.0,664624101.862,TuShare index_daily
2025-10-09,000300.SH,4662.1133,4726.3449,4651.9895,4709.482,4640.6935,68.7885,1.4823,0.014714106934793574,347678696.0,862208005.908,TuShare index_daily
2025-10-10,000300.SH,4679.4983,4692.5858,4600.9646,4616.8341,4709.482,-92.6479,-1.9673,-0.01986871275602549,319020899.0,792743047.251,TuShare index_daily
2025-10-13,000300.SH,4490.8661,4601.8072,4490.8661,4593.9785,4616.8341,-22.8556,-0.495,-0.00496278621707397,315010354.0,714001634.395,TuShare index_daily
2025-10-14,000300.SH,4634.0543,4641.4492,4520.9258,4539.0644,4593.9785,-54.9141,-1.1953,-0.012025512717694411,372954030.0,808959003.201,TuShare index_daily
2025-10-15,000300.SH,4544.2431,4608.8239,4526.834,4606.2879,4539.0644,67.2235,1.481,0.01470139335196678,284771855.0,607326345.326,TuShare index_daily
2025-10-16,000300.SH,4588.9206,4645.0959,4586.2801,4618.4218,4606.2879,12.1339,0.2634,0.0026307401300698563,248235518.0,560567191.741,TuShare index_daily
2025-10-17,000300.SH,4610.6967,4618.5621,4509.3289,4514.2345,4618.4218,-104.1873,-2.2559,-0.02281741846639355,256905617.0,559085965.219,TuShare index_daily
2025-10-20,000300.SH,4558.2421,4570.4376,4520.5024,4538.2201,4514.2345,23.9856,0.5313,0.005299260187528013,218420405.0,505798833.703,TuShare index_daily
2025-10-21,000300.SH,4556.1224,4615.463,4547.9283,4607.8715,4538.2201,69.6514,1.5348,0.015231149996020378,215711175.0,551390253.216,TuShare index_daily
2025-10-22,000300.SH,4576.0277,4603.4884,4567.2361,4592.57,4607.8715,-15.3015,-0.3321,-0.0033262564862693283,185333960.0,440935302.747,TuShare index_daily
2025-10-23,000300.SH,4578.7018,4611.3409,4541.6944,4606.3447,4592.57,13.7747,0.2999,0.00299485553347343,200463917.0,420800208.776,TuShare index_daily
2025-10-24,000300.SH,4622.7873,4660.6835,4622.7873,4660.6835,4606.3447,54.3388,1.1797,0.011727475434501661,208814483.0,551986648.561,TuShare index_daily
2025-10-27,000300.SH,4699.3819,4720.4288,4687.6876,4716.0186,4660.6835,55.3351,1.1873,0.011802815485959269,262200674.0,672670372.523,TuShare index_daily
2025-10-28,000300.SH,4697.7277,4734.3218,4679.2288,4691.973,4716.0186,-24.0456,-0.5099,-0.005111750388734483,220906645.0,571563257.096,TuShare index_daily
2025-10-29,000300.SH,4701.0362,4747.8378,4697.268,4747.8378,4691.973,55.8648,1.1906,0.01183613811261025,246211324.0,645898688.765,TuShare index_daily
2025-10-30,000300.SH,4735.9807,4761.8339,4706.452,4709.911,4747.8378,-37.9268,-0.7988,-0.00802030252781325,273289118.0,719956285.438,TuShare index_daily
2025-10-31,000300.SH,4702.4946,4706.1395,4640.6676,4640.6676,4709.911,-69.2434,-1.4702,-0.014810776684892252,281464740.0,680712251.493,TuShare index_daily
2025-11-03,000300.SH,4636.7323,4653.4028,4595.7339,4653.4028,4640.6676,12.7352,0.2744,0.002740501722578582,239869809.0,557602941.096,TuShare index_daily
2025-11-04,000300.SH,4649.3481,4665.323,4595.066,4618.699,4653.4028,-34.7038,-0.7458,-0.00748567321661909,233224032.0,505177700.977,TuShare index_daily
2025-11-05,000300.SH,4562.1117,4642.6101,4558.7647,4627.257,4618.699,8.558,0.1853,0.0018511882262794356,203045871.0,468361161.389,TuShare index_daily
2025-11-06,000300.SH,4642.0112,4698.0935,4642.0112,4693.4032,4627.257,66.1462,1.4295,0.014193696383509896,224241008.0,553641780.921,TuShare index_daily
2025-11-07,000300.SH,4673.7616,4701.3743,4666.0405,4678.7944,4693.4032,-14.6088,-0.3113,-0.003117478409014484,212497377.0,507573849.5,TuShare index_daily
2025-11-10,000300.SH,4688.124,4695.1794,4654.2103,4695.0507,4678.7944,16.2563,0.3474,0.0034684414183575644,236026764.0,593977127.605,TuShare index_daily
2025-11-11,000300.SH,4706.3374,4707.1275,4648.4896,4652.1655,4695.0507,-42.8852,-0.9134,-0.009176101204058719,186638858.0,477629076.357,TuShare index_daily
2025-11-12,000300.SH,4643.5592,4669.6073,4620.9897,4645.9079,4652.1655,-6.2576,-0.1345,-0.001345999472266731,209460592.0,492308866.409,TuShare index_daily
2025-11-13,000300.SH,4643.7862,4703.4897,4643.7862,4702.0738,4645.9079,56.1659,1.2089,0.01201683479581121,207367474.0,510060678.21,TuShare index_daily
2025-11-14,000300.SH,4663.3175,4684.2578,4628.0242,4628.1398,4702.0738,-73.934,-1.5724,-0.015848629135239458,192092676.0,444720433.579,TuShare index_daily
2025-11-17,000300.SH,4616.8058,4624.8976,4580.2613,4598.0525,4628.1398,-30.0873,-0.6501,-0.006522172024576896,188955466.0,438940097.528,TuShare index_daily
2025-11-18,000300.SH,4584.7896,4606.6167,4552.8038,4568.1928,4598.0525,-29.8597,-0.6494,-0.006515166165609792,177713185.0,420150126.547,TuShare index_daily
2025-11-19,000300.SH,4568.0365,4607.8627,4568.0365,4588.2922,4568.1928,20.0994,0.44,0.004390207002542607,172924974.0,385230481.97,TuShare index_daily
2025-11-20,000300.SH,4619.5401,4620.6529,4560.1814,4564.9483,4588.2922,-23.3439,-0.5088,-0.005100696438971781,194562593.0,415064817.73,TuShare index_daily
2025-11-21,000300.SH,4513.3858,4527.0436,4453.1819,4453.6076,4564.9483,-111.3407,-2.439,-0.024692724311248634,222851013.0,481295814.463,TuShare index_daily
2025-11-24,000300.SH,4473.1563,4478.8081,4421.8123,4448.0478,4453.6076,-5.5598,-0.1248,-0.0012491610769297722,185833729.0,425807469.5,TuShare index_daily
2025-11-25,000300.SH,4475.8359,4510.7729,4467.3529,4490.4047,4448.0478,42.3569,0.9523,0.009477528029243936,169571929.0,411523796.962,TuShare index_daily
2025-11-26,000300.SH,4490.2021,4538.1361,4485.6984,4517.6255,4490.4047,27.2208,0.6062,0.006043692627946167,156200368.0,427361377.738,TuShare index_daily
2025-11-27,000300.SH,4520.014,4559.2183,4509.8635,4515.4027,4517.6255,-2.2228,-0.0492,-0.0004921494753810251,150311772.0,417789843.568,TuShare index_daily
2025-11-28,000300.SH,4511.4972,4531.7219,4492.4256,4526.6616,4515.4027,11.2589,0.2493,0.0024903396935098345,142902096.0,341832317.979,TuShare index_daily
2025-12-01,000300.SH,4539.1877,4576.9654,4531.2917,4576.4856,4526.6616,49.824,1.1007,0.010946653159669466,200382317.0,463861587.251,TuShare index_daily
2025-12-02,000300.SH,4571.9098,4575.4945,4539.4312,4554.3347,4576.4856,-22.1509,-0.484,-0.004851906559699918,148493132.0,364366426.478,TuShare index_daily
2025-12-03,000300.SH,4554.5894,4569.821,4523.5017,4531.0486,4554.3347,-23.2861,-0.5113,-0.005126069032201992,169762790.0,374486168.903,TuShare index_daily
2025-12-04,000300.SH,4533.6004,4557.4228,4514.1878,4546.5664,4531.0486,15.5178,0.3425,0.0034189189816126045,147198110.0,348767399.212,TuShare index_daily
2025-12-05,000300.SH,4547.9056,4593.8279,4535.0195,4584.5368,4546.5664,37.9704,0.8351,0.008316764805146162,196799968.0,412146806.538,TuShare index_daily
2025-12-08,000300.SH,4593.1399,4640.6256,4592.7414,4621.7545,4584.5368,37.2177,0.8118,0.008085319383845935,199620990.0,496716196.112,TuShare index_daily
2025-12-09,000300.SH,4611.379,4628.7049,4584.254,4598.2232,4621.7545,-23.5313,-0.5091,-0.005104426899569132,184160344.0,452113884.581,TuShare index_daily
2025-12-10,000300.SH,4586.254,4598.5366,4549.0798,4591.8273,4598.2232,-6.3959,-0.1391,-0.0013919185825232096,169111106.0,401452781.498,TuShare index_daily
2025-12-11,000300.SH,4597.1901,4610.2787,4547.1372,4552.1848,4591.8273,-39.6425,-0.8633,-0.008670755885500946,168419405.0,432431093.51,TuShare index_daily
2025-12-12,000300.SH,4558.7375,4583.6753,4530.7841,4580.95,4552.1848,28.7652,0.6319,0.006299106658067917,212826520.0,523863221.652,TuShare index_daily
2025-12-15,000300.SH,4550.0028,4595.0463,4548.4382,4552.0596,4580.95,-28.8904,-0.6307,-0.006326610313397728,167589967.0,424383389.792,TuShare index_daily
2025-12-16,000300.SH,4542.4226,4553.0806,4484.27,4497.5545,4552.0596,-54.5051,-1.1974,-0.01204598527180826,165165201.0,390500134.303,TuShare index_daily
2025-12-17,000300.SH,4499.7729,4594.6556,4498.9304,4579.875,4497.5545,82.3205,1.8303,0.01813790056484832,178424830.0,452504741.114,TuShare index_daily
2025-12-18,000300.SH,4553.9788,4571.9683,4544.1416,4552.7926,4579.875,-27.0824,-0.5913,-0.005930902245165715,151681328.0,382102395.685,TuShare index_daily
2025-12-19,000300.SH,4561.3729,4591.0931,4546.8465,4568.1781,4552.7926,15.3855,0.3379,0.0033736572780755153,154876220.0,371577144.281,TuShare index_daily
2025-12-22,000300.SH,4587.6683,4615.8721,4587.6683,4611.6235,4568.1781,43.4454,0.951,0.009465503998802404,165252856.0,448240599.514,TuShare index_daily
2025-12-23,000300.SH,4616.026,4644.5347,4607.7992,4620.7341,4611.6235,9.1106,0.1976,0.0019736243659572456,169256412.0,433141326.006,TuShare index_daily
2025-12-24,000300.SH,4623.6831,4639.4278,4602.1444,4634.0586,4620.7341,13.3245,0.2884,0.002879483017828682,153711241.0,406375640.662,TuShare index_daily
2025-12-25,000300.SH,4629.3195,4651.1535,4621.9208,4642.5357,4634.0586,8.4771,0.1829,0.0018276324447278989,139434186.0,385356060.832,TuShare index_daily
2025-12-26,000300.SH,4639.7895,4676.131,4635.1052,4657.24,4642.5357,14.7043,0.3167,0.0031622939580590193,175396565.0,460426934.268,TuShare index_daily
2025-12-29,000300.SH,4658.2654,4672.0352,4629.0567,4639.3721,4657.24,-17.8679,-0.3837,-0.0038439641902292404,200397133.0,482613536.467,TuShare index_daily
2025-12-30,000300.SH,4617.3163,4664.3305,4616.6323,4651.2818,4639.3721,11.9097,0.2567,0.0025638037218513182,180374974.0,457185489.037,TuShare index_daily
2025-12-31,000300.SH,4656.48,4667.0467,4622.0988,4629.9395,4651.2818,-21.3423,-0.4588,-0.004599036469006681,170760224.0,444491545.749,TuShare index_daily
2026-01-05,000300.SH,4661.616,4721.6378,4661.616,4717.7457,4629.9395,87.8062,1.8965,0.018787278517093456,234144839.0,630577351.311,TuShare index_daily
2026-01-06,000300.SH,4719.2088,4790.6938,4718.0099,4790.6938,4717.7457,72.9481,1.5462,0.015344164782608284,296970686.0,725414566.873,TuShare index_daily
2026-01-07,000300.SH,4796.9335,4802.6028,4751.0713,4776.6658,4790.6938,-14.028,-0.2928,-0.0029324726234168375,259095564.0,664897929.361,TuShare index_daily
2026-01-08,000300.SH,4761.0105,4765.4863,4717.0091,4737.6536,4776.6658,-39.0122,-0.8167,-0.008200779687864628,238804957.0,630655637.962,TuShare index_daily
2026-01-09,000300.SH,4725.9571,4771.4276,4719.134,4758.9221,4737.6536,21.2685,0.4489,0.0044792009733730246,254688038.0,668788811.127,TuShare index_daily
2026-01-12,000300.SH,4769.6501,4795.9327,4737.5702,4789.9155,4758.9221,30.9934,0.6513,0.006491577328721426,294833165.0,799954082.388,TuShare index_daily
2026-01-13,000300.SH,4798.0488,4836.9549,4745.5154,4761.0324,4789.9155,-28.8831,-0.603,-0.006048234866409194,301449497.0,801054979.64,TuShare index_daily
2026-01-14,000300.SH,4767.6956,4818.1008,4720.246,4741.9306,4761.0324,-19.1018,-0.4012,-0.004020183121144707,364951023.0,891334219.174,TuShare index_daily
2026-01-15,000300.SH,4721.7966,4769.5478,4720.9368,4751.4293,4741.9306,9.4987,0.2003,0.002001125685711866,254003636.0,674058683.64,TuShare index_daily
2026-01-16,000300.SH,4778.4302,4792.5514,4715.3646,4731.8728,4751.4293,-19.5565,-0.4116,-0.0041244131034499296,325278929.0,785624166.096,TuShare index_daily
2026-01-19,000300.SH,4720.1945,4761.6317,4715.0867,4734.4556,4731.8728,2.5828,0.0546,0.0005456814838769734,267612492.0,655149256.236,TuShare index_daily
2026-01-20,000300.SH,4736.9096,4748.2297,4684.9684,4718.8782,4734.4556,-15.5774,-0.329,-0.0032956445691566306,282719579.0,671960685.391,TuShare index_daily
2026-01-21,000300.SH,4714.5541,4758.2793,4714.2366,4723.0692,4718.8782,4.191,0.0888,0.000887740653000851,266353332.0,665330511.237,TuShare index_daily
2026-01-22,000300.SH,4741.7548,4757.7637,4700.4482,4723.7091,4723.0692,0.6399,0.0135,0.0001354747577760709,274199932.0,690235248.161,TuShare index_daily
2026-01-23,000300.SH,4729.585,4734.7942,4684.6172,4702.4966,4723.7091,-21.2125,-0.4491,-0.004500758095729463,314635445.0,755617735.528,TuShare index_daily
2026-01-26,000300.SH,4715.3753,4754.1777,4693.1577,4706.964,4702.4966,4.4674,0.095,0.0009495550330845036,363004481.0,796832970.315,TuShare index_daily
2026-01-27,000300.SH,4705.1744,4736.9857,4675.6409,4705.6918,4706.964,-1.2722,-0.027,-0.00027031690837922264,301475697.0,715267914.84,TuShare index_daily
2026-01-28,000300.SH,4725.6014,4739.6257,4697.9063,4717.9914,4705.6918,12.2996,0.2614,0.0026103608797261027,382255602.0,829414067.055,TuShare index_daily
2026-01-29,000300.SH,4733.0879,4770.9599,4696.0536,4753.8697,4717.9914,35.8783,0.7605,0.007575801886727559,415513055.0,917966160.339,TuShare index_daily
2026-01-30,000300.SH,4723.081,4738.8711,4645.4706,4706.3401,4753.8697,-47.5296,-0.9998,-0.010048402927151283,319786531.0,750564885.195,TuShare index_daily
2026-02-02,000300.SH,4674.2759,4716.6069,4601.7603,4605.9799,4706.3401,-100.3602,-2.1324,-0.02155511962136138,304773500.0,725920381.252,TuShare index_daily
2026-02-03,000300.SH,4648.3574,4662.1264,4578.2087,4660.1074,4605.9799,54.1275,1.1752,0.011683057566509144,265549405.0,666626842.811,TuShare index_daily
2026-02-04,000300.SH,4647.9671,4701.4768,4641.8424,4698.6832,4660.1074,38.5758,0.8278,0.008243804165968633,264881032.0,636018589.863,TuShare index_daily
2026-02-05,000300.SH,4664.7478,4687.0213,4639.43,4670.4188,4698.6832,-28.2644,-0.6015,-0.006033552787481481,237856351.0,550433167.197,TuShare index_daily
2026-02-06,000300.SH,4622.9747,4678.2618,4606.6379,4643.5959,4670.4188,-26.8229,-0.5743,-0.005759701915058707,202716477.0,505759806.238,TuShare index_daily
2026-02-09,000300.SH,4693.6715,4719.9642,4679.9037,4719.0559,4643.5959,75.46,1.625,0.016119713858417335,207251938.0,522757267.199,TuShare index_daily
2026-02-10,000300.SH,4718.2552,4732.0871,4713.8684,4724.2956,4719.0559,5.2397,0.111,0.0011097120630757652,187000958.0,450339578.978,TuShare index_daily
2026-02-11,000300.SH,4715.6697,4723.7043,4703.6873,4713.8185,4724.2956,-10.4771,-0.2218,-0.0022201690279628427,173391681.0,433428613.402,TuShare index_daily
2026-02-12,000300.SH,4720.0085,4726.0426,4707.7359,4719.578,4713.8185,5.7595,0.1222,0.0012210873815480068,197841439.0,490473852.275,TuShare index_daily
2026-02-13,000300.SH,4693.4106,4703.6332,4658.4038,4660.4056,4719.578,-59.1724,-1.2538,-0.01261690584425625,189167756.0,452878594.069,TuShare index_daily
2026-02-24,000300.SH,4727.2961,4727.373,4698.3488,4707.544,4660.4056,47.1384,1.0115,0.010063845316008837,218488890.0,526084235.584,TuShare index_daily
2026-02-25,000300.SH,4713.5754,4766.5587,4713.3438,4735.8858,4707.544,28.3418,0.6021,0.0060024558227702906,284268354.0,596903872.617,TuShare index_daily
2026-02-26,000300.SH,4741.3896,4742.1476,4706.6943,4726.8739,4735.8858,-9.0119,-0.1903,-0.001904709199058713,234847644.0,599848915.405,TuShare index_daily
2026-02-27,000300.SH,4698.3,4721.0141,4692.891,4710.6469,4726.8739,-16.227,-0.3433,-0.003438830246838009,261420865.0,578820992.51,TuShare index_daily
2026-03-02,000300.SH,4681.0141,4735.4055,4667.2752,4728.6688,4710.6469,18.0219,0.3826,0.003818480591298883,349260752.0,752681937.77,TuShare index_daily
2026-03-03,000300.SH,4737.3164,4744.5987,4651.4047,4655.8962,4728.6688,-72.7726,-1.539,-0.01550930889451081,370624272.0,801659243.77,TuShare index_daily
2026-03-04,000300.SH,4609.1918,4639.4204,4575.8249,4602.6247,4655.8962,-53.2715,-1.1442,-0.01150768863746393,303035666.0,608923128.59,TuShare index_daily
2026-03-05,000300.SH,4651.9415,4671.5268,4630.3024,4647.6921,4602.6247,45.0674,0.9792,0.009744046081069595,259317825.0,570443777.085,TuShare index_daily
2026-03-06,000300.SH,4621.4939,4671.7126,4612.7943,4660.439,4647.6921,12.7469,0.2743,0.002738875899232227,238527926.0,487807080.157,TuShare index_daily
2026-03-09,000300.SH,4600.2535,4625.9814,4548.969,4615.4551,4660.439,-44.9839,-0.9652,-0.009699173398410947,322787617.0,665821508.005,TuShare index_daily
2026-03-10,000300.SH,4648.7851,4677.5958,4648.7851,4674.7562,4615.4551,59.3011,1.2848,0.012766535337565442,263903748.0,557607876.149,TuShare index_daily
2026-03-11,000300.SH,4681.0316,4711.8671,4674.7088,4704.4959,4674.7562,29.7397,0.6362,0.0063416143101133245,270175443.0,579564397.6,TuShare index_daily
2026-03-12,000300.SH,4700.7205,4704.3791,4654.3147,4687.5601,4704.4959,-16.9358,-0.36,-0.003606413410628779,302986816.0,572105482.464,TuShare index_daily
2026-03-13,000300.SH,4669.0619,4707.4194,4659.4979,4669.14,4687.5601,-18.4201,-0.393,-0.00393731200091498,310772009.0,580305608.198,TuShare index_daily
2026-03-16,000300.SH,4669.2241,4673.6929,4621.8118,4671.5591,4669.14,2.4191,0.0518,0.0005179698067964963,296215070.0,598799098.356,TuShare index_daily
2026-03-17,000300.SH,4685.5697,4720.8608,4637.368,4637.4392,4671.5591,-34.1199,-0.7304,-0.007330553018070816,263021913.0,578501505.808,TuShare index_daily
2026-03-18,000300.SH,4648.7517,4662.2936,4604.5163,4658.3324,4637.4392,20.8932,0.4505,0.004495212679770905,234690705.0,524173911.454,TuShare index_daily
2026-03-19,000300.SH,4611.4399,4634.5468,4570.392,4583.2511,4658.3324,-75.0813,-1.6118,-0.016248936549918862,254130449.0,547850295.789,TuShare index_daily
2026-03-20,000300.SH,4602.8205,4628.7118,4563.0687,4567.0179,4583.2511,-16.2332,-0.3542,-0.0035481398482115844,257873703.0,615463088.558,TuShare index_daily
2026-03-23,000300.SH,4499.1004,4514.7182,4397.5661,4417.9971,4567.0179,-149.0208,-3.263,-0.033174005025024496,328081945.0,671719761.061,TuShare index_daily
2026-03-24,000300.SH,4458.9074,4474.825,4394.2943,4474.7224,4417.9971,56.7253,1.284,0.012757867691010732,255532517.0,530149390.314,TuShare index_daily
2026-03-25,000300.SH,4506.6247,4542.1806,4502.0265,4537.4656,4474.7224,62.7432,1.4022,0.013924302011906592,262639279.0,550428161.188,TuShare index_daily
2026-03-26,000300.SH,4525.3291,4541.0502,4468.9571,4477.5343,4537.4656,-59.9313,-1.3208,-0.013296102846779104,213736788.0,471127498.414,TuShare index_daily
2026-03-27,000300.SH,4431.5034,4519.8903,4431.4205,4502.5698,4477.5343,25.0355,0.5591,0.005575784998188893,192400388.0,440517561.617,TuShare index_daily
2026-03-30,000300.SH,4461.7367,4496.4109,4447.1373,4491.95,4502.5698,-10.6198,-0.2359,-0.0023613945315523644,209293092.0,444629519.711,TuShare index_daily
2026-03-31,000300.SH,4491.9209,4523.1745,4450.0493,4450.0493,4491.95,-41.9007,-0.9328,-0.009371731146404768,224541585.0,484558113.011,TuShare index_daily
2026-04-01,000300.SH,4517.2717,4532.1093,4492.0544,4526.0668,4450.0493,76.0175,1.7082,0.016938131503208057,216483196.0,503744056.996,TuShare index_daily
2026-04-02,000300.SH,4514.4416,4519.6931,4459.6095,4478.9141,4526.0668,-47.1527,-1.0418,-0.010472677618452112,190992161.0,429949131.7,TuShare index_daily
2026-04-03,000300.SH,4492.8461,4494.4571,4437.5952,4440.7889,4478.9141,-38.1252,-0.8512,-0.008548587812162561,168321705.0,373234910.158,TuShare index_daily
2026-04-07,000300.SH,4445.8613,4458.9264,4420.6939,4440.6162,4440.7889,-0.1727,-0.0039,-3.889024272089768e-05,162638787.0,378261695.015,TuShare index_daily
2026-04-08,000300.SH,4517.3403,4595.556,4513.7705,4595.556,4440.6162,154.9398,3.4892,0.03429659897740949,253339213.0,641779180.97,TuShare index_daily
2026-04-09,000300.SH,4562.6696,4579.197,4552.4244,4566.2237,4595.556,-29.3323,-0.6383,-0.006403210114583198,184939783.0,500445676.661,TuShare index_daily
2026-04-10,000300.SH,4594.9467,4655.0988,4590.1089,4636.5655,4566.2237,70.3418,1.5405,0.015287358732672058,208678605.0,625717995.648,TuShare index_daily
2026-04-13,000300.SH,4615.133,4653.3983,4615.133,4646.1546,4636.5655,9.5891,0.2068,0.002066011537037725,196712277.0,556620945.24,TuShare index_daily
2026-04-14,000300.SH,4676.1235,4701.2837,4654.8526,4701.2837,4646.1546,55.1291,1.1866,0.011795689352143368,204700332.0,605717793.585,TuShare index_daily
2026-04-15,000300.SH,4726.6381,4731.2729,4672.556,4685.2464,4701.2837,-16.0373,-0.3411,-0.003417091392478743,201688500.0,604550556.798,TuShare index_daily
2026-04-16,000300.SH,4694.4309,4739.2208,4689.414,4736.6077,4685.2464,51.3613,1.0962,0.010902696693278813,192057600.0,567611323.592,TuShare index_daily
2026-04-17,000300.SH,4728.9951,4738.3236,4714.4669,4728.6716,4736.6077,-7.9361,-0.1675,-0.0016768869904682999,182915336.0,587622682.308,TuShare index_daily
2026-04-20,000300.SH,4727.1661,4763.0427,4720.6853,4757.4419,4728.6716,28.7703,0.6084,0.006065790423872393,221633494.0,626568410.331,TuShare index_daily
2026-04-21,000300.SH,4750.5149,4776.8258,4722.0074,4767.997,4757.4419,10.5551,0.2219,0.0022161927509973633,205614058.0,580407995.62,TuShare index_daily
2026-04-22,000300.SH,4751.2794,4801.4465,4750.3502,4799.627,4767.997,31.63,0.6634,0.006611905992843182,204481830.0,619505670.177,TuShare index_daily
2026-04-23,000300.SH,4816.0267,4823.4704,4759.86,4786.3273,4799.627,-13.2997,-0.2771,-0.002774832451190693,232865736.0,693853775.976,TuShare index_daily
2026-04-24,000300.SH,4771.7348,4786.444,4735.606,4769.3688,4786.3273,-16.9585,-0.3543,-0.0035494050096433406,193798314.0,680097832.547,TuShare index_daily
2026-04-27,000300.SH,4776.3351,4795.1682,4762.6441,4770.9469,4769.3688,1.5781,0.0331,0.0003308276296125082,192796550.0,648904814.981,TuShare index_daily
2026-04-28,000300.SH,4757.0766,4778.1891,4743.4355,4758.2083,4770.9469,-12.7386,-0.267,-0.002673606908646539,216724233.0,631521664.931,TuShare index_daily
2026-04-29,000300.SH,4737.5755,4813.6104,4737.1139,4810.3468,4758.2083,52.1385,1.0958,0.010897991489509644,233298110.0,681020507.301,TuShare index_daily
2026-04-30,000300.SH,4820.9716,4829.2715,4797.5445,4807.3069,4810.3468,-3.0399,-0.0632,-0.0006321500432548737,250633370.0,726665374.516,TuShare index_daily
2026-05-06,000300.SH,4857.6537,4892.7957,4834.2807,4877.0932,4807.3069,69.7863,1.4517,0.014412355386543571,274443880.0,881744311.635,TuShare index_daily
2026-05-07,000300.SH,4895.8001,4901.8575,4866.8749,4900.5098,4877.0932,23.4166,0.4801,0.004789853867043837,257833972.0,787236200.023,TuShare index_daily
2026-05-08,000300.SH,4871.1185,4887.2129,4849.9871,4871.9122,4900.5098,-28.5976,-0.5836,-0.005852731622297235,251720996.0,716546104.146,TuShare index_daily
2026-05-11,000300.SH,4902.2775,4960.3975,4889.5659,4951.8366,4871.9122,79.9244,1.6405,0.016272029170167585,305734801.0,904479321.902,TuShare index_daily
2026-05-12,000300.SH,4965.0175,4971.3026,4926.7897,4948.0465,4951.8366,-3.7901,-0.0765,-0.0007656858463650147,273812001.0,819351442.664,TuShare index_daily
2026-05-13,000300.SH,4919.4248,5001.1201,4919.4248,4998.3417,4948.0465,50.2952,1.0165,0.01011334520021664,268454537.0,823173197.929,TuShare index_daily
2026-05-14,000300.SH,5027.6405,5030.5187,4913.6037,4914.5971,4998.3417,-83.7446,-1.6754,-0.016896420734000092,280695379.0,857446326.248,TuShare index_daily
2026-05-15,000300.SH,4911.6223,4935.6173,4832.6899,4859.5927,4914.5971,-55.0044,-1.1192,-0.011255148872686452,276967769.0,887687426.985,TuShare index_daily
2026-05-18,000300.SH,4836.3286,4868.6008,4806.1455,4833.5237,4859.5927,-26.069,-0.5364,-0.005378881626373026,239077587.0,733452822.624,TuShare index_daily
2026-05-19,000300.SH,4818.7051,4854.5247,4773.534,4852.8832,4833.5237,19.3595,0.4005,0.003997256356691384,232280852.0,712401049.985,TuShare index_daily
2026-05-20,000300.SH,4829.6129,4866.2121,4825.643,4850.7,4852.8832,-2.1832,-0.045,-0.0004499781146490447,220023206.0,729653332.839,TuShare index_daily
2026-05-21,000300.SH,4886.2389,4937.9327,4780.7107,4783.0976,4850.7,-67.6024,-1.3937,-0.014034654338595203,287342507.0,891936347.97,TuShare index_daily
2026-05-22,000300.SH,4818.8435,4851.3489,4785.3486,4845.0956,4783.0976,61.998,1.2962,0.01287860673706273,286940435.0,771823300.851,TuShare index_daily
2026-05-25,000300.SH,4873.1962,4922.4375,4857.1345,4921.5974,4845.0956,76.5018,1.579,0.015666175775299437,264743236.0,861179421.9,TuShare index_daily
2026-05-26,000300.SH,4900.1152,4952.7412,4892.683,4947.8493,4921.5974,26.2519,0.5334,0.005319844710714726,302799476.0,899094487.857,TuShare index_daily
2026-05-27,000300.SH,4940.9454,4974.2108,4891.3428,4908.1714,4947.8493,-39.6779,-0.8019,-0.008051548501949888,301709175.0,909011906.95,TuShare index_daily
2026-05-28,000300.SH,4889.2659,4922.3297,4843.2265,4914.2133,4908.1714,6.0419,0.1231,0.0012302309360817918,267432731.0,819897918.903,TuShare index_daily
2026-05-29,000300.SH,4937.5119,4954.0703,4878.7869,4892.1213,4914.2133,-22.092,-0.4496,-0.004505666648206661,332518610.0,942236490.058,TuShare index_daily
2026-06-01,000300.SH,4897.8968,4918.7935,4836.6851,4844.2556,4892.1213,-47.8657,-0.9784,-0.009832422494559519,296134051.0,823984849.0,TuShare index_daily
2026-06-02,000300.SH,4860.6119,4930.2776,4831.9972,4914.5591,4844.2556,70.3035,1.4513,0.01440845398306778,281731662.0,806751344.395,TuShare index_daily
2026-06-03,000300.SH,4921.3445,4991.8525,4904.8969,4938.8091,4914.5591,24.25,0.4934,0.00492218467194442,304035947.0,906047729.419,TuShare index_daily
2026-06-04,000300.SH,4897.3164,4938.7814,4889.7456,4904.7454,4938.8091,-34.0637,-0.6897,-0.0069210438105936824,264808910.0,736143410.003,TuShare index_daily
2026-06-05,000300.SH,4886.9645,4924.3438,4798.9103,4816.9199,4904.7454,-87.8255,-1.7906,-0.018068486549197182,301929336.0,839863796.396,TuShare index_daily
2026-06-08,000300.SH,4703.773,4779.8623,4677.5682,4713.6358,4816.9199,-103.2841,-2.1442,-0.021675156601350522,299647565.0,761046395.1659,TuShare index_daily
2026-06-09,000300.SH,4743.4505,4802.5047,4715.3907,4801.8106,4713.6358,88.1748,1.8706,0.01853351282054119,258391601.0,713286998.8209,TuShare index_daily
2026-06-10,000300.SH,4753.1154,4786.5162,4718.9946,4748.5932,4801.8106,-53.2174,-1.1083,-0.011144649363031658,259297109.0,694628416.0573,TuShare index_daily
2026-06-11,000300.SH,4730.072,4766.1728,4685.5014,4722.4122,4748.5932,-26.181,-0.5513,-0.005528677385810438,247177059.0,653931756.2594,TuShare index_daily
2026-06-12,000300.SH,4784.6396,4809.8606,4757.5574,4777.3206,4722.4122,54.9084,1.1627,0.01156011703366715,335922063.0,871477325.2014,TuShare index_daily
2026-06-15,000300.SH,4829.2886,4892.5502,4803.1836,4891.7126,4777.3206,114.392,2.3945,0.02366262171438832,331316076.0,914145755.8047,TuShare index_daily
2026-06-16,000300.SH,4894.8785,4908.2817,4866.0613,4884.2322,4891.7126,-7.4804,-0.1529,-0.001530369005345078,282584743.0,857202587.4781,TuShare index_daily
2026-06-17,000300.SH,4859.7012,4933.9288,4859.7012,4931.3861,4884.2322,47.1539,0.9654,0.009608006608348506,276053950.0,850367581.5807,TuShare index_daily
2026-06-18,000300.SH,4916.0442,4976.8909,4916.0442,4941.5986,4931.3861,10.2125,0.2071,0.0020687773662452385,334459902.0,1021710711.0561,TuShare index_daily
2026-06-22,000300.SH,4949.3457,5061.5105,4928.4582,5059.6582,4941.5986,118.0596,2.3891,0.023610049520233017,375100124.0,1145900296.7575,TuShare index_daily
2026-06-23,000300.SH,5048.0255,5064.2654,4892.0944,4919.386,5059.6582,-140.2722,-2.7724,-0.02811520564220836,342719336.0,1047052858.8213,TuShare index_daily
2026-06-24,000300.SH,4900.3838,4953.2321,4892.2676,4943.0197,4919.386,23.6337,0.4804,0.004792693782340063,312249025.0,964945849.9787,TuShare index_daily
2026-06-25,000300.SH,4950.9753,5031.9994,4944.876,5020.1038,4943.0197,77.0841,1.5595,0.01547419102987474,346664289.0,1110040892.2561,TuShare index_daily
2026-06-26,000300.SH,4981.8251,4981.983,4845.1921,4868.2205,5020.1038,-151.8833,-3.0255,-0.03072214087187831,341179238.0,1068082662.0869,TuShare index_daily
2026-06-29,000300.SH,4866.0432,4928.5987,4827.149,4926.921,4868.2205,58.7005,1.2058,0.011985779426626321,323216134.0,1053723822.5525,TuShare index_daily
2026-06-30,000300.SH,4914.4934,4987.5599,4914.4934,4979.4328,4926.921,52.5118,1.0658,0.01060173963218757,306150226.0,985795205.7039,TuShare index_daily
2026-07-01,000300.SH,4972.6923,5017.3754,4925.6309,4958.9773,4979.4328,-20.4555,-0.4108,-0.004116459006911529,342934747.0,1101717525.9687,TuShare index_daily
2026-07-02,000300.SH,4865.1713,4896.9934,4800.4842,4812.2957,4958.9773,-146.6816,-2.9579,-0.030025283195985117,343243758.0,1027796834.2327,TuShare index_daily
2026-07-03,000300.SH,4809.4988,4890.9652,4809.4988,4842.1737,4812.2957,29.878,0.6209,0.006189484713631253,301067568.0,942569894.3498,TuShare index_daily
2026-07-06,000300.SH,4868.5422,4878.3231,4789.7956,4841.998,4842.1737,-0.1757,-0.0036,-3.62860150486603e-05,294050543.0,907946016.9534,TuShare index_daily
2026-07-07,000300.SH,4813.8707,4839.5098,4756.725,4792.2624,4841.998,-49.7356,-1.0272,-0.010324828219453176,246305999.0,762617505.5888,TuShare index_daily
2026-07-08,000300.SH,4804.4837,4830.0464,4751.4045,4755.5338,4792.2624,-36.7286,-0.7664,-0.0076936667691582285,243928749.0,783248978.2806,TuShare index_daily
2026-07-09,000300.SH,4774.4021,4882.8477,4734.8666,4876.3125,4755.5338,120.7787,2.5398,0.02508034850822912,281627705.0,947119396.8138,TuShare index_daily
2026-07-10,000300.SH,4887.5355,4906.4898,4780.7468,4780.7867,4876.3125,-95.5258,-1.959,-0.019784184431682877,304130286.0,1083913073.0394,TuShare index_daily
2026-07-13,000300.SH,4745.4383,4775.2355,4670.2496,4695.383,4780.7867,-85.4037,-1.7864,-0.01802542907335032,278634853.0,907944677.889,TuShare index_daily
2026-07-14,000300.SH,4691.1224,4796.502,4649.0444,4796.502,4695.383,101.119,2.1536,0.02130721676857777,283250986.0,924097145.1325,TuShare index_daily
2026-07-15,000300.SH,4797.943,4826.8637,4772.0415,4786.7828,4796.502,-9.7192,-0.2026,-0.0020283657503912377,278692669.0,858314510.3318,TuShare index_daily
2026-07-16,000300.SH,4711.532,4771.0573,4673.3503,4698.4344,4786.7828,-88.3484,-1.8457,-0.01862918965531543,251560977.0,798830386.8211,TuShare index_daily
2026-07-17,000300.SH,4661.6218,4663.5311,4492.085,4529.0953,4698.4344,-169.3391,-3.6042,-0.036707140315421015,302629886.0,920822412.822,TuShare index_daily
2026-07-20,000300.SH,4575.6712,4628.7985,4521.1808,4598.3208,4529.0953,69.2255,1.5285,0.015168986846840348,333116058.0,933403207.7406,TuShare index_daily
2026-07-21,000300.SH,4630.8532,4739.2326,4566.281,4739.2287,4598.3208,140.9079,3.0643,0.0301832075752162,345403590.0,1016727269.5794,TuShare index_daily
2026-07-22,000300.SH,4710.6602,4772.0815,4692.833,4717.2442,4739.2287,-21.9845,-0.4639,-0.004649627792401307,285556357.0,921519272.2054,TuShare index_daily
2026-07-23,000300.SH,4735.1706,4737.5092,4698.8717,4728.0018,4717.2442,10.7576,0.228,0.002277887659370913,247331675.0,741818580.5601,TuShare index_daily
2026-07-24,000300.SH,4685.4082,4704.0843,4642.9387,4649.1917,4728.0018,-78.8101,-1.6669,-0.016809284281939053,221261212.0,626378644.3679,TuShare index_daily
