date,oas_change_bps,csi300_log_return,rolling_63d_corr,rolling_252d_corr
2016-07-26,,0.01190795074409212,,
2016-07-27,6.0,-0.015828485797177723,,
2016-07-28,3.0,0.0008986891344864949,,
2016-07-29,7.0,-0.005355941470840886,,
2016-08-01,0.0,-0.008501040775170844,,
2016-08-02,4.0,0.0038467108139667687,,
2016-08-03,-1.0,0.0013958037475924041,,
2016-08-04,-7.0,0.0024336988135545256,,
2016-08-05,-19.0,0.0011929636330307713,,
2016-08-08,-4.0,0.0090299962272696,,
2016-08-09,-6.0,0.007024346213754837,,
2016-08-10,2.0,-0.004196844279891693,,
2016-08-11,-7.0,-0.0030819725776225675,,
2016-08-12,3.0,0.0186516084752912,,
2016-08-15,-11.0,0.029665835270030912,,
2016-08-16,-6.0,-0.0044830382056433955,,
2016-08-17,2.0,-0.0015397054335406538,,
2016-08-18,1.0,-0.0025417330025779114,,
2016-08-19,-5.0,0.00015888241914154328,,
2016-08-22,3.0,-0.008423081973935091,,
2016-08-23,-4.0,0.001507765799100466,,
2016-08-24,-1.0,-0.0035873092519213734,,
2016-08-25,1.0,-0.006293594682544413,,
2016-08-26,-10.0,-0.0005688882496628478,,
2016-08-29,5.999999999999943,0.00020892318557031632,,
2016-08-30,-2.999999999999943,0.0012707394917260413,,
2016-08-31,2.999999999999943,0.004761190123554675,,
2016-09-01,2.000000000000057,-0.007909419657862729,,
2016-09-02,-3.0,0.003790236030935871,,
2016-09-05,0.0,0.0016781048331221168,,
2016-09-06,0.0,0.006888212590956062,,
2016-09-07,-2.0,-0.0005412479816442902,,
2016-09-08,-8.0,-0.0003751881748008009,,
2016-09-09,10.999999999999943,-0.006464806864577446,,
2016-09-12,8.000000000000057,-0.016849711194467095,,
2016-09-13,6.0,-0.0006964040852559073,,
2016-09-14,2.0,-0.006648090624313015,,
2016-09-19,-2.0,0.007503833241994968,,
2016-09-20,-1.0,-0.0017547050848636815,,
2016-09-21,-2.0,0.0028304261128174898,,
2016-09-22,-13.0,0.007467465563396537,,
2016-09-23,0.9999999999999432,-0.004706906778287755,,
2016-09-26,6.000000000000057,-0.017051867513477082,,
2016-09-27,2.0,0.00633671160304996,,
2016-09-28,-4.0,-0.0030484390410734077,,
2016-09-29,-5.0,0.004168784711216974,,
2016-09-30,-12.0,0.00273864402116231,,
2016-10-10,0.0,0.012397637714891285,,
2016-10-11,-1.0,0.003844726157200156,,
2016-10-12,0.0,-0.0019820890169864208,,
2016-10-13,7.0,0.0007983455080768248,,
2016-10-14,-10.0,0.0009692376037757813,,
2016-10-17,4.0,-0.008496576213721017,,
2016-10-18,-4.0,0.013169552354076618,,
2016-10-19,-6.0,-0.0015342056266713757,,
2016-10-20,-4.0,0.0007125110125025173,,
2016-10-21,0.0,0.0027490618010714697,,
2016-10-24,-2.000000000000057,0.01190033732074127,,
2016-10-25,0.0,-3.655513169800312e-05,,
2016-10-26,6.000000000000057,-0.0037649315438644418,,
2016-10-27,3.000000000000057,-0.002717800758593384,,
2016-10-28,6.999999999999943,-0.0016658540876975168,,
2016-10-31,15.0,-0.0011528362951734367,,
2016-11-01,14.0,0.006802888045893891,-0.3541456725126658,
2016-11-02,10.0,-0.007680118147076697,-0.35284827798765717,
2016-11-03,0.0,0.00947469849780264,-0.3487307917821152,
2016-11-04,5.0,-0.003247414075435183,-0.34353237022033,
2016-11-07,-19.0,0.0007202456245417308,-0.3241164962363155,
2016-11-08,-2.999999999999943,0.004318296741261629,-0.3321467609440882,
2016-11-09,-4.0,-0.0053725699978424205,-0.32346511891956337,
2016-11-10,2.999999999999943,0.01113862547894849,-0.3041676645644147,
2016-11-11,0.0,0.007817270343318574,-0.31944610918858174,
2016-11-14,14.000000000000057,0.0038049431537427606,-0.28704792028057563,
2016-11-15,-17.0,-0.00011034795783432362,-0.2595524712477577,
2016-11-16,0.0,-8.093929472776848e-05,-0.2570394639291942,
2016-11-17,-9.000000000000114,0.0020223634853321413,-0.2676344012695782,
2016-11-18,-0.9999999999999432,-0.005567457253369951,-0.29911891418704795,
2016-11-21,-6.0,0.006898029062729212,-0.24591978933818406,
2016-11-22,-8.0,0.007888658427169803,-0.2755408071559499,
2016-11-23,-4.0,0.001833535039771207,-0.27534746747845484,
2016-11-24,0.0,0.004024235250442054,-0.2727492885168136,
2016-11-25,-2.000000000000057,0.009289088397475146,-0.2751058769460755,
2016-11-28,2.000000000000057,0.003906342709372829,-0.2642732335591357,
2016-11-29,3.000000000000057,0.00815871718004215,-0.25120934539225426,
2016-11-30,-2.000000000000057,-0.007332966739201804,-0.2446175991255918,
2016-12-01,-5.0,0.007612273608875042,-0.25157636661698074,
2016-12-02,1.9999999999999432,-0.010172443878838089,-0.2654483878463647,
2016-12-05,-5.999999999999943,-0.01701793565997444,-0.21365569223696457,
2016-12-06,-8.0,-0.0029599243128228037,-0.2011723211282069,
2016-12-07,-8.0,0.004785658116097955,-0.2154017419787901,
2016-12-08,-4.0,-0.0016138180412017936,-0.20672305442044422,
2016-12-09,-10.0,0.006765772825280966,-0.21955661290290085,
2016-12-12,-3.0,-0.024489843866090665,-0.18315765430397485,
2016-12-13,-5.0,-0.0012162517829687064,-0.1839841767133765,
2016-12-14,-8.0,-0.00769174601171859,-0.16433685377192095,
2016-12-15,8.0,-0.011462940585333025,-0.1929422644720604,
2016-12-16,1.0,0.0016740390902915004,-0.17330360242895865,
2016-12-19,2.000000000000057,-0.00510795606111114,-0.136827827012714,
2016-12-20,-3.000000000000057,-0.006001361660447885,-0.13137184035562519,
2016-12-21,-0.9999999999999432,0.008866987380399797,-0.12249359597258848,
2016-12-22,-2.000000000000057,-0.0008582292238395543,-0.12167289569794223,
2016-12-23,-1.0,-0.008451579554493814,-0.12121277603574782,
2016-12-27,-4.999999999999943,-0.001812199347129835,-0.11811578080180614,
2016-12-28,4.0,-0.004380756494092432,-0.10012197926056149,
2016-12-29,2.999999999999943,-0.0012497324402671603,-0.0985571421523899,
2016-12-30,3.0,0.003727694321920061,-0.055178474222957914,
2017-01-03,-9.0,0.009664811138848765,-0.08570410299218681,
2017-01-04,-11.000000000000057,0.007774228497749764,-0.1105150266076724,
2017-01-05,2.000000000000057,-0.0001551342560940013,-0.10718292961716545,
2017-01-06,-6.0,-0.005992969390497952,-0.08965400027781956,
2017-01-09,3.999999999999943,0.004837895379147162,-0.08796282693611583,
2017-01-10,-1.9999999999999432,-0.0016749944746291014,-0.08781201872358055,
2017-01-11,3.0,-0.007105073289585152,-0.09644176109865085,
2017-01-12,2.0,-0.005072469361016922,-0.10488323529234192,
2017-01-13,-3.000000000000057,0.0006894425844824638,-0.10382475913029111,
2017-01-16,-1.9999999999999432,-0.0001405858885322311,-0.08969169008948306,
2017-01-17,5.999999999999943,0.002079749802642117,-0.07249805807775496,
2017-01-18,-4.999999999999943,0.0039032582808338225,-0.08084154316931456,
2017-01-19,-2.0,-0.003021961272486019,-0.0790122556325318,
2017-01-20,2.999999999999943,0.007659917017705633,-0.06808316131831979,
2017-01-23,8.0,0.0027360461114876037,-0.05495650911542719,
2017-01-24,-8.0,0.00011000914222430327,-0.05496847061697619,
2017-01-25,-8.999999999999943,0.0033984295643869795,-0.05516433795829954,
2017-01-26,0.0,0.003564947888545204,-0.049550355680433464,
2017-02-03,-7.0,-0.006951072400334702,-0.02988340276282537,
2017-02-06,5.0,0.002586285592632144,-0.01744141817639754,
2017-02-07,2.0,-0.0022318818445456945,-0.0641133886165756,
2017-02-08,5.0,0.005216479810918396,-0.01399337177764611,
2017-02-09,-5.0,0.003836407437192441,-0.026320269811410963,
2017-02-10,-3.0,0.005049924831800413,-0.018644950308162482,
2017-02-13,-4.0,0.006653744973676488,-0.022211143448847167,
2017-02-14,-6.0,-0.00013701821152957766,-0.019384546992284094,
2017-02-15,-3.0,-0.004109685536673305,-0.022589580972562816,
2017-02-16,6.0,0.005601352508163811,-0.02753369378583383,
2017-02-17,3.0,-0.005680614193787631,-0.04621979585835124,
2017-02-20,0.0,0.014493768687695141,-0.06312090342682908,
2017-02-21,-5.0,0.0032873327348675757,-0.07454267829214582,
2017-02-22,-3.0,0.0019888484847383437,-0.07535850351867499,
2017-02-23,-1.0,-0.004720074967268536,-0.07161953574106143,
2017-02-24,7.0,0.00015203301434385405,-0.06818338605681087,
2017-02-27,-9.0,-0.007985187676467454,-0.023397252636303056,
2017-02-28,-1.0,0.0019096884756218898,0.0023026118213658174,
2017-03-01,-17.0,0.0016284472283388108,-0.008375048791848921,
2017-03-02,-2.0,-0.0067719661759197015,-0.01110454795441746,
2017-03-03,5.0,-0.0021079836184837606,-0.01520677889124223,
2017-03-06,6.0,0.005417604344606997,-0.0016248378166734629,
2017-03-07,7.0,0.0021658046094139493,-0.009233212920017305,
2017-03-08,6.0,-0.0015139612711579506,-0.01415693885007608,
2017-03-09,9.0,-0.0063375807051733735,-0.02680328031639772,
2017-03-10,1.0,0.00027653472351488564,-0.012529916109056329,
2017-03-13,5.0,0.00877334864193802,-0.025169922195470398,
2017-03-14,11.0,-0.00040625954944027487,-0.03571621209098203,
2017-03-15,-3.000000000000057,0.0020086311798897453,-0.021803860214942863,
2017-03-16,-13.999999999999943,0.005144032562317347,-0.054168191584580146,
2017-03-17,3.0,-0.010307552955506163,-0.04241787767253077,
2017-03-20,6.0,0.0011043567054596322,-0.07572359734388492,
2017-03-21,7.0,0.004839309108162561,-0.060420875917242246,
2017-03-22,12.0,-0.0047124623293353035,-0.12187691662085956,
2017-03-23,-4.999999999999943,0.003451378133960319,-0.08530217020489389,
2017-03-24,-4.000000000000057,0.00794687069947966,-0.09903191423868604,
2017-03-27,5.0,-0.0033185450444427754,-0.10312238459583613,
2017-03-28,-11.0,-0.002368849774787695,-0.0944972513771896,
2017-03-29,-7.0,-0.001331218154607123,-0.08615851172540522,
2017-03-30,-9.0,-0.008239832374357891,-0.04681383742920669,
2017-03-31,7.0,0.005596431217114241,-0.03043688136554549,
2017-04-05,-7.0,0.013749676793178263,-0.07532711105993949,
2017-04-06,2.0,0.0028936431318037823,-0.06237927985733963,
2017-04-07,-7.0,0.0009717685456167432,-0.05817416567905748,
2017-04-10,0.0,-0.003509870443761566,-0.06431231261629178,
2017-04-11,8.0,0.0034713760542855474,-0.018264867003220102,
2017-04-12,2.0,-0.0022455002853585654,0.01583728438563479,
2017-04-13,7.0,0.001459993546077126,0.01942739816255033,
2017-04-17,-3.0,-0.0018841175982784407,0.003388687360846956,
2017-04-18,7.0,-0.004954520094993246,-0.0251361326685477,
2017-04-19,-6.0,-0.004882837948266378,-0.01082408986348272,
2017-04-20,-3.0,0.0045377340201217834,-0.00443905623226762,
2017-04-21,-1.0,0.0015121674401230765,0.0017731026623530582,
2017-04-24,-11.0,-0.010300922397859099,0.058568130737762555,
2017-04-25,-8.0,0.0028274962367554088,0.049473960654701846,
2017-04-26,-2.0,0.0012224235429179387,0.04515888554813916,
2017-04-27,2.0,0.0004460306351600045,0.05219214119329662,
2017-04-28,-3.0,-0.0020234457246328286,0.05279860458512627,
2017-05-02,1.0,-0.003837979515030131,0.03807766635364927,
2017-05-03,-3.0,-0.003932455485719591,0.03371377377943509,
2017-05-04,4.0,-0.0025645136985957425,0.02643511199930579,
2017-05-05,2.0,-0.006434795735926154,0.03205666329782883,
2017-05-08,-2.0,-0.007042433158971218,0.0369282873589131,
2017-05-09,-6.0,-0.0018714883310459937,0.019696762602506804,
2017-05-10,-2.0,-0.004433843806724372,0.01638420806793417,
2017-05-11,0.0,0.005660074600273593,0.020315388069239246,
2017-05-12,5.0,0.008523544679708842,0.028926444715359934,
2017-05-15,-5.0,0.004072480409697438,0.028388497970569092,
2017-05-16,-1.0,0.008628078763215188,0.03183196221507511,
2017-05-17,13.0,-0.005464131934695424,0.00746870625397202,
2017-05-18,1.0,-0.0034820139996903057,0.005347885840318699,
2017-05-19,-7.0,0.0016867196389440404,-0.005743901444335468,
2017-05-22,-6.0,0.002168571558962522,-0.02812528691586505,
2017-05-23,-5.0,0.0037906350867286664,-0.027173044156155807,
2017-05-24,1.0,-7.91430253039329e-06,-0.03219352025631553,
2017-05-25,-1.0,0.017798663011057387,-0.02750782425101491,
2017-05-26,0.0,-0.0014997219471536538,-0.025489140338681406,
2017-05-31,6.0,0.0035707568314135704,-0.01713109148392108,
2017-06-01,-5.0,0.0013886318825212262,-0.01952019845340984,
2017-06-02,0.0,-0.0032160408791855996,-0.05506661267888723,
2017-06-05,-1.0,-0.0051050961415664035,-0.052170253475365164,
2017-06-06,4.0,0.006931674878540226,-0.02928656842535984,
2017-06-07,1.0,0.011667028179158117,-0.031215126540740597,
2017-06-08,3.0,0.007641297664501799,-0.014618287497136135,
2017-06-09,-3.0,0.004257084490128767,-0.03373850995857577,
2017-06-12,-2.0,-0.0004981148641617354,-0.03821130318739958,
2017-06-13,-3.0,0.0022015875295422825,-0.033650332201580396,
2017-06-14,2.0,-0.0131981582280622,-0.017034760395262746,
2017-06-15,2.0,-0.0018420208809083619,-0.019690023075787478,
2017-06-16,4.0,-0.0028468053460470708,-0.04988511314965253,
2017-06-19,-6.0,0.009870582290651478,-0.0705536324321917,
2017-06-20,7.0,-0.0020200398710990114,-0.07743794880297099,
2017-06-21,8.0,0.011622892462132673,-0.0006080531639653849,
2017-06-22,2.0,0.000665199537365851,0.017495096091124984,
2017-06-23,-1.0,0.009022543465296705,0.013551484137177404,
2017-06-26,-3.0,0.012401463291442894,-0.016040361945306936,
2017-06-27,-6.0,0.0018040244571579066,0.019812697868458996,
2017-06-28,0.0,-0.0077992639394721675,0.021575975548033414,
2017-06-29,-1.0,0.006195868635291732,0.03315211006123993,
2017-06-30,1.0,-0.000553517903594956,0.04518829028449685,
2017-07-03,-5.0,-0.004359716123344102,0.04017557989237077,
2017-07-04,0.0,-0.00848937016918417,0.029383247073161357,
2017-07-05,1.0,0.010905941710095658,-0.0061747998897641885,
2017-07-06,5.0,0.00011399255634387506,-0.028069534944471616,
2017-07-07,5.0,-0.0011392524987576937,0.015247767215562999,
2017-07-10,0.0,-0.0006135753341008933,0.012342526528763772,
2017-07-11,2.0,0.004675224777110892,0.018355814675933217,
2017-07-12,-4.0,-0.003270289792010191,0.028011687095394602,
2017-07-13,-4.0,0.0076498817922887085,-0.00023561591755524226,
2017-07-14,-4.0,0.004377129658592193,-0.003208874645555506,
2017-07-17,-4.0,-0.010734016564415513,0.01839842277175063,
2017-07-18,0.0,0.0009884953455373269,0.014625145019144841,
2017-07-19,-5.0,0.016917130477631895,0.0004663606090217988,
2017-07-20,-3.0,0.004851198411312107,-0.023579764449300218,
2017-07-21,3.0,-0.005159309696680246,-0.0325854518294369,
2017-07-24,-1.0,0.003980430375324101,-0.03311216939909926,
2017-07-25,-8.0,-0.006407501910569485,-0.0731743505820828,
2017-07-26,1.0,-0.0038170283078687544,-0.07197046432595043,
2017-07-27,-1.0,0.0018351804943682085,-0.072244384842835,
2017-07-28,4.0,0.0026087148759696005,-0.06680834414949628,
2017-07-31,2.0,0.004284806641638821,-0.06800154291706453,
2017-08-01,-1.0,0.008659748192126341,-0.06661438146819194,
2017-08-02,-1.0,-0.0025308743406424234,-0.07440605385642868,
2017-08-03,4.0,-0.008820331210649436,-0.089519042550777,
2017-08-04,0.0,-0.005446064422755287,-0.08013466214574799,
2017-08-07,1.0,0.0051692965015135515,-0.08732626686058101,
2017-08-08,0.0,0.0014527672234264035,-0.10206280564434421,
2017-08-09,17.0,-0.00031324126322330027,-0.11658453513453404,
2017-08-10,11.0,-0.004061579770028071,-0.1438100251691506,-0.1392070392487644
2017-08-11,8.0,-0.018625548721311613,-0.2255329806990402,-0.1441865931327543
2017-08-14,-11.0,0.012893827412384441,-0.2678283643045081,-0.15562322990425204
2017-08-15,-2.0,0.003073614102083343,-0.26736167306433173,-0.15202094673184396
2017-08-16,1.0,-0.001251681353180175,-0.24276739263884065,-0.15223208778213243
2017-08-17,5.0,0.005350170023601936,-0.22900746539485908,-0.15084966047670162
2017-08-18,5.0,0.0009126570590606256,-0.23182156115441882,-0.15038198706015757
2017-08-21,2.0,0.004371832239290388,-0.23007325375124413,-0.14840637813845137
2017-08-22,-7.0,0.0030170740507233697,-0.22740690439438707,-0.1515123774181386
2017-08-23,2.0,0.0010096444482368895,-0.22721575129371702,-0.1489144875853497
2017-08-24,-4.0,-0.005725115321418205,-0.20676344552712822,-0.1431084720552696
2017-08-25,-2.0,0.0162301975467989,-0.21674691109728345,-0.1428037880075654
2017-08-28,-1.0,0.012295162328488495,-0.22816184732556496,-0.14544638914241326
2017-08-29,2.0,-0.002129487413170702,-0.2332458389970435,-0.1550180390049895
2017-08-30,-4.0,-6.183466047503646e-05,-0.22973104004677286,-0.12853473079746516
2017-08-31,-1.0,-0.003188893220792988,-0.23177429718471246,-0.1316659724108091
2017-09-01,-3.0,0.0022072156147009,-0.244770312157275,-0.13157729118892872
2017-09-04,0.0,0.003928534579551534,-0.25364684601260906,-0.1308763259276254
2017-09-05,9.0,0.0029678330299271072,-0.25032981677870914,-0.1279585662831346
2017-09-06,-7.0,-0.0019714542548732172,-0.23034347661195403,-0.12293027886866373
2017-09-07,4.0,-0.0050990554792473795,-0.24150350110420968,-0.12510817359889306
2017-09-08,4.0,-0.0010140728610560975,-0.2430822288950908,-0.12607100390418083
2017-09-11,-7.0,-8.996770212613721e-05,-0.23109896284432196,-0.12447602245483914
2017-09-12,-4.0,0.003207068105229335,-0.23142449241777274,-0.1272775492771436
2017-09-13,-3.0,0.001216581244178713,-0.2241525922322383,-0.1274368584897414
2017-09-14,-4.0,-0.0032976500648873265,-0.19204067535047392,-0.12559942377962016
2017-09-15,-1.0,0.000350099443590409,-0.18345230369786825,-0.12740614170656525
2017-09-18,-5.0,0.003087211702567067,-0.24120325051055355,-0.12658351455712674
2017-09-19,-2.0,-0.0028733122178582586,-0.2366008501849934,-0.12516448625393245
2017-09-20,-6.0,0.00268920114832173,-0.2393139719572623,-0.1262517534490686
2017-09-21,2.0,-0.0012024865890608793,-0.2318540688378865,-0.12732774468703656
2017-09-22,2.0,-2.2721504706530016e-05,-0.23160880409802384,-0.1276437836282774
2017-09-25,2.0,-0.005209036129921053,-0.23945524183531877,-0.1302007933208846
2017-09-26,-4.0,0.0007828949500334316,-0.2375778940750707,-0.1225128933447753
2017-09-27,-5.0,0.00010950039461436072,-0.23360949762456668,-0.10751144509522943
2017-09-28,0.0,0.00035024745971412797,-0.250359044711533,-0.10681827398692818
2017-09-29,-3.0,0.003646074612610034,-0.2572474034837808,-0.10567188394385389
2017-10-09,-1.0,0.01184312941977477,-0.26799937428220366,-0.10465000346117787
2017-10-10,1.0,0.001970157550263779,-0.2671961678692443,-0.10452354748802688
2017-10-11,0.0,0.003291120557876686,-0.26270061618292506,-0.10400517780191769
2017-10-12,4.0,0.002627246234481852,-0.2564062639916233,-0.09440301944544001
2017-10-13,4.0,0.0020546716245297427,-0.25832027763967985,-0.09274994676534518
2017-10-16,-7.0,-0.0019287899897451727,-0.2537096287958684,-0.07851525169433166
2017-10-17,-3.0,-9.644139193307079e-05,-0.2412985443518431,-0.08011366945881211
2017-10-18,-4.0,0.007914737579810524,-0.24657896163249846,-0.08431347367772962
2017-10-19,2.0,-0.0032793487905036084,-0.286139329992873,-0.08385821961939502
2017-10-20,-6.0,-0.0011192271973201407,-0.27519145556527624,-0.08052968336842341
2017-10-23,-2.0,0.0010043970605767502,-0.24955678660722214,-0.0819612831571182
2017-10-24,-2.0,0.007248827442194198,-0.24819685534465755,-0.08275163838626023
2017-10-25,4.0,0.004423630820797213,-0.22696359490258625,-0.08042928620059149
2017-10-26,-1.0,0.004171927390893789,-0.22697164111428017,-0.08088032985181938
2017-10-27,3.0,0.0070843658265906375,-0.2579496656993809,-0.07820354922152739
2017-10-30,5.0,-0.0030493732711187656,-0.26662441567876266,-0.07595461780565309
2017-10-31,2.0,-0.0007494349743803357,-0.2682777889574827,-0.07188985701276611
2017-11-01,-3.0,-0.002522898028820987,-0.265067591378716,-0.07251474998109086
2017-11-02,4.0,0.00012815001485439733,-0.2714516041475811,-0.07283320146616086
2017-11-03,0.0,-0.001110511546394529,-0.27150508819826175,-0.07305618544039506
2017-11-06,3.0,0.007036003862998055,-0.25897823287182553,-0.0686158768692141
2017-11-07,2.0,0.008261678643900625,-0.22795202252693808,-0.06609948963936085
2017-11-08,10.0,-0.0015405102384266635,-0.241337433064426,-0.06524568991913238
2017-11-09,12.0,0.006867192046937809,-0.19227335739280316,-0.05411165769424895
2017-11-10,-3.0,0.008796400455064404,-0.2028323512127537,-0.054370863403164
2017-11-13,1.0,0.0039228522156154084,-0.20071891855241752,-0.050901975794797834
2017-11-14,7.0,-0.006982116306831353,-0.20257431557679667,-0.06911826725968534
2017-11-15,13.0,-0.006284453638224415,-0.1746975927213415,-0.06967306559934022
2017-11-16,-18.0,0.0076645000258571145,-0.15794639023445234,-0.08329271102398657
2017-11-17,-3.0,0.0038509320112525168,-0.16004620149004117,-0.08161471533037969
2017-11-20,-6.0,0.005561654549717554,-0.17079334857423617,-0.08658800625903856
2017-11-21,-4.0,0.01766900996951351,-0.20622842315052448,-0.09122735677924235
2017-11-22,4.0,0.0023362442423838147,-0.20227334105355824,-0.09320456066259199
2017-11-23,0.0,-0.03005521613756193,-0.16797666176467863,-0.09535765427773477
2017-11-24,-3.0,0.00044032852318716474,-0.16350440763379218,-0.0959138634190153
2017-11-27,-1.0,-0.013307749972386596,-0.15282452129611895,-0.10098432194397448
2017-11-28,1.0,0.0014498314914854682,-0.1668960179688601,-0.10428542391253062
2017-11-29,-3.0,-0.000510655536828198,-0.15910904355460936,-0.1038436710578073
2017-11-30,-3.0,-0.011825069271435942,-0.13751811887025558,-0.09856000228166775
2017-12-01,2.0,-0.0019896471882695846,-0.1373696784767646,-0.09979823249357214
2017-12-04,-5.0,0.005169181160029381,-0.14815379303775564,-0.09830009569979047
2017-12-05,-1.0,0.005289310574958369,-0.15053150762877895,-0.09263839036468946
2017-12-06,6.0,-0.006045034716964068,-0.16721540301409796,-0.09683168822530237
2017-12-07,0.0,-0.011209553653571425,-0.16516779038137966,-0.09704162588483216
2017-12-08,0.0,0.008106523546348764,-0.1780850250585418,-0.09514056619730936
2017-12-11,-2.0,0.016381263588608606,-0.19397558461932535,-0.09792295828783584
2017-12-12,-3.0,-0.013229626919694766,-0.16061855630133653,-0.09638347186153062
2017-12-13,6.0,0.008449328599258595,-0.13190417827348655,-0.09157483863573654
2017-12-14,-1.0,-0.005928787995797188,-0.13388904536661891,-0.08757617748184045
2017-12-15,1.0,-0.011314160442207443,-0.13444945404981512,-0.08645046462839462
2017-12-18,0.0,0.001113612477157036,-0.13395876592448264,-0.09940357872396714
2017-12-19,-4.0,0.012477500293090553,-0.15851445430882938,-0.1073191518778219
2017-12-20,-2.0,-0.0012000270427034853,-0.15682575121578682,-0.10373256938166066
2017-12-21,-1.0,0.009226328569982019,-0.15493686641752877,-0.1050980237106914
2017-12-22,-1.0,-0.003262591166558445,-0.1565574729755281,-0.09859609844485372
2017-12-26,1.0,0.0029850689153547018,-0.15267485192845529,-0.10956450450216242
2017-12-27,2.0,-0.01551708441951503,-0.16002809538213844,-0.11389097289515084
2017-12-28,-4.0,0.00691376970568803,-0.1684643414533658,-0.12515866282385002
2017-12-29,3.0,0.002970901053686374,-0.16045760539237888,-0.11328850424382715
2018-01-02,-8.0,0.013930877221025127,-0.1973242996382185,-0.12426513076303772
2018-01-03,-7.0,0.005852414234214498,-0.2105384364523189,-0.12632211715292976
2018-01-04,-8.0,0.004227911129966085,-0.21533828157110438,-0.1313381835149983
2018-01-05,-4.0,0.0024042406471347275,-0.21411824014749772,-0.13167081768931307
2018-01-08,-1.0,0.0051594841955802774,-0.21490869413902494,-0.13225617394136596
2018-01-09,-2.0,0.006979691635886268,-0.21826590195427836,-0.13445820663009211
2018-01-10,9.0,0.004409976294888542,-0.20067267401170213,-0.13145940729125435
2018-01-11,-2.0,-0.000529369858641328,-0.20282604114087233,-0.12865736356930482
2018-01-12,-3.0,0.004605784539051153,-0.20834825817381009,-0.12887176197674247
2018-01-15,-2.0,5.640076296140589e-05,-0.2190617774219653,-0.12991954400333322
2018-01-16,-1.0,0.0078347470597828,-0.22167572480843842,-0.12223881113271529
2018-01-17,0.0,-0.002434960624066686,-0.2140294856348546,-0.11473455392390859
2018-01-18,1.0,0.0054698907905102205,-0.20796654434679182,-0.11360280174419987
2018-01-19,0.0,0.003267154346892089,-0.21617634651598092,-0.11896885739155363
2018-01-22,-3.0,0.011877301568188106,-0.22516896746238196,-0.12407158889251392
2018-01-23,-1.0,0.010555067633287804,-0.22287333206678925,-0.12494104640323118
2018-01-24,-3.0,0.0016580001500516833,-0.22868534694487083,-0.12219027112813008
2018-01-25,0.0,-0.005666719908068406,-0.22759666113883575,-0.12069155032225137
2018-01-26,-5.0,0.003709013431685871,-0.23939869248699222,-0.12213052613692187
2018-01-29,3.0,-0.018261154524616036,-0.24795557012868102,-0.12796232532427843
2018-01-30,7.0,-0.010730496768858172,-0.27162979352475675,-0.13814853400688928
2018-01-31,-4.0,0.0046405377172039795,-0.2794942512277768,-0.13818420552488864
2018-02-01,0.0,-0.007040985851740781,-0.2790769097572979,-0.13902582211924194
2018-02-02,7.0,0.005949157411450897,-0.2599410895331685,-0.13702030097525608
2018-02-05,12.0,0.0006819592467287383,-0.2584239434102233,-0.13835863844008872
2018-02-06,12.0,-0.02974464187543662,-0.3484040183339397,-0.1749653251818887
2018-02-07,-14.0,-0.024000129045968894,-0.22163516973632508,-0.12935326800307673
2018-02-08,13.0,-0.009538004279119664,-0.2807403644130788,-0.14187952569752027
2018-02-09,23.0,-0.04365930862233555,-0.4384662638293942,-0.23179688595524797
2018-02-12,-11.0,0.012793720614961816,-0.4578280034769528,-0.24290431689960554
2018-02-13,7.0,0.011635533790549657,-0.4257668925419426,-0.2332143073361769
2018-02-14,-9.0,0.007928830690543,-0.43254939870920983,-0.24045320825802033
2018-02-22,7.0,0.021391106487451253,-0.3784096422175957,-0.2215007845386546
2018-02-23,5.0,0.004518988971263035,-0.3688403103489253,-0.21833103600993872
2018-02-26,-8.0,0.011558748057687147,-0.37763213597666023,-0.2228368380287717
2018-02-27,-3.0,-0.01453739638348993,-0.355154512963646,-0.21791312790257153
2018-02-28,0.0,-0.008744519971607157,-0.358103686965278,-0.21892138709926606
2018-03-01,12.0,0.006303912356162683,-0.3464115547602491,-0.21389304702031872
2018-03-02,6.0,-0.008090084089436332,-0.35331877875029377,-0.21632587882126847
2018-03-05,-6.0,0.0004072408270897777,-0.3589385979692142,-0.21713495359644747
2018-03-06,-6.0,0.011990181521049881,-0.3698684479523375,-0.22104396765180354
2018-03-07,3.0,-0.0073825570888245776,-0.37389005090441796,-0.2224475273475449
2018-03-08,0.0,0.01009257267049201,-0.38470254902870843,-0.22245010893827308
2018-03-09,-3.0,0.007638278759686679,-0.3872174311546368,-0.22418251200717682
2018-03-12,2.0,0.0045652791790092165,-0.38204803018031663,-0.23209208851202234
2018-03-13,3.0,-0.00886080907424242,-0.3844001174631031,-0.23382864114242954
2018-03-14,4.0,-0.0043868978535668065,-0.38208390762425165,-0.23826184685783172
2018-03-15,0.0,0.005586153049198009,-0.3857040083118798,-0.24003493468518958
2018-03-16,-2.0,-0.00974915644516685,-0.3786397132780014,-0.23629504367466764
2018-03-19,5.0,0.004384713058697811,-0.37020648312613263,-0.23744026855960942
2018-03-20,-3.0,0.0008479441996437564,-0.38548374613737946,-0.23906958467879894
2018-03-21,-2.0,-0.004092499326107085,-0.3976594667503617,-0.2373349445244221
2018-03-22,10.0,-0.01007289533203283,-0.4128308774365506,-0.24064235621041447
2018-03-23,4.0,-0.029127448913337784,-0.4148456703297816,-0.24462149240114842
2018-03-26,-1.0,-0.006433689934372874,-0.4117674947818528,-0.24829153331877765
2018-03-27,2.0,0.008565484584295732,-0.39971944682976385,-0.24737211678715243
2018-03-28,2.0,-0.018193782382508124,-0.39858384954706993,-0.24797263040405618
2018-03-29,2.0,0.013270417637119006,-0.388851725514598,-0.24197210006683334
2018-04-02,5.0,-0.0029744865642820487,-0.39076275358202384,-0.2410866819833759
2018-04-03,-6.0,-0.0063074265760417105,-0.37934959419685205,-0.23740024915104824
2018-04-04,0.0,-0.001974022241025953,-0.37973194109843494,-0.24112797966738986
2018-04-09,-3.0,-0.0005016482322799196,-0.37426221199719534,-0.2376702062557557
2018-04-10,-9.0,0.01908611296393232,-0.40087871833963773,-0.24806233250821255
2018-04-11,-2.0,0.0028403748931388356,-0.38637958920568233,-0.2464092117646976
2018-04-12,-8.0,-0.010133583568970973,-0.3569082308894887,-0.23577991358675202
2018-04-13,-4.0,-0.007076446381222022,-0.345009298740213,-0.23735846175231237
2018-04-16,-5.0,-0.016219428685991556,-0.3192167271257561,-0.22971119992852942
2018-04-17,-4.0,-0.015937291751862186,-0.29958024702555414,-0.23074837591512581
2018-04-18,-5.0,0.0046948802891430465,-0.30157372700731105,-0.23653331234652777
2018-04-19,9.0,0.012024491273144259,-0.28572079785139237,-0.21828839679699347
2018-04-20,0.0,-0.013466660173615443,-0.2822264357298562,-0.2178703277303439
2018-04-23,3.0,0.0014537717880077582,-0.2767546311974483,-0.21774065699998427
2018-04-24,5.0,0.020280532927162264,-0.2492048760766688,-0.2060531466346023
2018-04-25,6.0,-0.0038547319910832763,-0.24819612555587015,-0.21094320149050524
2018-04-26,-4.0,-0.01930585065145748,-0.22722401244771415,-0.20136673275255332
2018-04-27,1.0,0.0003680329656801829,-0.22807102476003033,-0.20282299969710257
2018-05-02,-2.0,0.0018003009068554776,-0.22923792682404315,-0.20371880166643852
2018-05-03,5.0,0.0077690940850433,-0.21169436732155766,-0.1972303929834224
2018-05-04,-1.0,-0.0048633756139366815,-0.20786046904207017,-0.20006490545369232
2018-05-07,-3.0,0.015663686671114112,-0.2150493879992392,-0.20178034847707466
2018-05-08,0.0,0.011536438632792785,-0.21596050349949739,-0.20096818209524134
2018-05-09,-3.0,-0.00182225445058165,-0.21078271775297672,-0.2131185089752169
2018-05-10,-2.0,0.00552279744136965,-0.20996939269320097,-0.21318826371821695
2018-05-11,-1.0,-0.005206932671784782,-0.19954673246466934,-0.21243911205997584
2018-05-14,-3.0,0.009368966893457287,-0.20125841467994202,-0.214260503552209
2018-05-15,-1.0,0.0037797725156862973,-0.2036517453650368,-0.2153099063398451
2018-05-16,1.0,-0.007996341211463335,-0.21522865364784552,-0.2153984815260568
2018-05-17,-1.0,-0.007424009895567731,-0.22416204909636173,-0.2157796606858665
2018-05-18,5.0,0.010045771461980648,-0.15425156361411066,-0.20981050635476575
2018-05-21,-1.0,0.004646657012846476,-0.24575253841970032,-0.20911391572670807
2018-05-22,-1.0,-0.0038413578119837126,-0.22753166643147613,-0.2103222967243318
2018-05-23,9.0,-0.013304407802632041,-0.016990012369003375,-0.22093984879665005
2018-05-24,1.0,-0.007124793028526381,0.026807654870230586,-0.22235267526827177
2018-05-25,4.0,-0.0028046589979882457,-0.0030979020046989682,-0.22332445299769682
2018-05-28,0.0,0.004382341779967459,0.023389974112591465,-0.22755749710414253
2018-05-29,22.0,-0.007660000520758945,-0.07040634748444408,-0.23344376172284895
2018-05-30,-11.0,-0.02142577272682183,-0.006787402526636437,-0.2079692983703524
2018-05-31,-1.0,0.02099629144703934,0.015867969070158156,-0.20388261433237098
2018-06-01,-8.0,-0.008394858995770414,0.020151326889136977,-0.19642459904351997
2018-06-04,-6.0,0.009762068524331617,0.00011990964332742769,-0.2001324285626921
2018-06-05,1.0,0.009862570534798203,-0.02214015432839584,-0.19859601993163192
2018-06-06,-6.0,-0.002073577401091168,-0.006916392661032768,-0.19579032495628312
2018-06-07,0.0,-0.0016531039804767416,-0.004970287242144534,-0.19574110520877278
2018-06-08,1.0,-0.013506816165262114,0.014608795032020365,-0.19590192706509102
2018-06-11,-6.0,9.680409323518328e-05,0.018031520628363173,-0.1952974923895162
2018-06-12,-1.0,0.012088496316527605,0.014097239608134695,-0.19776089956528226
2018-06-13,-5.0,-0.00988000026904556,0.0342000381625153,-0.19260114808474138
2018-06-14,-2.0,-0.003960382046998095,0.03184034365799687,-0.1918101010264417
2018-06-15,2.0,-0.0052962078024381964,0.036586835005582685,-0.19314163573980644
2018-06-19,6.0,-0.035888669688640594,-0.02171782564576037,-0.2068932409537809
2018-06-20,-6.0,0.00394870798864066,-0.031211152785561143,-0.20972856066382128
2018-06-21,5.0,-0.011753372382572898,-0.04854789866810964,-0.21571413461461247
2018-06-22,0.0,0.00442652447549438,-0.05754472710575585,-0.21482647117177472
2018-06-25,8.0,-0.01350957014091455,-0.0788103267166132,-0.221735718616363
2018-06-26,1.0,-0.008282112309727857,-0.08138280619317961,-0.22164566082006548
2018-06-27,8.0,-0.02055730851614087,-0.09903441577515498,-0.23032858475200993
2018-06-28,8.0,-0.0103844323604346,-0.09010657116294654,-0.2349860036112699
2018-06-29,-3.0,0.025225614411043255,-0.10806577171515956,-0.23701056614630545
2018-07-02,7.0,-0.029781495634955715,-0.15576051661224904,-0.2439240053745861
2018-07-03,-1.0,0.0003861677932213714,-0.15079082883539638,-0.24378879351003271
2018-07-04,0.0,-0.013445534255077423,-0.15975434021705376,-0.25178964082084354
2018-07-05,-3.0,-0.0063551694697030125,-0.1566830990454309,-0.25022938989481724
2018-07-06,0.0,0.006763975114381641,-0.16336321726356876,-0.24972439049892442
2018-07-09,-9.0,0.027568210351744886,-0.21446362989803866,-0.26132628179182105
2018-07-10,-6.0,0.002405706896671865,-0.2176094013238948,-0.2615829011002606
2018-07-11,7.0,-0.017450742658102533,-0.20330493287315135,-0.2684043058647567
2018-07-12,-5.0,0.021348066686149133,-0.22154839225041958,-0.2732085438620355
2018-07-13,1.0,0.0033364597619537804,-0.24038584238190397,-0.27286072314848436
2018-07-16,-3.0,-0.005916589790701419,-0.24311912018404816,-0.27334740427343507
2018-07-17,-1.0,-0.0065618152765978205,-0.26388735935558616,-0.273013936562156
2018-07-18,-2.0,-0.005247908333775128,-0.28030436203692793,-0.2735461175913487
2018-07-19,3.0,-0.000868759592004376,-0.2741370457495236,-0.2741168612368248
2018-07-20,-4.0,0.018653507624934004,-0.3259623925116918,-0.27756400199737435
2018-07-23,-5.0,0.009362702980465857,-0.33761837020882984,-0.28006229820600753
2018-07-24,-3.0,0.015745874780628118,-0.3468278437971047,-0.2828548476225295
2018-07-25,1.0,-0.001104413338850653,-0.38460252469909173,-0.2841801174891895
2018-07-26,-6.0,-0.011669126743320535,-0.36388279901245374,-0.27615950051103927
2018-07-27,0.0,-0.004256119360411777,-0.38910212031309155,-0.27518179286132555
2018-07-30,1.0,-0.0017473661043363438,-0.3897998514929292,-0.2792253957653145
2018-07-31,3.0,0.0007329722151080376,-0.3863150317091126,-0.278858406191752
2018-08-01,-3.0,-0.020178185264417878,-0.38168877322887795,-0.26799176514987066
2018-08-02,0.0,-0.022419953564654645,-0.375595750783439,-0.26467039996791
2018-08-03,0.0,-0.01665368630174887,-0.3671420132575398,-0.26260738604852596
2018-08-06,0.0,-0.012752920340904368,-0.37021000190895376,-0.2616637285974968
2018-08-07,-8.0,0.028786887488765636,-0.4037544641722964,-0.277701266746935
2018-08-08,2.0,-0.016268182662861997,-0.40522805748223517,-0.2784375427946883
2018-08-09,1.0,0.02473959267847368,-0.38535440243110763,-0.27345025757219094
2018-08-10,12.0,0.0022019108237307785,-0.35372738048486674,-0.2697835470414844
2018-08-13,2.0,-0.004319128317775212,-0.3534516787955449,-0.27097670120553163
2018-08-14,-4.0,-0.005154450445881381,-0.3486581130213013,-0.26900398267794834
2018-08-15,7.0,-0.024288977832754376,-0.3707420057942765,-0.27697627646431516
2018-08-16,-6.0,-0.0046427509349338284,-0.3828369726118708,-0.27288788886417825
2018-08-17,0.0,-0.014480820124350875,-0.3802597182228026,-0.27206894638732176
2018-08-20,3.0,0.01158416995345613,-0.36722822081773954,-0.26932228557559473
2018-08-21,-4.0,0.018016869678191053,-0.3656729652358314,-0.27249616758388984
2018-08-22,0.0,-0.005635438427250307,-0.36492507942674285,-0.27798903705398237
2018-08-23,-1.0,0.003642501329903129,-0.36660459246747634,-0.27785212632561596
2018-08-24,-1.0,0.0015978068336168277,-0.3679611370044353,-0.27046884164324947
2018-08-27,-3.0,0.024136616700972842,-0.4056462972835472,-0.26551288658152916
2018-08-28,-3.0,-0.0018813699732636035,-0.4807736517703819,-0.2646941503733662
2018-08-29,-1.0,-0.004006904633942815,-0.4878727830661175,-0.2643466334184281
2018-08-30,5.0,-0.010531753417970224,-0.5180048283255452,-0.2697193367076986
2018-08-31,5.0,-0.0049630966599312565,-0.5082677211603452,-0.27173667961178516
2018-09-03,0.0,-0.0038095522251032424,-0.5154948929093848,-0.2726226493826365
2018-09-04,-3.0,0.012586269027628546,-0.5273765704253155,-0.27363892317526584
2018-09-05,3.0,-0.019741502466815615,-0.5329659298213922,-0.2762356544371467
2018-09-06,3.0,-0.01074855090344283,-0.5358690752229814,-0.27960983612609475
2018-09-07,-4.0,0.004514324453855149,-0.542828863076342,-0.27969795650983514
2018-09-10,-2.0,-0.014621589994254605,-0.5336194255511989,-0.2768144724870304
2018-09-11,-6.0,-0.0018147653586513468,-0.542977300431081,-0.2755303325256217
2018-09-12,-2.0,-0.006905095541184463,-0.5411080015002402,-0.27460114330211355
2018-09-13,-3.0,0.010729593284784572,-0.544989108608208,-0.27632464623073827
2018-09-14,-6.0,0.001705292269754922,-0.5211585577805726,-0.27620108359119344
2018-09-17,0.0,-0.01153036734731709,-0.518655287065813,-0.27590119600676555
2018-09-18,-5.0,0.01992836101832585,-0.5250203984761961,-0.2844400910751903
2018-09-19,0.0,0.013081608972484867,-0.520184155662255,-0.2850268035676538
2018-09-20,1.0,-0.0007116531927820131,-0.5107450983666377,-0.2841665104629311
2018-09-21,0.0,0.029868491139865755,-0.4855522265326147,-0.2798577957624143
2018-09-25,-2.0,-0.009036877438513951,-0.45673644945630093,-0.2791895471867015
2018-09-26,1.0,0.011015779730180341,-0.4419381101912824,-0.2770798374885793
2018-09-27,-2.0,-0.004002772455734116,-0.43607025570500196,-0.27635919889278093
2018-09-28,-1.0,0.010310630317834349,-0.3917890774490817,-0.2775728732139713
2018-10-08,0.0,-0.04398072704604592,-0.3729940108738393,-0.2700825610175408
2018-10-09,9.0,-0.0006712273209352538,-0.35376537890925824,-0.26780512033952053
2018-10-10,10.0,-0.0021590537046332764,-0.34504065267130635,-0.26722101171856955
2018-10-11,7.0,-0.04917974695117834,-0.39897148931532206,-0.2784297824545915
2018-10-12,-4.0,0.0148099558467938,-0.3696390971297909,-0.2811547716476054
2018-10-15,-5.0,-0.014061959490625714,-0.3489568917249775,-0.27598429820965314
2018-10-16,-4.0,-0.008182496140899246,-0.32149266176768104,-0.27322526534166114
2018-10-17,0.0,0.0055545692648370695,-0.3012372244453214,-0.27298347041957116
2018-10-18,6.0,-0.023969616522507044,-0.3293770094157408,-0.27916627212440664
2018-10-19,0.0,0.029310645626263784,-0.3200950752318196,-0.27585449875668283
2018-10-22,1.0,0.042261739256125835,-0.2894899896753707,-0.26632522746383686
2018-10-23,13.0,-0.026915647709496032,-0.33892211576399456,-0.2807075921820835
2018-10-24,3.0,0.0014991776887575102,-0.3372927856557031,-0.2803199915616426
2018-10-25,4.0,0.0019135423750204369,-0.3206236302830511,-0.2794065299713668
2018-10-26,13.0,-0.006492982531994522,-0.30588396954863767,-0.28145947487782985
2018-10-29,-1.0,-0.03095862955146051,-0.2816349173590426,-0.2773579310465842
2018-10-30,5.0,0.010787495650464536,-0.26609145209692003,-0.2745599000010465
2018-10-31,-8.0,0.013909009841423929,-0.3016242975229635,-0.2795588260372961
2018-11-01,0.0,0.007332499615765938,-0.3020300924417389,-0.2779047108646998
2018-11-02,-9.0,0.03501418785576726,-0.3466190776104555,-0.29043319420538344
2018-11-05,0.0,-0.008365702036225015,-0.34767085001821263,-0.29106880291122256
2018-11-06,-4.0,-0.006051276956503466,-0.35752394471625415,-0.28928194340656443
2018-11-07,-8.0,-0.006570820620157931,-0.34550663536198967,-0.2845708477348414
2018-11-08,-3.0,-0.0028397374055093238,-0.3457049174996664,-0.2855548581403189
2018-11-09,14.0,-0.014209628394483092,-0.3594443141866467,-0.2913446551645177
2018-11-12,0.0,0.011830972923802153,-0.32973387247554414,-0.29253482759903016
2018-11-13,18.0,0.01000908158737834,-0.26884080287127377,-0.2755015131603226
2018-11-14,10.0,-0.010070859254752394,-0.28329349224373174,-0.2784854852834195
2018-11-15,12.000000000000057,0.011610794610305406,-0.26436147634565255,-0.2682671472897383
2018-11-16,6.999999999999943,0.004708283794282228,-0.2556292371395855,-0.26586932881372605
2018-11-19,7.0,0.011272415161681665,-0.24608840468083598,-0.26042780749379757
2018-11-20,8.0,-0.023399002391473384,-0.24855968699967523,-0.26849146370666627
2018-11-21,-9.0,0.002508713864462597,-0.25526354955386066,-0.2698003807827746
2018-11-22,1.0,-0.003746208863114145,-0.25914272790506376,-0.2711092273218561
2018-11-23,4.0,-0.022320268559339572,-0.27069659842691224,-0.28108117414687706
2018-11-26,-3.0,-0.0007102307154421204,-0.25845099248251235,-0.2797653656178268
2018-11-27,4.999999999999943,-0.001274861923942222,-0.25890029242150775,-0.27971210190941276
2018-11-28,-5.999999999999943,0.013201633193070952,-0.2694181822453171,-0.28185738835368845
2018-11-29,-3.0,-0.013070029407606876,-0.25880973838405374,-0.2786164118269669
2018-11-30,7.0,0.01110435782943523,-0.23309158642685485,-0.2705263123670312
2018-12-03,-9.0,0.027438816811427395,-0.2688519770306774,-0.28003159935236344
2018-12-04,9.0,0.002070655456312225,-0.26357725280360955,-0.2758897261898673
2018-12-05,0.0,-0.00481782831036399,-0.25824535933364773,-0.2729117246833746
2018-12-06,21.0,-0.02186429336877751,-0.29414570097031556,-0.2875985213342727
2018-12-07,0.0,-3.407070639957803e-05,-0.29498416919444576,-0.29081624918015975
2018-12-10,5.999999999999943,-0.011634526971084672,-0.29378891804536456,-0.29296057650835294
2018-12-11,-7.999999999999886,0.004775173359470306,-0.2953529186690321,-0.295521231158451
2018-12-12,-8.0,0.003410011321186899,-0.2945577978142039,-0.2962203004390924
2018-12-13,-1.0000000000001137,0.015362080961148552,-0.29519813355322766,-0.2965557777178615
2018-12-14,7.000000000000057,-0.01684500874701418,-0.3131381450711856,-0.30286983481281526
2018-12-17,12.0,-0.0014901914887359281,-0.31361923651397955,-0.30073519296201073
2018-12-18,14.0,-0.010420464313941379,-0.3260684643183529,-0.30266425362566146
2018-12-19,12.0,-0.011994898420471533,-0.3297315450756022,-0.30599431071611394
2018-12-20,27.000000000000057,-0.007699457301329583,-0.32291022422585197,-0.3020114520928787
2018-12-21,10.999999999999943,-0.01247284414395827,-0.3352988826627248,-0.3062142448369119
2018-12-24,13.0,0.0029016467934745113,-0.3123912238945461,-0.30139280485364617
2018-12-26,2.0,-0.005066634541426275,-0.308279889122651,-0.3004132237682127
2018-12-27,1.0,-0.0038471223536812207,-0.3073850968649003,-0.30329309122675524
2018-12-28,-8.0,0.006714694509391029,-0.3105043329750987,-0.3083512293830967
2019-01-02,2.0,-0.01375172211955543,-0.31356013510564823,-0.30908002538146223
2019-01-03,9.0,-0.0015816995321003935,-0.3100894491538104,-0.308373446164738
2019-01-04,-39.0,0.023675613241137573,-0.3634033784700655,-0.32739343612300276
2019-01-07,-22.0,0.00605202638511489,-0.3610927749825851,-0.32529066163491505
2019-01-08,-17.999999999999943,-0.0021630598306179886,-0.3780302251654538,-0.3199185975267482
2019-01-09,-13.000000000000114,0.010046280660777089,-0.38812772803274487,-0.3232215671228703
2019-01-10,2.000000000000057,-0.001882409023599767,-0.3891639425939194,-0.32341319680424496
2019-01-11,1.0,0.007164011767437094,-0.39520272082835894,-0.32312624140849466
2019-01-14,4.999999999999943,-0.008760599755919578,-0.3922616879002763,-0.3239420269576353
2019-01-15,-4.999999999999943,0.019435113786143984,-0.41317217517721166,-0.3257407933261432
2019-01-16,-10.999999999999943,0.0002113913475927562,-0.4153957422952354,-0.3251816426847735
2019-01-17,-4.0,-0.0055239598173146606,-0.410331228190178,-0.32048741970063815
2019-01-18,-13.000000000000114,0.018077179967474297,-0.4240695387977148,-0.3263223910591544
2019-01-21,0.0,0.005496715558999611,-0.43509424025892274,-0.3254496964568289
2019-01-22,14.000000000000057,-0.01337343708651259,-0.48103675914752553,-0.3291431369437132
2019-01-23,-2.000000000000057,-0.0007204859006901076,-0.46478768966587053,-0.3288923095938556
2019-01-24,6.000000000000057,0.005628257591068691,-0.4604083643686625,-0.3262767749283886
2019-01-25,-11.0,0.008099329258855039,-0.46690048378866605,-0.33163701871116497
2019-01-28,7.0,-0.00021729683855788832,-0.46212112381630494,-0.33085789013924793
2019-01-29,-0.9999999999999432,0.003196146814004265,-0.4954926590451271,-0.3304812782741415
2019-01-30,-4.0,-0.008011701628187862,-0.4965334593730062,-0.3287543060112835
2019-01-31,0.9999999999999432,0.01040813048322049,-0.4860444377231674,-0.32779172918345195
2019-02-01,-8.0,0.014192759773769527,-0.4941642701873793,-0.33137087187761965
2019-02-11,-4.0,0.018028127998166308,-0.48995773852091923,-0.33356887602691787
2019-02-12,-11.0,0.007191078467541088,-0.49774404851600357,-0.33544400281042414
2019-02-13,-5.0,0.01982782434737895,-0.5055172783606894,-0.3370237096545854
2019-02-14,5.0,0.001503919608647295,-0.5175594490718803,-0.3361267189455983
2019-02-15,-5.0,-0.018821816172192005,-0.49239476807897786,-0.33058400124375126
2019-02-18,0.0,0.03155716108794263,-0.4562099716893209,-0.327536724420519
2019-02-19,-0.9999999999999432,-0.0017826252282723291,-0.45733901350668865,-0.32690582418600594
2019-02-20,-3.000000000000057,0.0035752594869061863,-0.4905630960148773,-0.32657681925029763
2019-02-21,-4.0,-0.0026750388694597887,-0.480007698116335,-0.324253795886971
2019-02-22,1.0,0.022236894716653265,-0.48971813699851574,-0.32122950909508113
2019-02-25,-5.0,0.05777507637260326,-0.4560392050561583,-0.3223013642738932
2019-02-26,1.0,-0.012082297816139545,-0.46577158193258245,-0.324561793133974
2019-02-27,-7.0,-0.0017116197965711278,-0.4512382000514849,-0.3258907717696395
2019-02-28,-2.0,-0.002455660388162692,-0.452226131962475,-0.316600648303307
2019-03-01,-6.0,0.021659583449891353,-0.45566193125668447,-0.33749137964280684
2019-03-04,4.0,0.011768632426515767,-0.44756799204108655,-0.3327516062459879
2019-03-05,1.0,0.005757929859737223,-0.4483477471268469,-0.30487238936610617
2019-03-06,7.0,0.008370786564533118,-0.4397480136990765,-0.2978210183736921
2019-03-07,11.999999999999943,-0.010249771721790521,-0.44689596035595563,-0.3050798791009416
2019-03-08,8.000000000000057,-0.04052577441024072,-0.45986235092767536,-0.310439419818223
2019-03-11,-6.0,0.01959460886782455,-0.4738836881591074,-0.3218473722451616
2019-03-12,-4.0,0.006785933871841623,-0.4651179474259145,-0.324004835690045
2019-03-13,-9.0,-0.00833151644030722,-0.45349582502167995,-0.3170828101850498
2019-03-14,-4.0,-0.006926986787349062,-0.4486687147370053,-0.3181891164428282
2019-03-15,0.0,0.012499459437710598,-0.41294683496494994,-0.31800248496931227
2019-03-18,0.0,0.02810409319109816,-0.3999374700030106,-0.32080612451313584
2019-03-19,-4.0,-0.0046281555222481095,-0.3891884774733057,-0.3185347053260609
2019-03-20,6.0,0.00038519299431279954,-0.39012071819635874,-0.3182804089769831
2019-03-21,-5.0,0.0003783986945611922,-0.38961087467408556,-0.3159774427744316
2019-03-22,11.0,-0.0008056639284805862,-0.3919211706008249,-0.3140818198455444
2019-03-25,10.0,-0.02401609018684471,-0.4003153360052854,-0.3208191123782486
2019-03-26,-4.0,-0.011389320111184707,-0.39154891662633456,-0.31766693224380643
2019-03-27,0.0,0.011539623075062276,-0.37688739551555983,-0.3177901822376453
2019-03-28,-1.0,-0.004013103678338908,-0.3622082134963225,-0.31691286804402613
2019-03-29,-9.0,0.03788135875700307,-0.36761909930935643,-0.32484545540369336
2019-04-01,-11.0,0.02589574083330405,-0.36596428313699986,-0.3325449920140374
2019-04-02,1.0,-0.00066525592981389,-0.37403163211007273,-0.33367851886589195
2019-04-03,-5.0,0.012728456175082285,-0.37216477021080246,-0.3366106525964188
2019-04-04,0.0,0.009914079016601029,-0.3675712681939139,-0.3363335059441268
2019-04-08,-2.0,-0.0012321757705419608,-0.3674559122703853,-0.33660840212121296
2019-04-09,2.0,0.004476157444159239,-0.36163675647053717,-0.3338715432311697
2019-04-10,0.0,0.0025527636249231857,-0.3583653671323571,-0.3321013458697215
2019-04-11,-7.0,-0.021840423059991402,-0.30014379348848325,-0.32425688919845663
2019-04-12,-11.0,-0.0022441235681135564,-0.3021764122992772,-0.32259372723619173
2019-04-15,0.0,-0.003287840199003918,-0.33842984733577297,-0.3221318602050767
2019-04-16,-4.0,0.02735821585833531,-0.3404394280344884,-0.32550397183880525
2019-04-17,3.0,0.00035499691313591156,-0.33947834206368527,-0.32509471571786697
2019-04-18,6.0,-0.0037171054860949664,-0.34663704923210603,-0.32760210659186095
2019-04-22,0.0,-0.023324001001474155,-0.3354166368787373,-0.32600667611683637
2019-04-23,-1.0,-0.0016422415489716503,-0.3295911309081012,-0.32611115416135605
2019-04-24,1.0,0.0027539514397365993,-0.3430037887581913,-0.3214652249844873
2019-04-25,2.0,-0.022146854814603094,-0.3549823260584416,-0.3215726130718964
2019-04-26,1.0,-0.013418817311819368,-0.34103507472579264,-0.32588763340779553
2019-04-29,-3.0,0.0028394513399157798,-0.3411187870229998,-0.32755896059574374
2019-04-30,0.0,0.0032960997404286934,-0.31806998802810943,-0.33190115412375604
2019-05-06,10.0,-0.06019173350698634,-0.3895719837397881,-0.3461418866044437
2019-05-07,7.0,0.009736798475485208,-0.3817695894502521,-0.34210763296178953
2019-05-08,-2.0,-0.014404714138739342,-0.37688420394055094,-0.3459719813761205
2019-05-09,12.0,-0.018648078989208245,-0.4022558882344361,-0.3518344919410613
2019-05-10,2.0,0.035678681857484,-0.37654485926100395,-0.34570562344046923
2019-05-13,19.0,-0.01668489174577094,-0.40029517139175025,-0.35670364286347533
2019-05-14,-7.0,-0.006446727369720123,-0.39045847093473096,-0.3539398792610149
2019-05-15,4.0,0.022230786238790882,-0.3658322417131312,-0.35333405225376907
2019-05-16,-11.000000000000057,0.004516424219008419,-0.35579373730201547,-0.3534186745962919
2019-05-17,1.0000000000000568,-0.025757179130048855,-0.35503265086915964,-0.35218808160045245
2019-05-20,-1.0000000000000568,-0.008523624947157728,-0.3448746236322713,-0.35356178214226036
2019-05-21,-6.999999999999943,0.01344885085235851,-0.3546001390510927,-0.3561012801174511
2019-05-22,4.0,-0.004755675866671933,-0.37486125368938,-0.3555721262423338
2019-05-23,19.0,-0.018087562712919548,-0.40091585377373234,-0.3621719306062669
2019-05-24,-6.0,0.002772213648318633,-0.40038944032878737,-0.3626179451138816
2019-05-27,0.0,0.011971526072606034,-0.3988822022683121,-0.361950994032427
2019-05-28,3.000000000000057,0.009594054955070116,-0.39752765268032475,-0.3608582549511943
2019-05-29,17.0,-0.0022768022488379373,-0.390342674984364,-0.3575300425947015
2019-05-30,-3.000000000000057,-0.006221899020526497,-0.37927857244638097,-0.3564785160511402
2019-05-31,26.0,-0.0031341087233895406,-0.3526707854497893,-0.3504474732605572
2019-06-03,11.0,0.0006123549139669164,-0.35103055628753693,-0.34923107465657854
2019-06-04,-17.0,-0.009279147151451426,-0.31732838951084935,-0.34217890962193764
2019-06-05,-4.999999999999943,-0.0003784549975853767,-0.30365642323632763,-0.34170352738154913
2019-06-06,-6.000000000000057,-0.009055684179698723,-0.3011561186050048,-0.3393553756598878
2019-06-10,-13.999999999999943,0.01284003571726754,-0.3164410791352282,-0.3403825064515833
2019-06-11,-3.000000000000057,0.029615291983045522,-0.3294258090134425,-0.3409166973716783
2019-06-12,2.0,-0.007605647155998182,-0.3235356357832695,-0.341026310645096
2019-06-13,2.0,-0.0015461017120563174,-0.30280364392530784,-0.3410977371159793
2019-06-14,-0.9999999999999432,-0.00831401636774902,-0.2905733689456538,-0.3408662356737001
2019-06-17,0.0,-1.5075848413138367e-05,-0.2877817158742059,-0.3518570381779219
2019-06-18,-9.000000000000114,0.003494383635132153,-0.30214142043269243,-0.35242511280426314
2019-06-19,2.000000000000057,0.013088621764941596,-0.30238954088808934,-0.3543732752660953
2019-06-20,-13.0,0.029846698383138293,-0.3367757306961601,-0.3617317686852147
2019-06-21,-8.0,0.001414690141003077,-0.3431632985388327,-0.3618888111470789
2019-06-24,5.0,0.0019094220910248932,-0.34402730214893096,-0.3621650922946804
2019-06-25,9.0,-0.010456282178658741,-0.3524801133612467,-0.36400582528457454
2019-06-26,-4.0,-0.0018375808302514161,-0.35162553651210077,-0.3636864183550016
2019-06-27,4.0,0.010613656728416262,-0.3489686318424749,-0.36223938231421055
2019-06-28,-2.0,-0.002409769475356859,-0.3285690277542482,-0.3619500854920869
2019-07-01,-8.0,0.028405114215023213,-0.3533607425273799,-0.3689499090940859
2019-07-02,5.0,0.00034485033437294264,-0.35379791287050055,-0.3690318964832944
2019-07-03,-2.000000000000057,-0.011144708341842358,-0.3501153732425852,-0.36754668120359285
2019-07-04,0.0,-0.005261543643037587,-0.32538675407985657,-0.3646369751512453
2019-07-05,-3.999999999999943,0.005176373175039403,-0.3009611498745304,-0.36479031476401996
2019-07-08,2.0,-0.02349715474676046,-0.30090600527405764,-0.3632832258675765
2019-07-09,3.0,-0.002543472277430002,-0.29446019210030666,-0.3634551293289154
2019-07-10,-2.0,-0.0016862301359550384,-0.2948260688794841,-0.3609105205696473
2019-07-11,-1.0,-0.0004009529950862193,-0.29510150328687595,-0.36083954585988554
2019-07-12,1.9999999999999432,0.006191815487468652,-0.29449206972730296,-0.35673081674834045
2019-07-15,-1.9999999999999432,0.004050015814405257,-0.29563598012847186,-0.35508642802901474
2019-07-16,-4.0,-0.004545369032223224,-0.3201023613952806,-0.3534562798467928
2019-07-17,5.0,-0.0005797818834626863,-0.3267868758944748,-0.34932274788552403
2019-07-18,10.000000000000057,-0.009569941561221082,-0.3333794217505683,-0.35127764009454754
2019-07-19,-4.000000000000057,0.010441313508209052,-0.3302965961190755,-0.3528143020716774
2019-07-22,-1.0000000000000568,-0.00692312436904916,-0.32922959773613314,-0.3533492980457294
2019-07-23,-6.999999999999943,0.0021739940907149675,-0.3298896779240967,-0.3532484809785885
2019-07-24,-1.0,0.007863377874701536,-0.33842169492211804,-0.34797762230892865
2019-07-25,-5.0,0.008143549436106876,-0.3432077924234943,-0.34890058796592865
2019-07-26,-4.0,0.001946214594111988,-0.34433808950768907,-0.3460951820532402
2019-07-29,4.0,-0.0011146091169672305,-0.3453507104145687,-0.3440097369077698
2019-07-30,4.0,0.004154842454988661,-0.34351869521197975,-0.3433874497518212
2019-07-31,-4.0,-0.00907355501979326,-0.3351338493709865,-0.34246799793957716
2019-08-01,16.999999999999943,-0.008349365636683289,-0.3411698193161143,-0.3444227979388669
2019-08-02,9.000000000000114,-0.01484127039139987,-0.32856939927846374,-0.3480555575869065
2019-08-05,33.99999999999994,-0.019331944959407953,-0.3879044632650134,-0.3561443283401461
2019-08-06,-7.0,-0.010765806080601245,-0.38173323611627824,-0.3510666763998766
2019-08-07,5.999999999999943,-0.004105377176846434,-0.36526216000810013,-0.35038096306898103
2019-08-08,-21.0,0.013129912382783668,-0.42184668574441325,-0.35322887589361995
2019-08-09,0.0,-0.009794646519203832,-0.39237431793719824,-0.352817123757616
2019-08-12,9.000000000000114,0.017886299940348738,-0.36891143436651214,-0.3492199238040067
2019-08-13,-15.000000000000057,-0.00905745532884727,-0.36198412312809575,-0.3419297449876672
2019-08-14,24.0,0.004531758795673605,-0.32421363890045574,-0.332776244155878
2019-08-15,2.999999999999943,0.0031449233387412104,-0.33655250773179796,-0.33254693835193927
2019-08-16,-4.999999999999943,0.004466997082010161,-0.3432144137614526,-0.33649376352466553
2019-08-19,-10.999999999999943,0.021477748776293232,-0.3565006173481099,-0.3433992887295699
2019-08-20,-1.0000000000001137,-0.0008872613718639216,-0.35434400769777685,-0.34438666149658465
2019-08-21,-13.999999999999943,-0.0015785742510702235,-0.30756092574270966,-0.3420171013474448
2019-08-22,-5.0,0.003101729370447891,-0.3077841218565187,-0.3377300648709578
2019-08-23,9.0,0.007185838901974463,-0.29855287221898397,-0.33491315586374176
2019-08-26,-3.0,-0.014486858026008614,-0.29192924433082357,-0.3348891725755412
2019-08-27,-2.999999999999943,0.013460935543640957,-0.2943026449963373,-0.3376894978288889
2019-08-28,-2.000000000000057,-0.003769659399294659,-0.29676968925866165,-0.3371077035398678
2019-08-29,-9.0,-0.0032656617339578433,-0.29225199119733214,-0.3361598970682898
2019-08-30,1.0,0.0024769132899290875,-0.2955012117909313,-0.3329002425399681
2019-09-02,0.0,0.012744445073590072,-0.32998046071153353,-0.33402795255370576
2019-09-03,10.000000000000057,0.0013738895465038698,-0.32746471890423373,-0.3336675274795994
2019-09-04,0.0,0.00837013275123946,-0.3394663818859392,-0.33497509705772627
2019-09-05,-16.000000000000057,0.01006798108609549,-0.3351574526078556,-0.3358718700182312
2019-09-06,-2.0,0.005889018567064386,-0.3430783214665964,-0.33626734500514854
2019-09-09,-6.0,0.006170829672186728,-0.34498647256954673,-0.3368369741556189
2019-09-10,-9.0,-0.0034500871025243763,-0.33395778583316227,-0.3347422863505947
2019-09-11,2.0,-0.00739355657342721,-0.3388880250090483,-0.33442879004050113
2019-09-12,-7.0,0.010700540715443225,-0.34584297986647183,-0.3363351676199053
2019-09-16,-3.0,-0.0036984465283036883,-0.3421174047116655,-0.335994718004645
2019-09-17,1.0,-0.016944000862452385,-0.34828318751277826,-0.33438417991263913
2019-09-18,1.0,0.004835841687665309,-0.306842088070747,-0.3336297141704294
2019-09-19,-5.0,0.0036501826355516058,-0.3092055587522059,-0.33392599908348086
2019-09-20,4.0,0.0028673689149518178,-0.30891672771496853,-0.3328165535918708
2019-09-23,3.0,-0.011497111678571497,-0.2988450158549513,-0.33286514277047297
2019-09-24,6.0,0.002673140961188054,-0.29674603075769723,-0.331534824267322
2019-09-25,1.0,-0.007743700462489368,-0.30910438961647907,-0.3312427190473472
2019-09-26,4.0,-0.00773977565473282,-0.31448176509216363,-0.33377548850168853
2019-09-27,4.0,0.002993220585542078,-0.2905538396952677,-0.3342075789621806
2019-09-30,2.999999999999943,-0.009945118355292859,-0.2953590769386394,-0.33552341040033207
2019-10-08,8.0,0.006050795470111036,-0.28943838103906044,-0.33284692046575526
2019-10-09,-6.999999999999943,0.001447769850951804,-0.290986879069911,-0.33269489080229375
2019-10-10,-6.0,0.008136970299079355,-0.29506148097399776,-0.33422693682859217
2019-10-11,-16.000000000000057,0.009526006886581121,-0.3226306535380084,-0.3343444650462645
2019-10-14,-1.9999999999999432,0.010557244235901198,-0.32096603438840077,-0.33510851333105185
2019-10-15,-7.0,-0.004307331483228067,-0.3129524995550834,-0.3333725223333909
2019-10-16,0.0,-0.0034519723408775976,-0.3129524830059363,-0.3359255807841324
2019-10-17,-1.0,0.0006463379569335288,-0.3172235381951209,-0.3369273670575754
2019-10-18,1.9999999999999432,-0.0143291151611447,-0.3167635181070016,-0.3377482388445783
2019-10-21,-3.999999999999943,0.0029578804354533027,-0.32274789550011956,-0.33832386479793247
2019-10-22,1.0,0.003868241984147565,-0.32115066597236447,-0.3381465981292703
2019-10-23,-1.0,-0.006385037658147137,-0.3039696734894124,-0.3445760791956507
2019-10-24,-2.0,-0.00010772754489811883,-0.30033205891380516,-0.3448583009801136
2019-10-25,-7.0,0.006726677233170096,-0.308411908252166,-0.34573408016613305
2019-10-28,-4.0,0.007616363848449757,-0.31046175256848363,-0.34379694610088135
2019-10-29,1.0,-0.004174918538003564,-0.3126723471914488,-0.3428154703707134
2019-10-30,10.0,-0.0048710262618592085,-0.3149756719139434,-0.347330848193901
2019-10-31,19.000000000000057,-0.0011503248886546285,-0.3077597191846719,-0.346929081829268
2019-11-01,-6.000000000000057,0.016745929106932903,-0.31655986201042646,-0.34901668771643723
2019-11-04,-10.0,0.006489997294453441,-0.328255581404255,-0.3474466577038855
2019-11-05,-2.0,0.00618756590134739,-0.33910670244873264,-0.35064610055416606
2019-11-06,4.999999999999943,-0.00448971360764937,-0.3238283775156413,-0.35934804986343594
2019-11-07,-5.999999999999943,0.0017534198998628825,-0.30348904903147644,-0.3512366638298372
2019-11-08,4.0,-0.004736850275038381,-0.19066579571613695,-0.3519088583162039
2019-11-11,-1.0,-0.01778424165054614,-0.2049344882475362,-0.35017129657756246
2019-11-12,1.0,0.0001820239015856364,-0.19787936171575538,-0.34865903945059995
2019-11-13,5.0,-0.0009501427242264534,-0.15098209112558764,-0.3539244134736315
2019-11-14,3.0,0.0015054119066440256,-0.1497459728280983,-0.35622105893101236
2019-11-15,-2.000000000000057,-0.0073925555371158955,-0.20125201574736457,-0.35290030178049336
2019-11-18,3.000000000000057,0.00792292583956696,-0.2415667414353585,-0.35200465482081805
2019-11-19,3.0,0.009958136481306303,-0.2842361172364392,-0.3449946332608997
2019-11-20,6.0,-0.009974769470009609,-0.30552102911748,-0.3468653343124604
2019-11-21,-1.0,-0.0046851483670989165,-0.3012357713535328,-0.347877952258177
2019-11-22,-4.0,-0.010234012738468922,-0.23763918275108464,-0.34858748469807693
2019-11-25,-5.0,0.007300903710355269,-0.24494162831356123,-0.3499253391101689
2019-11-26,-3.0,0.0034613788316599295,-0.2652786240820433,-0.3452556202239962
2019-11-27,-6.0,-0.004128791417360389,-0.2520994802004858,-0.3442393128842505
2019-11-29,2.0,-0.008745970684524417,-0.2890280110569928,-0.35436985903221446
2019-12-02,1.0000000000000568,0.00192787032819121,-0.30789282212925384,-0.35177207967689733
2019-12-03,10.999999999999943,0.003910012573047016,-0.27962166506795744,-0.35609675191663454
2019-12-04,-12.0,-0.00032938980479928193,-0.27242367878995644,-0.35589628537751405
2019-12-05,-1.9999999999999432,0.0076450369110844605,-0.2886403032076242,-0.36001724829339615
2019-12-06,-11.0,0.005916810441135707,-0.30194269871254026,-0.3565877348511305
2019-12-09,-1.0,-0.0017795976477017867,-0.3121472392100536,-0.3566993780632785
2019-12-10,-4.0,0.0012667028304908915,-0.32507387541579325,-0.35651662202659057
2019-12-11,-1.0,0.0006061411284087119,-0.33164003015590393,-0.35529571615598354
2019-12-12,-13.0,-0.003008814407023755,-0.2724949658495923,-0.3519893286884603
2019-12-13,1.0,0.01964549517248232,-0.24232343468170173,-0.3493287682220919
2019-12-16,-9.0,0.0048581957704862165,-0.24343309057280332,-0.34816931438719123
2019-12-17,-4.0,0.01351393392930136,-0.26523857885053376,-0.35137417842229435
2019-12-18,-7.0,-0.002233429179337791,-0.25178770486894736,-0.35394262948544336
2019-12-19,3.0,-0.001397803566406833,-0.23705286677071344,-0.34931137655263467
2019-12-20,-1.0,-0.0024605445493925703,-0.24044731535170424,-0.35053422807108015
2019-12-23,-1.0,-0.012563869739876722,-0.23282947838478904,-0.34949596931672494
2019-12-24,1.0,0.006497943361457646,-0.2310530362327544,-0.33705288779139886
2019-12-26,0.0,0.008761796161291392,-0.2224004676273475,-0.33661154737330606
2019-12-27,3.0,-0.0009841184379423033,-0.22925572506183214,-0.33463935486712065
2019-12-30,4.0,0.014711048126733142,-0.18558176420142386,-0.3307238375096793
2019-12-31,0.0,0.0036557404603511975,-0.1911532677549874,-0.330519851065346
2020-01-02,-4.0,0.013495148430566905,-0.19602815176111152,-0.3320382457845685
2020-01-03,5.0,-0.0017538198106827857,-0.18771086247408858,-0.32898508700696033
2020-01-06,-4.0,-0.003787533426308017,-0.18584869470572676,-0.3284062449459009
2020-01-07,-3.0,0.007462949149397088,-0.17561253663556037,-0.3248023419707969
2020-01-08,-4.0,-0.0115830709851755,-0.17903648024892713,-0.3179894597622971
2020-01-09,-1.0,0.012578266378327381,-0.17529555611346587,-0.3156261848193603
2020-01-10,-1.0,-0.0002845493220769424,-0.16560246762666445,-0.3111433210362007
2020-01-13,0.0,0.0097532876352903,-0.12340657740903528,-0.3134498036531913
2020-01-14,-3.0,-0.003360096286408275,-0.11731089332192722,-0.31239942862291464
2020-01-15,-1.0,-0.00554096215265634,-0.1308261399793902,-0.31192168924600555
2020-01-16,-2.0,-0.004254809860104781,-0.12684672041000208,-0.3105656357851497
2020-01-17,-3.0,0.0013992469722722961,-0.12705373196960434,-0.30972595863969676
2020-01-20,-1.0,0.007428058577093128,-0.1120461557404327,-0.3094404518600834
2020-01-21,9.0,-0.017234330931583355,-0.17152546142880326,-0.29561825817245213
2020-01-22,2.0,0.0042741001188863715,-0.16973015670788386,-0.29561474348901146
2020-01-23,9.0,-0.03147566558508316,-0.2512662096488857,-0.31036560254381423
2020-02-03,-6.0,-0.08208789245745143,-0.06888168598265756,-0.26449315848509924
2020-02-04,-12.0,0.026033008785874372,-0.11629847590953525,-0.27293036603444143
2020-02-05,-10.0,0.01126585902804228,-0.1298734499436988,-0.276226486221186
2020-02-06,-5.0,0.018438698650183886,-0.14084979240813242,-0.2766259166425388
2020-02-07,5.0,2.4154947372948227e-05,-0.13320926247090487,-0.27442633712236925
2020-02-10,0.0,0.00412901279945909,-0.14184858005623951,-0.2757249225946939
2020-02-11,-10.0,0.009267205249654655,-0.14118754091886854,-0.2789136124074892
2020-02-12,-6.0,0.008055635264537581,-0.1392135319828831,-0.27385938616618527
2020-02-13,-2.0,-0.0061713730615193555,-0.13747880568524315,-0.27345913639313024
2020-02-14,-1.0,0.006999679922883055,-0.1319811338123198,-0.26774303771536906
2020-02-17,0.0,0.022242241064220722,-0.12185198640495477,-0.2660001919992835
2020-02-18,5.0,-0.004895758852166483,-0.12275101561699975,-0.268718673140934
2020-02-19,-4.0,-0.0015292237492852212,-0.12137665473524341,-0.26646292594507687
2020-02-20,5.0,0.02277935932332665,-0.0873207726982519,-0.25999184259042535
2020-02-21,4.0,0.0011656897079620984,-0.08476473250304604,-0.25972316205751483
2020-02-24,37.0,-0.0040209757990555175,-0.0923709938091902,-0.2551869999293046
2020-02-25,15.0,-0.0021762958698513814,-0.09840233892198959,-0.2556854785147839
2020-02-26,8.999999999999943,-0.012404675201421004,-0.1194048363830601,-0.2563092216405946
2020-02-27,35.00000000000006,0.002907787861271764,-0.0962523807683229,-0.2415913141252416
2020-02-28,42.0,-0.036098239393596,-0.2326591128876605,-0.2780703313016011
2020-03-02,-8.999999999999943,0.03236787232915487,-0.2551070867669245,-0.2823642566041427
2020-03-03,-13.0,0.0053168183972415635,-0.263733443633548,-0.28333981661841867
2020-03-04,-9.0,0.005773768201984381,-0.26379731715312593,-0.2888409705426423
2020-03-05,30.0,0.02203289104992335,-0.18707794719089896,-0.2615273418950607
2020-03-06,59.0,-0.016349315895662495,-0.23522795916747477,-0.270315059416361
2020-03-09,104.0,-0.034757914060444206,-0.35371929368420313,-0.30986143486909096
2020-03-10,-30.0,0.02118902066274294,-0.37502304267686803,-0.3201864755445463
2020-03-11,23.0,-0.013389800874618088,-0.3856572213387149,-0.32649997162344147
2020-03-12,81.0,-0.01943023828690416,-0.4097490778014939,-0.33754027439716305
2020-03-13,-11.0,-0.014172226357878227,-0.39453640086340175,-0.33275457296620214
2020-03-16,107.00000000000011,-0.043945060388467926,-0.4789142508862651,-0.38226194371216704
2020-03-17,2.9999999999998863,-0.004882711224087619,-0.4787602518487632,-0.3825490641244194
2020-03-18,62.999999999999886,-0.01999149419138795,-0.4928098977160308,-0.390211665626148
2020-03-19,78.00000000000011,-0.013055305490118364,-0.49126553127470163,-0.3896165431740376
2020-03-20,27.0,0.01771062513213693,-0.47839628795206796,-0.37824358065006664
2020-03-23,78.0,-0.03422554193523279,-0.5115081889578009,-0.40299590022892523
2020-03-24,-32.0,0.026501405511712626,-0.5272883687338916,-0.41136067028621287
2020-03-25,-44.0,0.02651444628787693,-0.5444524052919777,-0.42577116340404375
2020-03-26,-82.00000000000011,-0.006595451348404441,-0.4958307193117209,-0.39609476638369046
2020-03-27,-29.999999999999886,0.0032432872245010047,-0.49461284823636437,-0.3948401266410074
2020-03-30,-17.0,-0.009737039559729033,-0.4866732596843674,-0.39266864853090694
2020-03-31,-5.0,0.003272792291569129,-0.4915084776904059,-0.393757257176595
2020-04-01,34.0,-0.003010178193419536,-0.48954795755797376,-0.3929538969569992
2020-04-02,6.0,0.016048376346972232,-0.4865112800844462,-0.39318027647683734
2020-04-03,26.0,-0.005723167754230772,-0.4872577247236686,-0.3943629905250284
2020-04-07,-37.999999999999886,0.02258128002354555,-0.5023234520445026,-0.40281668809487786
2020-04-08,-7.000000000000114,-0.00466510387385904,-0.4996115284738905,-0.40197561213666233
2020-04-09,-85.0,0.003292157960371772,-0.47968678637411527,-0.38923954427389634
2020-04-13,-26.0,-0.004233103828336165,-0.47426266730801697,-0.3851108218979706
2020-04-14,-35.0,0.01911733203498188,-0.4852990355095826,-0.39270278365537037
2020-04-15,29.0,-0.007434527687172356,-0.4858341606294526,-0.39428866151919717
2020-04-16,-6.0,0.0013206501313025463,-0.4898573560701008,-0.39451683159370626
2020-04-17,-27.0,0.009711445706510577,-0.49352974869572197,-0.39691654972280643
2020-04-20,21.0,0.0036313844525207206,-0.4909047810101421,-0.3932770894532432
2020-04-21,38.0,-0.011853610092220858,-0.4941934152995319,-0.39636181434544576
2020-04-22,-5.0,0.008195216459116533,-0.4960950136380541,-0.39633717833402127
2020-04-23,2.0,-0.0025116010951781896,-0.49699040198610533,-0.3965681698259094
2020-04-24,15.999999999999886,-0.008596246378152223,-0.4986333057034348,-0.39773847040413646
2020-04-27,-1.9999999999998863,0.006771095821278923,-0.4991051632322422,-0.3980033836356624
2020-04-28,1.0,0.006876406273812152,-0.4988179674139317,-0.3978095004878669
2020-04-29,-15.0,0.004635852328096864,-0.5018202425319842,-0.4032545294107479
2020-04-30,-24.0,0.011708999561383372,-0.5058153695326687,-0.4065392851004844
2020-05-06,0.0,0.006033196922335174,-0.5147362169770024,-0.4066104904361425
2020-05-07,0.0,-0.0028899868527085043,-0.6437013769500316,-0.4076947969143851
2020-05-08,-8.0,0.009818680637865151,-0.6465221145212691,-0.4084950578562081
2020-05-11,-1.0,-0.0008686234755437449,-0.6445074732540235,-0.40830435212700394
2020-05-12,-9.0,1.4519435533601591e-05,-0.6451208363516628,-0.4109824077705563
2020-05-13,19.0,0.002021848302197205,-0.6438474692938576,-0.40982061382488355
2020-05-14,16.0,-0.010904107606277304,-0.6435727522327825,-0.41126253647804867
2020-05-15,1.0,-0.0031645208434674514,-0.64121155269953,-0.4132346117977948
2020-05-18,-37.0,0.0025768648686913405,-0.6362341630769175,-0.41244852953567057
2020-05-19,-6.0,0.008462321838410712,-0.6395974028877575,-0.41282840804096066
2020-05-20,-19.0,-0.005329183477480376,-0.6326574475876787,-0.41017392398458663
2020-05-21,-8.0,-0.005459831084839416,-0.6368167132548975,-0.4185498861091951
2020-05-22,-2.0,-0.023193734514938474,-0.621045382305895,-0.4160571548450516
2020-05-25,0.0,0.0013746854294471086,-0.6217380090089092,-0.41785603236667024
2020-05-26,-31.0,0.01128162222103003,-0.6380394625600163,-0.4193918746376592
2020-05-27,-5.0,-0.007036891004288614,-0.6351622921568809,-0.42555483358466323
2020-05-28,-10.0,0.002861219353501663,-0.6369757398355519,-0.4230503223822517
2020-05-29,11.0,0.0026906446394998444,-0.6359053265256821,-0.42360004239284965
2020-06-01,-11.0,0.026618607505175626,-0.6321199379508722,-0.42827489865259466
2020-06-02,-25.0,0.003074205203533941,-0.6382707499552467,-0.4275477845742132
2020-06-03,-38.0,2.008229876724991e-05,-0.6260439570086996,-0.4276961398272618
2020-06-04,3.0,-0.00036721835698979503,-0.6413016995804197,-0.4283727422505783
2020-06-05,-33.0,0.004776348491166621,-0.6405669686203015,-0.42772334399318873
2020-06-08,1.0,0.005161040729267489,-0.6393264912073027,-0.4274378932657765
2020-06-09,24.0,0.006215027837446011,-0.6675227580061274,-0.4210703111405658
2020-06-10,17.0,-0.0018114115390478484,-0.6583913592771455,-0.42097207612459553
2020-06-11,48.0,-0.010906712768860143,-0.6204647861905228,-0.4248137867145853
2020-06-12,-12.0,0.0017998077734721176,-0.6145894538277906,-0.4255644397940419
2020-06-15,-3.0,-0.012087146329313512,-0.6053750110885657,-0.4238697037678098
2020-06-16,-47.0,0.014952650166163503,-0.5955514488156579,-0.42959732654409266
2020-06-17,7.0,0.0007529477809265026,-0.6069856575015864,-0.42944734715833416
2020-06-18,16.0,0.006646060709465059,-0.5088251508691667,-0.4274867983008088
2020-06-19,1.0,0.013342866475464435,-0.501637802241397,-0.4302588085862148
2020-06-22,1.0,0.0008136811845599733,-0.46573996250683825,-0.43040092133802305
2020-06-23,-1.0,0.00480275327345941,-0.437645529190459,-0.4319722553496848
2020-06-24,21.0,0.004163073394105781,-0.471766502981925,-0.42839405082670334
2020-06-29,11.0,-0.007097652224453106,-0.36988830509251935,-0.43220827706561715
2020-06-30,-8.0,0.013113409441197675,-0.3469753533268438,-0.4330763287683299
2020-07-01,-11.0,0.019929884345320857,-0.30213924503660966,-0.4341872910568899
2020-07-02,-16.0,0.0205190834673487,-0.39060980725157823,-0.4372133483221148
2020-07-03,0.0,0.01913177511652984,-0.3786712930994151,-0.4354768547786897
2020-07-06,-14.0,0.055131216608803546,-0.358684426040556,-0.43112836703644414
2020-07-07,1.0,0.005984398267295105,-0.3578244102421968,-0.4319921024469943
2020-07-08,2.0,0.01602161674087557,-0.3419761454383916,-0.4292971198857232
2020-07-09,8.0,0.013888639196783053,-0.3428919423037245,-0.4269599982899615
2020-07-10,0.0,-0.018270004194841982,-0.32749092287708964,-0.4249984110824892
2020-07-13,-13.0,0.02078503265292465,-0.30331971670002633,-0.42602457416636413
2020-07-14,2.0,-0.009580336181996442,-0.30837760396722386,-0.4259587783305859
2020-07-15,-22.0,-0.013029283857047434,-0.32688011280450197,-0.42029510514893687
2020-07-16,-5.0,-0.04929674326555778,-0.2949897396310855,-0.4045038593950754
2020-07-17,-2.0,0.006279160843895698,-0.27045528759309273,-0.40479537042193625
2020-07-20,-20.0,0.029401320405866512,-0.2768052335313365,-0.40874302471364493
2020-07-21,-21.0,0.002291645925546458,-0.2737135995975999,-0.4093969078001957
2020-07-22,-5.0,0.004976445357551661,-0.2681937172791711,-0.4097740175442542
2020-07-23,-2.0,-0.0004263764460646308,-0.2735743705675633,-0.409570404701826
2020-07-24,3.0,-0.044885926871965375,-0.24620308620528783,-0.40403674060931183
2020-07-27,-5.0,0.005060736341555208,-0.24623541597700507,-0.4041595153933864
2020-07-28,3.0,0.008752145469647098,-0.24101999390159135,-0.4036688434225847
2020-07-29,-12.0,0.023954258591717723,-0.23605071151100598,-0.40508920008575455
2020-07-30,-1.0,-0.004897066382800305,-0.23809486258149998,-0.40510796128532484
2020-07-31,2.0,0.00831889760054069,-0.23701405070606535,-0.4046259384608074
2020-08-03,-8.0,0.01611311512058742,-0.23850293378751164,-0.40573884015215184
2020-08-04,5.0,0.0009409337120644999,-0.23155222617678664,-0.4056464550024129
2020-08-05,-9.0,0.0002735291822812058,-0.23131634357170988,-0.40460366677306636
2020-08-06,1.9999999999999432,-0.0030073169025837867,-0.23200554808587448,-0.4045012199584226
2020-08-07,0.0,-0.0115807001506316,-0.23273354673485738,-0.4041944283501258
2020-08-10,3.000000000000057,0.00359247001676474,-0.23144288161854393,-0.4040182610063964
2020-08-11,-6.0,-0.009160814050230533,-0.2297686849986068,-0.40273512835102065
2020-08-12,6.999999999999943,-0.00731861616432439,-0.23859154289253587,-0.40288717887836756
2020-08-13,6.000000000000057,-0.0025706231729737705,-0.22729718128948567,-0.40301768253542947
2020-08-14,10.0,0.014756944673855646,-0.2115652040560754,-0.40004860390462416
2020-08-17,3.0,0.02323612644012645,-0.2085543449633525,-0.39732312528608316
2020-08-18,-3.0,-0.000513025455575405,-0.20782225587791806,-0.39827836138351913
2020-08-19,-1.0,-0.01508972828793647,-0.21998996141688448,-0.39563265841110595
2020-08-20,3.0,-0.013062837985231536,-0.22813442780383333,-0.39459076197328413
2020-08-21,-3.0,0.00844625377829779,-0.23153725235024583,-0.38882175314393164
2020-08-24,-8.0,0.007811586360143104,-0.23243296142747133,-0.39112419502182505
2020-08-25,-10.0,0.001282145236100936,-0.22227823522385914,-0.3907016939217842
2020-08-26,-5.000000000000057,-0.01179143848735509,-0.22058395925052077,-0.3868944050830149
2020-08-27,-3.9999999999998863,0.005343581667131274,-0.2214205904880762,-0.38752305847794527
2020-08-28,1.9999999999999432,0.02358603393633957,-0.21241664056128928,-0.3882427529013689
2020-08-31,1.9999999999999432,-0.005807160177476246,-0.2048056415741035,-0.3912318561634661
2020-09-01,-4.999999999999943,0.005364704197894736,-0.20958289143001685,-0.39368373542150964
2020-09-02,-4.0,0.0003643812358356593,-0.230606412176777,-0.39373246587004573
2020-09-03,11.0,-0.005546406799537806,-0.23596757272341876,-0.3942163258174139
2020-09-04,9.0,-0.009778874994954716,-0.2512251562833542,-0.3937297888384947
2020-09-07,0.0,-0.021368549427703998,-0.2488022530894161,-0.39168650363799357
2020-09-08,12.0,0.0053443845861228375,-0.259671920528743,-0.39148098824734134
2020-09-09,-9.0,-0.02366765483140326,-0.23588291275149356,-0.38562340761785835
2020-09-10,0.0,-0.0005697226232063961,-0.21612875905214923,-0.38671963479060384
2020-09-11,5.0,0.009839110851291967,-0.21167229142049154,-0.38736744046326255
2020-09-14,-3.0,0.005123366712961365,-0.21472284096124705,-0.38756798613392973
2020-09-15,-4.0,0.008015839598304212,-0.1953371858937621,-0.38798199070440276
2020-09-16,-7.0,-0.00666057020743151,-0.18801674422325426,-0.3876558010151488
2020-09-17,7.0,-0.005305503814429285,-0.21058259791449582,-0.38803951104943596
2020-09-18,2.0,0.02227983205717658,-0.20329131550521976,-0.38617413735225464
2020-09-21,26.0,-0.009685713655998145,-0.2222832257041305,-0.3885617222418663
2020-09-22,3.0,-0.01193670709894685,-0.2272189789981951,-0.38858970702543916
2020-09-23,2.0,0.003567261074509898,-0.24484694894989137,-0.38719355998563726
2020-09-24,17.0,-0.019372888753561534,-0.26884797117634396,-0.3896744072957743
2020-09-25,0.0,0.0015232311082675793,-0.2623999310824761,-0.389378326593685
2020-09-28,-12.0,0.0025976830142870892,-0.24528686340933917,-0.3901848383926888
2020-09-29,-2.0,0.0021563372298629402,-0.2200318978780455,-0.39030198068103544
2020-09-30,-9.0,-0.000959561384158417,-0.22169067693507932,-0.38938997221566085
2020-10-09,-5.0,0.0202295361258012,-0.1631258615631082,-0.3895751950166549
2020-10-12,0.0,0.02988693241901605,-0.15565619311700604,-0.38747905541996625
2020-10-13,-4.0,0.003320765679496209,-0.16453053903795684,-0.3876637705529728
2020-10-14,0.9999999999999432,-0.0066551959114719535,-0.1858471706281013,-0.3873822431713168
2020-10-15,12.000000000000057,-0.00174185780377837,-0.18454453419905809,-0.3876641515980289
2020-10-16,-6.999999999999943,-0.0014723249015277874,-0.1552215000133337,-0.38747383594400353
2020-10-19,-3.000000000000057,-0.007580947324676243,-0.14970062216586513,-0.38699591513948484
2020-10-20,-0.9999999999999432,0.007954692397331964,-0.19843562262407877,-0.3871393135601832
2020-10-21,0.9999999999999432,-0.0001332735871289077,-0.2559611410250591,-0.3870236323820633
2020-10-22,-3.0,-0.0031019124618266,-0.2533514409131088,-0.38690526548327164
2020-10-23,-1.0,-0.012530374375044237,-0.17665322992186883,-0.38602471640315034
2020-10-26,16.0,-0.005792364621097337,-0.18977218652085412,-0.38761074839761256
2020-10-27,2.999999999999943,0.0017130693857238426,-0.18499164188499653,-0.3876002558340929
2020-10-28,23.000000000000057,0.008052265130175401,-0.14157256236209295,-0.3838644398781808
2020-10-29,-4.0,0.007496834650276579,-0.14511261433874342,-0.382874434217524
2020-10-30,0.0,-0.016389027988660262,-0.13656459836967008,-0.38165266796605657
2020-11-02,-7.0,0.005415699926437235,-0.14635367132448987,-0.3826739091263952
2020-11-03,-18.0,0.011945216401603785,-0.13182977768661616,-0.3845119963666743
2020-11-04,-28.0,0.007526838285146994,-0.1547020101133945,-0.38550275042660315
2020-11-05,-20.0,0.01473520996199845,-0.19481727977777166,-0.388410854582898
2020-11-06,8.0,0.00012404269147779382,-0.17859839941151973,-0.3883210194332409
2020-11-09,-45.0,0.019384664101318113,-0.26181463871961347,-0.3946743748627326
2020-11-10,15.0,-0.005530658682067191,-0.27116556958104765,-0.39575419348490953
2020-11-11,0.0,-0.009935901648628813,-0.2691373975901928,-0.39529891939853806
2020-11-12,25.0,0.0007265400957911837,-0.2593742719288649,-0.39395153279073825
2020-11-13,1.0,-0.010570510889047147,-0.26042761159835426,-0.39335498095959653
2020-11-16,-13.0,0.009695842576503763,-0.2802836648306849,-0.39436063516112974
2020-11-17,-1.9999999999999432,-0.0019156329179655564,-0.27413456129785296,-0.3937749483112963
2020-11-18,-6.000000000000057,-0.0006364713837081073,-0.2706661997316628,-0.3936801110255017
2020-11-19,6.000000000000057,0.007396928814693623,-0.2879711065228771,-0.3926896888910225
2020-11-20,0.9999999999999432,0.003099722920323173,-0.3086827966693673,-0.39218702277908196
2020-11-23,-6.0,0.012412129999316287,-0.313873063076661,-0.39252169389445235
2020-11-24,-12.000000000000057,-0.006161125091724083,-0.30602195748056504,-0.3907083138680136
2020-11-25,2.000000000000057,-0.012865244369756808,-0.30435833284971975,-0.39030248530854905
2020-11-26,0.0,0.0018089397849228442,-0.30339128603403603,-0.39016124089807325
2020-11-27,1.9999999999999432,0.012358056075695761,-0.2912711723789881,-0.3910324696116506
2020-11-30,-1.9999999999999432,-0.0041269679593215775,-0.2907815940030165,-0.3907665784763298
2020-12-01,-12.0,0.02131180060748671,-0.3211109850747942,-0.3921282836657682
2020-12-02,-4.0,9.157072708887299e-06,-0.31917439255092767,-0.392068653737639
2020-12-03,-7.000000000000057,-0.0019921373253678587,-0.33611847161739505,-0.3921739746617839
2020-12-04,-6.999999999999943,0.0017496834398110467,-0.3347978017915148,-0.39261799572746336
2020-12-07,0.0,-0.008659955874246816,-0.33216923728797804,-0.39293590814224966
2020-12-08,0.0,-0.0024633903917117748,-0.33257353773814835,-0.39254012859609744
2020-12-09,1.0,-0.013500225916820758,-0.3256840558314041,-0.3921181750135006
2020-12-10,4.0,-0.00043987673354727903,-0.3163519828826846,-0.3932829153916687
2020-12-11,5.0,-0.010355108225073873,-0.3302470143049621,-0.3932658406490149
2020-12-14,-6.0,0.009202805813425094,-0.3463357887743301,-0.3935413099473968
2020-12-15,-1.0000000000000568,0.0020779091128788284,-0.392930437008682,-0.39413224197776
2020-12-16,0.0,0.0017712963973308576,-0.3926249688391814,-0.39425729913988117
2020-12-17,-0.9999999999999432,0.012759013031903096,-0.3992037812258594,-0.3938996934455953
2020-12-18,-2.0,-0.003496024332990864,-0.39751474821485083,-0.39434900879253976
2020-12-21,15.0,0.009330753183535155,-0.3686207931003536,-0.392529803495191
2020-12-22,-6.0,-0.016394709610962847,-0.35582648645022275,-0.38986051052707965
2020-12-23,-5.0,0.00849408252602842,-0.35342509529154964,-0.38969126414337296
2020-12-24,-2.0,-0.001420606082607069,-0.37611530888807493,-0.38966562888308426
2020-12-28,-16.0,0.004433027336315451,-0.35608739954108254,-0.3899135565242819
2020-12-29,-4.0,-0.004250101288915238,-0.3492094399899038,-0.3895024401628695
2020-12-30,2.0,0.013936793973684268,-0.3382571770159362,-0.3895968633783298
2020-12-31,-1.0,0.018901872089531136,-0.2842056559045635,-0.39018292487556167
2021-01-04,7.0,0.010770132631680113,-0.26786732133343305,-0.388599280549296
2021-01-05,-1.0,0.018952181943255562,-0.26029250070764054,-0.38759209873616174
2021-01-06,-12.0,0.00911595656361716,-0.26771214275774063,-0.38883268814628935
2021-01-07,-2.0,0.01756265991066838,-0.26783104325574564,-0.3882174259765863
2021-01-08,-2.0,-0.0033111221647590546,-0.2657466550069408,-0.3881123797056417
2021-01-11,6.0,-0.009924985935710723,-0.3036772082414824,-0.3893777304587603
2021-01-12,3.0,0.02812308524467504,-0.26608659413961155,-0.3858229171978681
2021-01-13,-3.0,-0.00328993811841089,-0.26242806265652113,-0.38572669871637066
2021-01-14,-9.0,-0.01946307652147776,-0.22505042223450009,-0.3814771511143721
2021-01-15,1.0,-0.0022647321820208678,-0.22967417540949994,-0.38285917121380536
2021-01-18,-1.0,0.011012499581574684,-0.23002489339143561,-0.38266294196289247
2021-01-19,-2.0,-0.014786099147649704,-0.2266141876627926,-0.381222288918362
2021-01-20,-4.0,0.007130386322251297,-0.22690517925529793,-0.38127201362633933
2021-01-21,-2.0,0.016037381914478555,-0.22475679757832187,-0.381240594887488
2021-01-22,10.0,0.0008633696001252266,-0.22659323020969227,-0.3810159296040149
2021-01-25,0.0,0.010030221377311308,-0.20722829580127883,-0.3820572186291321
2021-01-26,-1.0,-0.020281960217564652,-0.2032449832180454,-0.38037854916456404
2021-01-27,11.0,0.0027236026654103474,-0.23235960551392773,-0.3799707853358767
2021-01-28,-9.0,-0.027669565078195076,-0.1899687585041149,-0.3737494497840221
2021-01-29,3.0,-0.004693427983358953,-0.19180368199891068,-0.3740909368597123
2021-02-01,-1.0,0.012198138307740969,-0.18666611991575988,-0.37407168632937765
2021-02-02,-8.0,0.015284680332363739,-0.17749118681846282,-0.37500951406735983
2021-02-03,-7.0,-0.0028928251038237156,-0.16225166342078495,-0.3745054782782075
2021-02-04,-4.0,-0.0020536822109012143,-0.12958974732466672,-0.3743264965650349
2021-02-05,-6.0,0.0017278799016058849,-0.12817559881755727,-0.37350406653091806
2021-02-08,-4.0,0.014690339807556038,-0.01022394845545792,-0.37366660704628646
2021-02-09,-3.0,0.021632775585823095,0.008167578311026982,-0.3730657111131306
2021-02-10,0.0,0.021136896953192888,0.017612909350214204,-0.40576992610777424
2021-02-18,2.0,-0.006796390791577607,0.023585734163876205,-0.4044491351304736
2021-02-19,-5.0,0.0018117953553229548,0.03366523709707167,-0.4036488646761222
2021-02-22,3.0,-0.031913135890482676,0.013205075310642888,-0.40021779062441365
2021-02-23,3.0,-0.00316088636363837,0.007170171721292174,-0.40025310835863986
2021-02-24,-5.0,-0.025797337082003765,0.026125209435690386,-0.39520958472652384
2021-02-25,0.0,0.0058659246580651195,0.017795927037898836,-0.39446461583859926
2021-02-26,10.0,-0.024578986014973294,-0.049488055495501934,-0.3947104847901386
2021-03-01,-3.0,0.015252484775311331,-0.043100127363159414,-0.3949475014748719
2021-03-02,-1.0,-0.012843962343151796,-0.06237092365322994,-0.3939572013750112
2021-03-03,-2.0,0.01899407126639186,-0.05448785205148789,-0.3949440712558456
2021-03-04,3.0,-0.03196172657010949,-0.08212836495570502,-0.39158581281126736
2021-03-05,6.0,-0.003397356572028898,-0.09596394297605605,-0.3919983847113822
2021-03-08,-3.0,-0.03534630235660933,-0.07937641417509429,-0.38858937038785607
2021-03-09,5.0,-0.02169519768588273,-0.060603346240627784,-0.3880993487929477
2021-03-10,1.0,0.006539165201911017,-0.05760536834030705,-0.38803480757576186
2021-03-11,-11.0,0.02459769080192662,-0.10615103282705861,-0.3889959267269917
2021-03-12,3.0,0.003535520443161178,-0.10214754281967788,-0.38805005895330136
2021-03-15,0.0,-0.021771698972272314,-0.10276141849221855,-0.3893331715246896
2021-03-16,0.0,0.00866415801490597,-0.10077375489211518,-0.3762383034523361
2021-03-17,10.0,0.004223038576872044,-0.08587363258679438,-0.375671458652321
2021-03-18,1.0,0.007988228164529472,-0.08292708467383691,-0.37493393084376125
2021-03-19,1.0,-0.0265419608202576,-0.07909506617376845,-0.37221010050336195
2021-03-22,-9.0,0.009948431169141384,-0.08434136231495547,-0.3850955722046172
2021-03-23,-1.0,-0.009518094186803952,-0.08371345359043086,-0.3780758058904963
2021-03-24,-6.0,-0.016213105742656164,-0.06774353965796628,-0.34678741702228466
2021-03-25,2.0,-0.00047455959482012024,-0.06782263230295464,-0.3409472547950015
2021-03-26,-5.0,0.022409453696508205,-0.08367398412581062,-0.33721806653637215
2021-03-29,-5.0,0.0017625224258213089,-0.11966526517754042,-0.3256858069297944
2021-03-30,1.0,0.00943679989640187,-0.1323726967847526,-0.3284174058062435
2021-03-31,-8.0,-0.009142918759438923,-0.11282155171995444,-0.274990445814111
2021-04-01,-3.0,0.012287831590583272,-0.11664755951047096,-0.2744982497397477
2021-04-06,0.0,-0.004118683479246685,-0.11252023056392878,-0.25945515988235246
2021-04-07,-3.0,-0.007145422387403772,-0.11223915240602841,-0.25115305591257264
2021-04-08,-1.0,0.0016573692662383715,-0.12172897651452291,-0.26303172273836856
2021-04-09,3.0,-0.015150987340556255,-0.13338504092544803,-0.22437459854296915
2021-04-12,0.0,-0.017548435719811403,-0.15819223959560183,-0.21254351652267553
2021-04-13,8.0,-0.001638875792154115,-0.15666040127810235,-0.19558783262367557
2021-04-14,-7.0,0.0082627440889853,-0.148859287905378,-0.22396005976092273
2021-04-15,0.0,-0.0063756648503750565,-0.14642961984718275,-0.2248047740409044
2021-04-16,-3.0,0.003470851827739531,-0.14904668765486523,-0.22950558911949367
2021-04-19,3.0,0.024040354994074857,-0.11498407124163021,-0.2253416154389355
2021-04-20,10.0,-0.000717986835252842,-0.13647278475151073,-0.22542313918532964
2021-04-21,-1.0,0.00302088884183706,-0.1377099934099962,-0.22891143847369053
2021-04-22,0.0,-0.0018652166417151464,-0.1756415167742525,-0.2267392670626716
2021-04-23,-5.0,0.009038940728190753,-0.1834545916259068,-0.21340814688393697
2021-04-26,-3.0,-0.011400880112324985,-0.1773820717221579,-0.21356834785607962
2021-04-27,-2.0,0.002612632844617457,-0.18350105918087706,-0.23010119552661631
2021-04-28,2.0,0.005626512527797331,-0.17384534793378661,-0.2352383535535244
2021-04-29,-2.0,0.008737836995305902,-0.17282607004825631,-0.22381207206970027
2021-04-30,4.0,-0.007908585460357973,-0.19030035842128237,-0.22122777459156936
2021-05-06,1.0,-0.012246980233125798,-0.1960479274807698,-0.22172793950902722
2021-05-07,-3.0,-0.012940531405912142,-0.19273934082578156,-0.21703659500643102
2021-05-10,-1.0,-0.0007269778958146385,-0.21559921355664535,-0.2206256841054627
2021-05-11,10.0,0.006118047457768018,-0.24961785751038615,-0.21018074781649154
2021-05-12,-2.0,0.004268865749714823,-0.24922665068644909,-0.2096575805992432
2021-05-13,3.0,-0.010276391799696024,-0.25566811108434423,-0.21048470242464387
2021-05-14,-2.0,0.023283192842009297,-0.23595947068443635,-0.20599519737436173
2021-05-17,0.0,0.014452129575788978,-0.23882738871210937,-0.20494073009903285
2021-05-18,0.0,0.0005044065007787606,-0.24087614381589284,-0.2055095564507348
2021-05-19,5.0,-0.002959362676300788,-0.2400019135575242,-0.2054153958804629
2021-05-20,2.0,0.002730078218913397,-0.22562272735451874,-0.20038199479569369
2021-05-21,-5.0,-0.010128160728869793,-0.20020054703457332,-0.1992022901140895
2021-05-24,0.0,0.004167110106744392,-0.2046370198593108,-0.19890029000677123
2021-05-25,-3.0,0.031106094198889784,-0.21674935053392022,-0.19683570079138443
2021-05-26,1.0,0.0003975347260076317,-0.21428948007727563,-0.19684355847117035
2021-05-27,-5.0,0.00330997368141398,-0.20186566499848252,-0.19746011621369447
2021-05-28,-1.0,-0.003216774122739079,-0.20031783376466,-0.19960578656519112
2021-05-31,5.0,0.0019677723973122578,-0.23399494854534858,-0.19456349011095894
2021-06-01,-1.0,0.001894493915579741,-0.23502255717425619,-0.19428323903940123
2021-06-02,-2.0,-0.00972691748439677,-0.17588434452913618,-0.19719207953127152
2021-06-03,-3.0,-0.0065789232461387894,-0.16066575568746985,-0.19589086369363487
2021-06-04,0.0,0.005122960555661023,-0.16364856445094558,-0.20041017321550333
2021-06-07,-1.0,-0.0008807087959255326,-0.1568628425405405,-0.20202306749803675
2021-06-08,-1.0,-0.008660703096580333,-0.1311978032994176,-0.20375258801810855
2021-06-09,-4.0,0.0008277734180943219,-0.1278861303169826,-0.2037117931275808
2021-06-10,1.0,0.006664867062356995,-0.16458521854172398,-0.19788131735497855
2021-06-11,-2.0,-0.008910567076980907,-0.12322621591220213,-0.1985805820614033
2021-06-15,0.0,-0.011190922313067906,-0.12805985522027183,-0.19854886053471787
2021-06-16,-5.0,-0.016799141037062326,-0.01236733128246689,-0.19693361505191256
2021-06-17,3.0,0.004203638948601504,-0.01150048718237823,-0.1904209353737456
2021-06-18,3.0,0.00011236375575712845,-0.007881751413692132,-0.19119775102870337
2021-06-21,-4.0,-0.0023703486958912613,-0.006174459555277208,-0.19790990649648513
2021-06-22,1.0,0.0062223484075154345,-0.021059244689807004,-0.19739904509928483
2021-06-23,-2.0,0.004914635136633502,-0.029311664642162182,-0.19832953091091696
2021-06-24,-5.0,0.0016654752730112406,-0.014146927634829236,-0.19866825694355134
2021-06-25,-4.0,0.01615946417488065,-0.0024705881310449094,-0.20732279914795243
2021-06-28,1.0,0.002247866903559741,-0.00267193414602977,-0.20723907947129733
2021-06-29,-2.0,-0.011724729714395393,-0.03574547254141317,-0.19962939261388074
2021-06-30,1.0,0.006432635365788018,-0.03026897332739939,-0.19945236388974663
2021-07-01,-2.0,0.0010758291791815775,0.013335300561563342,-0.20074041253013902
2021-07-02,2.0,-0.02881591084345226,-0.01654998530291071,-0.19131224435060779
2021-07-05,-1.0,0.0009196895641789991,-0.023191710088956246,-0.1916926298654095
2021-07-06,2.0,-0.0005286906027109014,-0.05669847849852421,-0.19768557839190826
2021-07-07,0.0,0.011226228576722806,-0.03981908270279481,-0.19839940766556483
2021-07-08,9.0,-0.010213129053200676,-0.07809705935874822,-0.20182706096940647
2021-07-09,-7.0,-0.003705668618403645,-0.07453024604879174,-0.20053656849835402
2021-07-12,-2.0,0.012403962474664831,-0.08253245084054675,-0.20710845783609405
2021-07-13,-1.0,0.001827830302187363,-0.06334361118052927,-0.20448092976077017
2021-07-14,6.0,-0.011543040254654557,-0.09327106905182846,-0.2046102152027926
2021-07-15,4.0,0.013362333295396704,-0.06314594908508124,-0.1953421943228816
2021-07-16,4.0,-0.011065621040815304,-0.061707662422022386,-0.18761434146748315
2021-07-19,26.0,0.0036679723646509273,-0.018329107323681204,-0.1808725321142358
2021-07-20,-6.0,-0.0008804901559389637,-0.012099613762592948,-0.1582969374079642
2021-07-21,-14.0,0.006836771750779328,-0.06306382516563974,-0.16134188105456146
2021-07-22,0.0,0.001497485490911058,-0.061993840421213926,-0.16374610175820495
2021-07-23,-2.0,-0.012210604347853416,-0.052875622038176764,-0.1688366388930177
2021-07-26,-1.0,-0.03274120497587915,-0.04036254476879508,-0.16654820740741688
2021-07-27,6.0,-0.03596398253921202,-0.0829215396924421,-0.1653390141050549
2021-07-28,-1.0,0.0019280487567601367,-0.0932442971029432,-0.16443580648129696
2021-07-29,-3.0,0.018686272244641713,-0.10534399265315846,-0.17970721016593974
2021-07-30,3.0,-0.008095128046081285,-0.11443514101740182,-0.19515608102628604
2021-08-02,4.0,0.025156316535476436,-0.07826704569248082,-0.18819924484499276
2021-08-03,6.0,0.00014638949727404575,-0.06948524546690582,-0.16813177535863416
2021-08-04,0.0,0.00895561900057252,-0.06752105585733169,-0.16844864483969435
2021-08-05,-5.0,-0.0060796046590891285,-0.07025490885092439,-0.16627786292754015
2021-08-06,-5.0,-0.005492405832303928,-0.06271336078359402,-0.16505429877382016
2021-08-09,2.0,0.012919767280224079,-0.07393556699433282,-0.16030120887402102
2021-08-10,-2.0,0.011484214595109173,-0.07717500978043446,-0.15995506678908708
2021-08-11,5.0,-0.005529154915563814,-0.07621546855149106,-0.16276178751234419
2021-08-12,-3.0,-0.008407497086092142,-0.0590806289018341,-0.15133520471620776
2021-08-13,2.0,-0.005518126518865006,-0.06260628247009338,-0.1520480034463569
2021-08-16,2.0,-0.0009942905429570182,-0.0626620428779027,-0.153263323011625
2021-08-17,-1.0,-0.02120333204675759,-0.053556745738569805,-0.14729428988458937
2021-08-18,-2.0,0.011680587379225442,-0.06165315388658907,-0.14820352825232885
2021-08-19,7.0,-0.006580129731906379,-0.08426028144743909,-0.15035896641387692
2021-08-20,-5.0,-0.019285754742048165,-0.058401379842341866,-0.14530694181778112
2021-08-23,-3.0,0.013869954261612503,-0.04727159208560722,-0.1464430679373807
2021-08-24,-8.0,0.010800300502617191,-0.07219035175696138,-0.15017724686405096
2021-08-25,-4.0,0.00199600591372526,-0.06983610752190894,-0.15300439597417526
2021-08-26,-2.0,-0.019907899364672393,-0.059984822986098904,-0.14884140248661015
2021-08-27,-3.0,0.005282973630273834,-0.0701154719928865,-0.14879470565241523
2021-08-30,-1.0,-0.0028573778701406795,-0.06928793619159533,-0.15693168287020992
2021-08-31,5.0,-0.0015927844947090822,-0.07278179313502517,-0.16224545616297617
2021-09-01,-2.0,0.013198816371313428,-0.08278009308419422,-0.16274541379612545
2021-09-02,-3.0,-9.734188874249115e-06,-0.08399909660538916,-0.1634293247492691
2021-09-03,-2.0,-0.005425798916923169,-0.08189282243568748,-0.16127107657001039
2021-09-06,-1.0,0.01854727615262288,-0.08566415265137067,-0.16010316227686933
2021-09-07,3.0,0.011908239033383661,-0.07320342423684964,-0.15563295255977636
2021-09-08,0.0,-0.004153960682764128,-0.07567567665625881,-0.15575670563193963
2021-09-09,-1.0,-0.0004262862557105811,-0.07990781092945276,-0.15857017576801094
2021-09-10,-4.0,0.008716126016851936,-0.08832915750339065,-0.15900134129109034
2021-09-13,-2.0,-0.004370162471732712,-0.1087021667994305,-0.16269273740736837
2021-09-14,2.0,-0.015037005911300897,-0.1194995329231208,-0.16338144880957484
2021-09-15,-3.0,-0.010188263271322358,-0.11286456722755572,-0.16108839387260104
2021-09-16,-2.0,-0.012324868843624045,-0.10878415347981248,-0.15996519681653687
2021-09-17,-2.0,0.009984397338931174,-0.11539636503631225,-0.15837263256794692
2021-09-22,-8.0,-0.0070621769302446555,-0.09933380553873287,-0.1519673663565139
2021-09-23,-6.0,0.0064968330929834825,-0.1061605263741422,-0.15352072910484293
2021-09-24,2.0,-0.0007766971949922549,-0.09200230499798709,-0.15780904849891517
2021-09-27,1.0,0.005745401168918581,-0.09069096950437801,-0.16820056316788398
2021-09-28,7.0,0.0013232394373443024,-0.09039243773416969,-0.16734925908228784
2021-09-29,-4.0,-0.010269930232940807,-0.08345120715436519,-0.1684752818535704
2021-09-30,6.0,0.0066914601194143246,-0.06949852803139814,-0.1655302175911786
2021-10-08,1.0,0.01297613167354878,-0.053147526032363654,-0.16309635521003002
2021-10-11,0.0,0.0012671430694210562,-0.05279295170055144,-0.16545998910982937
2021-10-12,8.0,-0.010662982290104397,-0.07179335441013725,-0.16759629794447142
2021-10-13,-3.0,0.011456214558820853,-0.08056132743926592,-0.17248914095747553
2021-10-14,-7.0,-0.005378001533710975,-0.051402454067271376,-0.16318550375084687
2021-10-15,-6.0,0.0037571900162288,-0.0630638249823797,-0.1620581722432861
2021-10-18,-1.0,-0.011692552893949727,-0.05560393795604617,-0.16221323314382463
2021-10-19,-2.0,0.009787862236965015,-0.05931395972663984,-0.1483269292789024
2021-10-20,-2.0,-0.002550335475766727,-0.041851141291205755,-0.14822539421521339
2021-10-21,-4.0,0.003624853969590148,-0.062404622285237285,-0.14817392044580938
2021-10-22,4.0,0.006413984490404525,-0.04208213175882613,-0.14633723788923145
2021-10-25,4.0,0.003983827426725137,-0.08306565880128051,-0.14617784812254084
2021-10-26,-2.0,-0.003303980601285361,-0.08366027754893345,-0.14266271459106583
2021-10-27,2.0,-0.01316970043948072,-0.06699074853928344,-0.1471704288489792
2021-10-28,-3.0,-0.0069710067150644435,-0.061848990009946925,-0.1458125462301855
2021-10-29,0.0,0.009133905658576713,-0.065669487031458,-0.14476777023217557
2021-11-01,1.0,-0.0036910257076337187,-0.07740942660700727,-0.14501136534156156
2021-11-02,5.0,-0.010449555867797935,-0.009568270433801079,-0.14837766618087203
2021-11-03,-3.0,-0.00387825394886795,-0.005032935522160089,-0.14888185859058417
2021-11-04,1.0,0.00983098085796393,0.020885893719436575,-0.14780496061580495
2021-11-05,-7.0,-0.005436294228423467,0.0482661623478315,-0.14579075365965027
2021-11-08,-9.0,0.0012040009234010089,-0.008203698266343418,-0.14624237087128997
2021-11-09,5.0,-0.0002960518360504767,-0.009609199948257303,-0.14653711375169443
2021-11-10,-2.0,-0.005285917721553265,-0.011254844807369543,-0.14309763975227655
2021-11-11,0.0,0.01593894485071449,-0.014905422207827724,-0.142283155857188
2021-11-12,3.0,-0.002100331988095335,-0.028203025416699074,-0.156780601897318
2021-11-15,1.0,-0.0012275821522954918,-0.04581728381307583,-0.15588259687494682
2021-11-16,2.0,0.00019310447117343,-0.038651781853059564,-0.1555609052337592
2021-11-17,5.0,0.000498266222820992,-0.023077868853701965,-0.15378547480429944
2021-11-18,2.0,-0.009901151325949787,-0.04294415228292749,-0.1466303642997008
2021-11-19,5.0,0.010781507928948286,-0.008399503749767688,-0.1371161486173863
2021-11-22,-6.0,0.004558355078732283,-0.018349298422465247,-0.12528620861245657
2021-11-23,12.0,0.00019269786297804745,-0.020858844345624086,-0.12459895439396039
2021-11-24,2.0,0.0006738960147175844,-0.012924158814844898,-0.08584167499491067
2021-11-25,0.0,-0.004120273844247433,0.007943471365900824,-0.08199221129375277
2021-11-26,30.0,-0.007444270840791316,-0.10418010934523139,-0.09041224334437524
2021-11-29,-9.0,-0.0017924024029635618,-0.08465262217715057,-0.09446288556843031
2021-11-30,14.0,-0.004006222564540432,-0.07202022601084421,-0.0958224804437108
2021-12-01,-9.0,0.0024442241022921175,-0.07588295968219419,-0.0900586581916803
2021-12-02,-4.0,0.002538554400397358,-0.0982723591745939,-0.0907661252746566
2021-12-03,2.0,0.009194216705463765,-0.08652189760272884,-0.08955890560458273
2021-12-06,-15.0,-0.0017147053453223631,-0.07390171936740984,-0.09014770748370259
2021-12-07,-25.0,0.006007442179166062,-0.10479045730899293,-0.09601953470938757
2021-12-08,5.0,0.014887967468882464,-0.07490451548219383,-0.08674743914726289
2021-12-09,4.0,0.016429833085919086,-0.05358975751786,-0.08678654988531771
2021-12-10,4.0,-0.004652336840489615,-0.06291619779704903,-0.08620869183134494
2021-12-13,4.0,0.0056581139735559045,-0.054414910406016086,-0.08458600592176883
2021-12-14,2.0,-0.006731246309327015,-0.06990429240484881,-0.08760297625526177
2021-12-15,-2.0,-0.008710867839850396,-0.06424185316737098,-0.08710578645634076
2021-12-16,-1.0,0.005743280214357276,-0.06557576510210587,-0.07336980916494988
2021-12-17,4.0,-0.016011606704812265,-0.07270696698551252,-0.07735407031321087
2021-12-20,5.0,-0.01511787954855152,-0.09326728401973605,-0.08284140662069427
2021-12-21,-16.0,0.006752696104045924,-0.11371755705258355,-0.0875270706546488
2021-12-22,-4.0,0.00019721325785909577,-0.12328654636509835,-0.08742145823342747
2021-12-23,-9.0,0.006952036128708292,-0.14615681292751434,-0.09056200671099161
2021-12-27,-10.0,-0.00041076477423087026,-0.13961072265316887,-0.0889378386630498
2021-12-28,-1.0,0.00742069849461029,-0.15808163644271345,-0.08909463674280454
2021-12-29,2.0,-0.014733618146385177,-0.15429535714964887,-0.08789107142009
2021-12-30,6.0,0.007757414474152084,-0.13943317017226223,-0.08175183301345668
2021-12-31,1.0,0.0038253182898282034,-0.14031975447079395,-0.08131918854146174
2022-01-04,4.0,-0.004586675142669136,-0.1480982826877604,-0.08245856037631491
2022-01-05,-2.0,-0.01014635331807042,-0.15414089393923527,-0.08117635185388267
2022-01-06,8.0,-0.010300852400832543,-0.18571150315080395,-0.08612455545043267
2022-01-07,5.0,0.0008582660733904354,-0.19162150733873803,-0.09591962525155087
2022-01-10,4.0,0.004484855776462298,-0.1855459784590884,-0.10054200253222133
2022-01-11,-6.0,-0.009598180001148815,-0.14845490260208336,-0.094856785915071
2022-01-12,-12.0,0.00991472480091817,-0.16991482994451873,-0.10108579432217854
2022-01-13,4.0,-0.016576276804004232,-0.19255573119569858,-0.10213669911347804
2022-01-14,-1.0,-0.008256412974016464,-0.18407559053157835,-0.10272241104337952
2022-01-17,0.0,0.008541123391974052,-0.18776663137577806,-0.10479777555363268
2022-01-18,3.0,0.00961761113042047,-0.17455203316302317,-0.10235527511177793
2022-01-19,-1.0,-0.0068730191288057345,-0.17322257560824889,-0.10762444176372575
2022-01-20,-1.0,0.008981985673519537,-0.17049030785092587,-0.10770782021464075
2022-01-21,19.0,-0.009204628816751045,-0.21006571714111458,-0.10957427737413711
2022-01-24,15.0,0.001552051267918045,-0.20187470474613795,-0.10472309345115252
2022-01-25,-5.0,-0.022882021063491267,-0.16399130828436592,-0.09776663790917996
2022-01-26,-14.0,0.007211331036815009,-0.18262575124452154,-0.0998576548732653
2022-01-27,21.0,-0.019810451513431557,-0.2555334221396349,-0.12706818956828012
2022-01-28,15.0,-0.01221849856143308,-0.2811149437562125,-0.13560001481983405
2022-02-07,4.0,0.015290351335136535,-0.2634500055293271,-0.14200098563264812
2022-02-08,-5.0,-0.005478186545120943,-0.2512379307082353,-0.14033271758467628
2022-02-09,-9.0,0.009348686351121224,-0.2682867741403886,-0.1443223533970204
2022-02-10,-2.0,-0.002625593535934055,-0.2707029697797005,-0.14603316620655912
2022-02-11,22.0,-0.0083251485904409,-0.2977635253230612,-0.15015188004920732
2022-02-14,8.0,-0.010861474353252425,-0.3056302055812609,-0.15277502035050466
2022-02-15,-7.0,0.010580476620794905,-0.31817513722280505,-0.15825867510830488
2022-02-16,1.0,0.0038808080537729023,-0.32126453195335475,-0.1582417609857729
2022-02-17,6.0,0.0024170907501377373,-0.3224091078261378,-0.15879021369759524
2022-02-18,4.0,0.0047564630718757005,-0.31802290280954465,-0.16051428113684718
2022-02-21,0.0,-0.0036447424040068816,-0.31704904718407884,-0.1768754989693886
2022-02-22,-3.0,-0.013066725937621202,-0.3025623691086907,-0.17368701576670553
2022-02-23,-3.0,0.010632423969487506,-0.30848963166600785,-0.1749269150267868
2022-02-24,21.0,-0.020482328369252952,-0.35612795517211454,-0.18730932565668376
2022-02-25,-31.0,0.009690736574295752,-0.3920759765940867,-0.19707084106771686
2022-02-28,15.0,0.0017959888173538045,-0.3762803261263061,-0.19343449561423745
2022-03-01,12.0,0.008268480327382815,-0.3595557015314147,-0.18585409233162023
2022-03-02,-18.0,-0.008933353282261443,-0.326004580700102,-0.17280517926416322
2022-03-03,0.0,-0.005908390351454624,-0.3253893925553886,-0.17056424627223604
2022-03-04,19.0,-0.012201266247817722,-0.3378900794580021,-0.179869542265773
2022-03-07,11.0,-0.03246962373772898,-0.3598234772511927,-0.19319432642024525
2022-03-08,2.0,-0.020280293911931237,-0.3545398251835675,-0.19331467999659716
2022-03-09,-9.0,-0.009195992239422945,-0.3374073876205657,-0.1870970547497079
2022-03-10,6.0,0.015610051975364502,-0.3147472657328617,-0.18079930835545072
2022-03-11,5.0,0.003182635215426298,-0.3152156011002944,-0.18810547954669718
2022-03-14,11.0,-0.031074227438564684,-0.34016954866876253,-0.20103827868445795
2022-03-15,5.0,-0.046817170836618086,-0.31369325650961555,-0.1964742543934185
2022-03-16,-25.0,0.042333413087277144,-0.41797563813032174,-0.23637166155606043
2022-03-17,-15.0,0.019447067992112203,-0.4539155448411499,-0.24838033147599428
2022-03-18,0.0,0.006633946187459856,-0.4530009909804505,-0.24769430480633484
2022-03-21,-14.0,-0.001678849851984703,-0.45191994356897763,-0.2444801071086242
2022-03-22,3.0,-0.0008106374468966272,-0.451009849998771,-0.24403215054560054
2022-03-23,2.0,0.004974896956354492,-0.45169388556146645,-0.2527528207961529
2022-03-24,-5.0,-0.005912733407240968,-0.4480897980705614,-0.24798828338895865
2022-03-25,-16.0,-0.018213888293254144,-0.40623732910022275,-0.23168051552858526
2022-03-28,3.0,-0.006273665406629652,-0.40391132783934985,-0.22220573594971083
2022-03-29,-16.0,-0.0034583817379454304,-0.38732182458481806,-0.21887978429694546
2022-03-30,-5.0,0.02860264728173825,-0.3882491021447519,-0.22399743062768707
2022-03-31,10.0,-0.00743267097027041,-0.3850590721260436,-0.22655749804457218
2022-04-01,-3.0,0.01260464865647588,-0.3880329598858541,-0.23103258536837049
2022-04-06,21.0,-0.0028845222103589074,-0.3783945258665887,-0.230109309871674
2022-04-07,6.0,-0.012921620088142112,-0.3825755165194737,-0.23383600901671484
2022-04-08,3.0,0.005134476259089511,-0.38737581909128854,-0.22936713258574873
2022-04-11,16.0,-0.031379156956962674,-0.41181643811816304,-0.2473304298389398
2022-04-12,2.0,0.01930059551012999,-0.4029186772548483,-0.24961544687793435
2022-04-13,2.0,-0.009672456165582058,-0.40617787134651334,-0.25011617700438843
2022-04-14,-9.0,0.012442724453656956,-0.411761491196623,-0.25105306850808723
2022-04-18,-4.0,-0.005353082266565374,-0.4111864797173912,-0.2496135662084774
2022-04-19,-6.0,-0.007585053824646595,-0.40912996299929416,-0.24804164562094586
2022-04-20,-2.0,-0.015626741925608204,-0.40941355493089554,-0.24969539572415414
2022-04-21,-6.0,-0.01858549625635768,-0.38522474745713753,-0.24209899888166803
2022-04-22,15.0,0.00435001970365872,-0.36922368336802763,-0.23654018919628977
2022-04-25,15.0,-0.05068355592304823,-0.396780410347637,-0.25984680423303985
2022-04-26,3.0,-0.008104470811488438,-0.39740645160027616,-0.26034059206878196
2022-04-27,6.0,0.02901799754097714,-0.375802863154576,-0.24837814675187886
2022-04-28,-6.0,0.006542780554855859,-0.3806714640054629,-0.2509866222956525
2022-04-29,10.0,0.023972302145301865,-0.35149128296755816,-0.23789064204367955
2022-05-05,-6.999999999999943,-0.0015027316517908444,-0.3486240316000408,-0.23511650487136554
2022-05-06,15.0,-0.02560939988841187,-0.37490580989173933,-0.24709486331749786
2022-05-09,29.0,-0.008060045395905031,-0.38407823697917237,-0.24833099312177548
2022-05-10,4.999999999999943,0.010883868197312553,-0.37201617432882667,-0.25026369922111535
2022-05-11,3.000000000000057,0.014324614803433415,-0.3516011866132482,-0.24861594623537306
2022-05-12,21.999999999999943,-0.004456903796067587,-0.3404143895783239,-0.24785881456412448
2022-05-13,-13.999999999999943,0.007514549462257705,-0.3534170387722118,-0.2510178861088784
2022-05-16,8.0,-0.00807099235976954,-0.35786841487304766,-0.25093166679526646
2022-05-17,-11.000000000000057,0.012397276884578638,-0.36111454259933096,-0.25743345566764614
2022-05-18,24.000000000000057,-0.0034975902707219692,-0.3537050341146026,-0.25531831469282595
2022-05-19,8.0,0.001924919545495968,-0.3494677761241867,-0.25456406868866616
2022-05-20,-1.0,0.019314574915760673,-0.34693163259454507,-0.25380012567347404
2022-05-23,-9.0,-0.005808849033170905,-0.3354069922959843,-0.2504930059475806
2022-05-24,12.000000000000057,-0.023669290624887738,-0.3462539222311346,-0.258244343883943
2022-05-25,-20.000000000000057,0.00604970221829956,-0.352863525509324,-0.2627300862707579
2022-05-26,-36.0,0.002473904009937255,-0.3439708541090279,-0.257864540954159
2022-05-27,-18.999999999999943,0.002065010850841763,-0.3439058208245211,-0.26073325118592355
2022-05-30,0.0,0.006903640572861194,-0.3475932805638442,-0.2602939535436381
2022-05-31,2.999999999999943,0.015393303587812266,-0.34033200988718765,-0.25709859866273527
2022-06-01,-9.0,-0.0020405417200374844,-0.3212115392646606,-0.2561035204639673
2022-06-02,2.000000000000057,0.0015639790523059368,-0.3108274749309107,-0.2565741548686257
2022-06-06,-1.9999999999999432,0.01853735598596303,-0.3183913032696785,-0.25685780684519854
2022-06-07,14.999999999999943,0.0031259860808895245,-0.3211255024697258,-0.2530030676221164
2022-06-08,0.0,0.009687892711944179,-0.33782470604798054,-0.2530238722071627
2022-06-09,8.0,-0.010514674651401995,-0.341628546559464,-0.2573738120444659
2022-06-10,9.0,0.01504993254272511,-0.31972634775427333,-0.25102776405058774
2022-06-13,36.0,-0.011779647453103595,-0.3140984168502138,-0.2563596524145754
2022-06-14,3.000000000000057,0.007836468093539762,-0.31473481679406484,-0.2553054216395388
2022-06-15,-8.000000000000057,0.013153817785462499,-0.3303905511457449,-0.2578823997263133
2022-06-16,35.0,-0.006603091114422981,-0.33656607920418474,-0.25779765875979793
2022-06-17,-2.0,0.013782732704676438,-0.33915484621090336,-0.25892327518213476
2022-06-20,0.0,0.004951328234505022,-0.32886261502957387,-0.2588186485861526
2022-06-21,-10.0,-0.0011245613115404183,-0.33657793462775654,-0.25915911997843327
2022-06-22,27.0,-0.012783281528528277,-0.29412668608584164,-0.2663932344455031
2022-06-23,6.0,0.017007872553702612,-0.2657437401939066,-0.2619111013111794
2022-06-24,-20.0,0.011648200377687492,-0.2786033748032017,-0.26759316880597334
2022-06-27,-6.999999999999943,0.01119853253130678,-0.2906162246042939,-0.27048202134550303
2022-06-28,14.999999999999943,0.010353497362452436,-0.2773805187951056,-0.263554544080323
2022-06-29,36.0,-0.01552108826980948,-0.3042494932025353,-0.2733574137154066
2022-06-30,25.0,0.014294240989372303,-0.2791727715678148,-0.2589841410269176
2022-07-01,5.0,-0.004087015162388046,-0.31691762656778816,-0.2600253262885574
2022-07-04,1.0,0.0065409635202963844,-0.3186563448407269,-0.26406894212966536
2022-07-05,6.0,-0.0014449839333698677,-0.33185023303023636,-0.2644879103588309
2022-07-06,-19.0,-0.014712430163867453,-0.28450253057678093,-0.2527973599110803
2022-07-07,-30.0,0.004398975120938163,-0.2790444462043797,-0.25331535756624746
2022-07-08,-14.0,-0.0033120360254251173,-0.26720008554153934,-0.25117478651763425
2022-07-11,8.0,-0.016887784237041334,-0.26919073013593325,-0.25337480246490124
2022-07-12,-1.0,-0.009459504788425098,-0.26387661086204117,-0.25237216258356654
2022-07-13,4.0,0.0018166136425214962,-0.2640588668745423,-0.25056343524740265
2022-07-14,6.0,0.0001417244072591004,-0.24289380467538307,-0.250338728602153
2022-07-15,-14.0,-0.017163020676960457,-0.21719796375646405,-0.2423178128862256
2022-07-18,-14.0,0.010316896703351534,-0.2279260829805727,-0.24620974324731476
2022-07-19,-15.000000000000057,-0.005430029969549267,-0.20943343504757875,-0.24267952331490933
2022-07-20,-19.999999999999886,0.0033818244642759895,-0.21416049230109643,-0.24471741201584765
2022-07-21,8.999999999999943,-0.011208023842099372,-0.22490955583602587,-0.24669003013639348
2022-07-22,-3.0,0.0005136240463570039,-0.23238709936918997,-0.24677726179113108
2022-07-25,-1.0,-0.006056193831946438,-0.24697908527942058,-0.2466395669588015
2022-07-26,10.999999999999943,0.007881160974413862,-0.24584914240809674,-0.24136688164428613
2022-07-27,1.0000000000000568,-0.004943953305376326,-0.22083336690292696,-0.24234066267350954
2022-07-28,-8.999999999999943,0.000150898581695364,-0.21845495034070822,-0.24170614985609104
2022-07-29,-21.000000000000114,-0.013238137096291935,-0.2042453948290545,-0.23096572382432692
2022-08-01,-3.0,0.004444794555351318,-0.20235703420200754,-0.23008447079065622
2022-08-02,-18.999999999999943,-0.0196865878794687,-0.18379437742414442,-0.21856260255353208
2022-08-03,-7.000000000000057,-0.009799100416606756,-0.17660377155330995,-0.21537695426373904
2022-08-04,1.0,0.008462130144248198,-0.147843865448242,-0.22102181948850672
2022-08-05,-10.999999999999943,0.013410566060690658,-0.13834206527492532,-0.2249784928690667
2022-08-08,-3.000000000000057,-0.0021279996507610082,-0.14381460354166525,-0.22245228820172935
2022-08-09,5.0,0.0019787430788460333,-0.1497172655907303,-0.22193731692381352
2022-08-10,-13.0,-0.011263908664876135,-0.12307198479116302,-0.21790569553887582
2022-08-11,-12.0,0.02018680447144849,-0.13322735391486212,-0.22811268054787293
2022-08-12,4.0,-0.000570277182848478,-0.12685124433675776,-0.225778647488606
2022-08-15,-1.0,-0.0013066040170212304,-0.11632437313222824,-0.22566938901370456
2022-08-16,1.0,-0.0018753839709140833,-0.10855668702981743,-0.22494001976467712
2022-08-17,8.0,0.009320508819420452,-0.10088063075787868,-0.22159283289981152
2022-08-18,4.0,-0.008779083306508366,-0.10805291618630884,-0.22741318435459262
2022-08-19,8.0,-0.006968026242654508,-0.12025122300795131,-0.22885382704206467
2022-08-22,17.0,0.007278233888484915,-0.0772794752782058,-0.22360794907872858
2022-08-23,6.0,-0.00487007294530757,-0.07081504739257416,-0.22528393965306362
2022-08-24,-6.999999999999943,-0.01908538134629194,-0.04856721356191455,-0.22075967289504983
2022-08-25,-1.0000000000001137,0.00825020077551431,-0.04659980666453609,-0.2221637438260225
2022-08-26,5.000000000000114,-0.002114379968170268,-0.04761464365123079,-0.22184720014664705
2022-08-29,12.999999999999943,-0.004397922147476834,-0.05898684849540652,-0.22209173618299385
2022-08-30,12.000000000000057,-0.0033622252849209834,-0.06559903070605277,-0.22354527342709227
2022-08-31,12.999999999999943,0.0007471825661562693,-0.06429254930353001,-0.22222562327340065
2022-09-01,5.0,-0.00864280063530641,-0.06220068059599483,-0.2230409289621179
2022-09-02,-2.000000000000057,-0.004989602600431504,-0.06703954631887397,-0.22495124506884404
2022-09-05,1.0000000000000568,-0.0020367365603991064,-0.06630190548911201,-0.22449302665637363
2022-09-06,-8.999999999999943,0.00913619152895841,-0.06945736251004206,-0.2258559508238314
2022-09-07,-1.0000000000000568,0.0006667601713317303,-0.08747693967967596,-0.23036934936851425
2022-09-08,-17.0,-0.004275259704358225,-0.031999361908417505,-0.2263203368355383
2022-09-09,-23.0,0.013799320738442802,-0.07546834390600378,-0.2317894848798892
2022-09-13,18.0,0.004223603394433809,-0.05126650337476927,-0.2276139417693691
2022-09-14,6.0,-0.011192105648596497,-0.034908559994495686,-0.23167276560947192
2022-09-15,2.999999999999943,-0.009450921343383703,-0.036811235297085285,-0.23157650842738542
2022-09-16,23.000000000000057,-0.023729344201284554,-0.10095586827376776,-0.24376305022887035
2022-09-19,-12.0,-0.0011913724882571326,-0.10075512154961677,-0.2429497125012885
2022-09-20,0.0,0.0012304036077226527,-0.06425834975338439,-0.24258412500924223
2022-09-21,-1.0,-0.007427083642582392,-0.08292609345892667,-0.24206632758284893
2022-09-22,4.0,-0.008848752286126995,-0.053297068265542265,-0.2430861376965129
2022-09-23,21.0,-0.0034491089709841913,-0.044283980913805567,-0.2433950957340167
2022-09-26,6.0,-0.00502916909361511,-0.07508874716128017,-0.2453950694984237
2022-09-27,4.0,0.01439225239211946,0.004601280391880393,-0.24308287843133697
2022-09-28,25.0,-0.01647107835755761,-0.11624575374688238,-0.2512518793790005
2022-09-29,3.0,-0.0004092032542780825,-0.11380948298502373,-0.25021211497827617
2022-09-30,-7.0,-0.005832830032521587,-0.11359962184967405,-0.2491188682326012
2022-10-10,1.0000000000000568,-0.02231046239879809,-0.11648286998867985,-0.24782322596667064
2022-10-11,22.0,0.0018124696783947004,-0.13367258341993327,-0.24569955384180212
2022-10-12,6.0,0.015074766835150348,-0.0889830894266225,-0.24376754775467174
2022-10-13,-6.0,-0.008394261014007776,-0.08552999074450081,-0.24135147832646336
2022-10-14,-10.0,0.023646977519851727,-0.10522992377025124,-0.24878749125006516
2022-10-17,-11.0,0.0010254027826726963,-0.11088708701562144,-0.24777514905241416
2022-10-18,-9.0,-0.002119855227317334,-0.11239288944862606,-0.24705513032781004
2022-10-19,2.0,-0.01621435910914368,-0.11727391053931327,-0.24691852597992875
2022-10-20,-8.000000000000057,-0.005737707729671164,-0.14726603804088223,-0.24590083699196724
2022-10-21,10.000000000000057,-0.0032100025485567343,-0.12540409773810834,-0.24786186669192636
2022-10-24,-8.0,-0.02969731459472971,-0.09330739496563777,-0.23887926450475694
2022-10-25,-3.0,-0.001630420585316052,-0.0784558473040218,-0.2395138516882089
2022-10-26,-8.0,0.0080854523840452,-0.08058606482654984,-0.24127157227890006
2022-10-27,-4.0,-0.007068561846897027,-0.07597345737233473,-0.23875764744228706
2022-10-28,-22.0,-0.025045748847757898,-0.002311453659835625,-0.21885663604584216
2022-10-31,9.0,-0.009255654087809153,-0.026910986733558257,-0.22146666824553005
2022-11-01,-1.9999999999999432,0.035135062295113866,-0.03365600570751579,-0.2195819319896364
2022-11-02,0.9999999999999432,0.011934504204356282,-0.028883875574235322,-0.21983433703811261
2022-11-03,18.999999999999943,-0.008165406510091901,-0.07396084841993997,-0.22171824757408778
2022-11-04,-4.0,0.032174550004190845,-0.08600078821420276,-0.2230210996955073
2022-11-07,-5.999999999999943,0.0021538040745810905,-0.13799162157729308,-0.22295836476560307
2022-11-08,8.0,-0.006903231139061722,-0.1519508806174985,-0.2246965008785903
2022-11-09,20.0,-0.00939358457109661,-0.16641630585467904,-0.22818374590222923
2022-11-10,-19.0,-0.007724919156991287,-0.12734338851590168,-0.22341452468193085
2022-11-11,0.9999999999999432,0.027496634988239666,-0.1233611252637362,-0.22098986231459222
2022-11-14,-13.999999999999943,0.0014713969071710126,-0.12820668263330712,-0.22201217989899794
2022-11-15,-3.000000000000057,0.018787914712990912,-0.15383271220443834,-0.22294984171929808
2022-11-16,7.000000000000057,-0.00820295852199649,-0.12928278796844941,-0.22389573274387387
2022-11-17,4.0,-0.00410971158424564,-0.1302660694076586,-0.223343590026122
2022-11-18,-9.999999999999943,-0.004486852194025924,-0.1250188348249322,-0.2222783607419121
2022-11-21,-1.0000000000001137,-0.008570387905360253,-0.12271338213815296,-0.2221492334340414
2022-11-22,-6.999999999999943,0.00011826973461562479,-0.13378274224496572,-0.22335348816419695
2022-11-23,-6.0,0.0010489055238472717,-0.13354870582913866,-0.22331012966590894
2022-11-24,0.0,-0.0044408444670989014,-0.1293424833304812,-0.22334242056483722
2022-11-25,0.9999999999999432,0.005036316510325149,-0.1491266720022187,-0.22359289314681863
2022-11-28,11.000000000000057,-0.011328898234774747,-0.15756608779422882,-0.22625605406229485
2022-11-29,0.0,0.030386165895360008,-0.17146259782240905,-0.2240957629622004
2022-11-30,-8.0,0.0011982406481633547,-0.17161894671223282,-0.22432857758540223
2022-12-01,-6.999999999999943,0.010772754997039927,-0.1796437770109559,-0.226188238500016
2022-12-02,1.9999999999999432,-0.006134907117042015,-0.1772760676193602,-0.22650820610887296
2022-12-05,-7.0,0.019424967968233346,-0.18794231150488858,-0.229189799415081
2022-12-06,14.0,0.005387707585699159,-0.1797785644997542,-0.22809490885625894
2022-12-07,11.0,-0.002461826550684833,-0.1770746250634011,-0.22746817625395424
2022-12-08,-13.0,0.00018664698149652585,-0.17702584698752083,-0.22794375808825063
2022-12-09,-9.0,0.00981843215143076,-0.18493229291777938,-0.23007764739869696
2022-12-12,-5.999999999999943,-0.011268394049661413,-0.1688478581063917,-0.2279118145150002
2022-12-13,-6.000000000000057,-0.0019652816967299248,-0.16736573945719674,-0.22535303453878675
2022-12-14,3.0,0.002330061668831265,-0.1771543682662939,-0.22564059609288833
2022-12-15,17.0,-0.0007328307132189436,-0.14404213997182336,-0.22420736827477666
2022-12-16,13.0,0.0005662633556637898,-0.1539247265467853,-0.22277311269415653
2022-12-19,0.0,-0.015548374799046806,-0.1457262514917095,-0.22164072677980315
2022-12-20,1.0,-0.01662856788307226,-0.14298022579374117,-0.2217854025909342
2022-12-21,-12.000000000000057,0.0003971770895265506,-0.08752277060041233,-0.2228133249087988
2022-12-22,5.000000000000114,0.0014320885391947411,-0.08844490604249049,-0.2199799435600892
2022-12-23,-2.000000000000057,-0.0020378265226173122,-0.0879202675526162,-0.22242005960019512
2022-12-27,-4.0,0.011476864678682468,-0.09452519306864605,-0.22589850381306648
2022-12-28,21.999999999999943,-0.004276162425663309,-0.09846123797798997,-0.22596755724417697
2022-12-29,4.0,-0.0037690949823474674,-0.09468911569212013,-0.22688490971929928
2022-12-30,-1.9999999999999432,0.003864511450635922,-0.09228354333996029,-0.22705784894350456
2023-01-03,-10.999999999999943,0.004192371840768464,-0.1053374690282765,-0.22889634769983083
2023-01-04,-8.0,0.0012976738325117976,-0.05780860906150495,-0.22899803459800747
2023-01-05,-4.0,0.019241260364231842,-0.0643226993282893,-0.22961473289361944
2023-01-06,-11.0,0.0030972164148969136,-0.07243623459548328,-0.2293132239191578
2023-01-09,-10.0,0.008063783032646063,-0.07613085387953285,-0.22895648509890282
2023-01-10,-4.0,0.001084378267956015,-0.08202150007479192,-0.229057624761625
2023-01-11,-3.0,-0.0018543252239770138,-0.09759521187081656,-0.22740303657244823
2023-01-12,-1.0,0.0019527653292073786,-0.1039158017561295,-0.2277501746774898
2023-01-13,-8.0,0.013966188302980416,-0.09061707391129059,-0.2301236297013459
2023-01-16,-1.9999999999999432,0.015486051273287112,-0.09146707311060338,-0.23053880784026604
2023-01-17,0.0,-0.0001745213250770172,-0.09585617074362622,-0.23205058951785876
2023-01-18,5.999999999999943,-0.0016759248325780656,-0.09189908616228855,-0.23219484269634288
2023-01-19,13.999999999999943,0.0062014202060171756,-0.08750174493242485,-0.2287582361300425
2023-01-20,-4.0,0.006121493109215215,-0.0827582119253502,-0.23033377878095482
2023-01-30,2.999999999999943,0.004728293031784344,-0.120767758147135,-0.22845228285195432
2023-01-31,4.0,-0.010645259794948916,-0.13016470804619953,-0.2292667028385857
2023-02-01,0.9999999999999432,0.009356318159253127,-0.12208239477425131,-0.22945295307068814
2023-02-02,-36.99999999999994,-0.0035296095862316335,-0.08517914983637159,-0.22392625432153293
2023-02-03,1.0,-0.009496271984206292,-0.18040634094740543,-0.2211846478438477
2023-02-06,4.0,-0.0133085599913791,-0.1744787404374091,-0.22114300088867886
2023-02-07,0.0,0.0017981913758129378,-0.1822518808381114,-0.22163422290096996
2023-02-08,8.0,-0.004428788264437137,-0.1935232018651584,-0.22226091153953553
2023-02-09,-2.0,0.013334038426391324,-0.1693705911614863,-0.22359720370675135
2023-02-10,19.0,-0.0059600285016594545,-0.18529260945120843,-0.2254010459006471
2023-02-13,-0.9999999999999432,0.009033958487298481,-0.18453800669873927,-0.22540048713825167
2023-02-14,-8.0,0.00041409775407470783,-0.17211618395975745,-0.22252420618518642
2023-02-15,2.999999999999943,-0.00522457435893855,-0.14333934363117176,-0.22422231857104788
2023-02-16,6.0,-0.007350903203160604,-0.18973982401119258,-0.22967984915594866
2023-02-17,14.0,-0.014513207296915924,-0.24527488934290037,-0.2313265737233778
2023-02-20,0.0,0.02423787633960909,-0.2349641781425421,-0.22202109279133542
2023-02-21,11.0,0.00262483982241926,-0.22670727428427942,-0.2173465355495174
2023-02-22,-8.0,-0.009066022844646674,-0.19926841244130847,-0.21713796369038588
2023-02-23,-11.0,-0.0008048867137512138,-0.19018687904025366,-0.21751865100591755
2023-02-24,-2.0,-0.010435417917162276,-0.19643322050879614,-0.21465114251766979
2023-02-27,-7.0,-0.00424467836441928,-0.191420927869679,-0.21388246103177944
2023-02-28,1.0,0.006314169404260476,-0.1914643767671731,-0.2107583799700981
2023-03-01,-5.0,0.014026582657949621,-0.19976848344225356,-0.21053390193327082
2023-03-02,1.0,-0.0022326651164919576,-0.20061376211678303,-0.20887892951496315
2023-03-03,-13.0,0.0031069741391894392,-0.20283729979617082,-0.20970441721837618
2023-03-06,-8.0,-0.00522871249319971,-0.17039776265479792,-0.20895162540379147
2023-03-07,1.0,-0.014748812805500063,-0.1914470854779536,-0.2093474635312098
2023-03-08,11.0,-0.00364822220642755,-0.19873573815086612,-0.2099031538402908
2023-03-09,17.999999999999943,-0.003540424357395067,-0.19683548510022036,-0.21189317826946577
2023-03-10,34.000000000000114,-0.01320049076358043,-0.253665457925424,-0.2185663124920028
2023-03-13,41.99999999999994,0.010419284700296166,-0.14515261385265918,-0.1934567791490852
2023-03-14,-29.0,-0.006002583945988547,-0.12252593469556584,-0.18149465437280277
2023-03-15,46.0,0.0005535653371021109,-0.10471390357161171,-0.17680915247113252
2023-03-16,-27.0,-0.012049397286707548,-0.05591357055952603,-0.16993041827935143
2023-03-17,24.0,0.004980758577487929,-0.026712089305168232,-0.17020727551796988
2023-03-20,-2.0,-0.004999417596918964,-0.03568111173837238,-0.17000932022282467
2023-03-21,-30.000000000000057,0.010932746623865211,-0.07881873786996613,-0.17215754259326066
2023-03-22,15.000000000000057,0.00427584788303179,-0.07140841915455935,-0.16411573762465165
2023-03-23,9.999999999999943,0.00986426887274393,-0.05861419562594924,-0.16146758287916108
2023-03-24,12.000000000000057,-0.002986265082769179,-0.06349875670371571,-0.16449747679502127
2023-03-27,-19.0,-0.0036242489284966603,-0.0560167631476133,-0.1647753970688221
2023-03-28,-2.0,-0.003235752515321773,-0.05579322667658979,-0.1650058328456165
2023-03-29,-18.0,0.0016561539190427233,-0.05824569282411566,-0.159330538795076
2023-03-30,-9.0,0.008050516950421808,-0.06708045910585798,-0.1603140144976293
2023-03-31,-16.0,0.0030657232731370397,-0.07197296487378564,-0.1378517260088024
2023-04-03,0.0,0.00973831503009619,-0.06682886703144136,-0.13081419367549613
2023-04-04,15.000000000000057,0.0030603149750138407,-0.048939164959755616,-0.12920743475544422
2023-04-06,0.0,-0.0015769273756824943,-0.046640403736467294,-0.1301094845481742
2023-04-10,-14.0,-0.004489043556316856,-0.03588015948136447,-0.12802263935494773
2023-04-11,-7.0,-0.0011368490944111537,-0.029548759949067173,-0.12800728699606104
2023-04-12,-1.0,-0.00069785242374403,-0.028847033098577512,-0.1289368311582626
2023-04-13,-13.0,-0.006933184078369438,-0.007158012399152033,-0.135206347527672
2023-04-14,-6.0,0.005641545105945867,-0.007310973689043488,-0.13575133313552454
2023-04-17,-2.0,0.013926238256229347,-0.0007176426774042904,-0.13827197984672718
2023-04-18,-4.0,0.0030436234626958596,-0.0017642449316087455,-0.13606099435871843
2023-04-19,4.0,-0.00904433581759568,-0.0073988935633727505,-0.13508719588529491
2023-04-20,13.0,-0.0028017233726872733,-0.012160223181664924,-0.13484199302408467
2023-04-21,-8.0,-0.01975416188434926,0.02385947276766605,-0.1285882808327943
2023-04-24,2.000000000000057,-0.012457551336495796,0.026772474408292002,-0.12724915327060446
2023-04-25,15.999999999999886,-0.005028663542673135,0.01821388064058988,-0.12928775814753807
2023-04-26,-0.9999999999999432,-0.0008668377632871743,0.018852898540773766,-0.118163842299658
2023-04-27,-14.999999999999943,0.007344643577210908,-0.008884479265431554,-0.12254547101228949
2023-04-28,1.9999999999999432,0.01014471517605962,-0.0027803866808652706,-0.12160790551457394
2023-05-04,16.0,0.00028818762605953345,-0.0025833441690392943,-0.11818236182553059
2023-05-05,-18.000000000000057,-0.0033228545927530486,0.007960635653081194,-0.11679186059595986
2023-05-08,-4.999999999999943,0.011333687618858015,-0.0007300815264333191,-0.11970927684911273
2023-05-09,2.0,-0.008599481329350357,-0.01632466382734765,-0.1214587025511299
2023-05-10,4.0,-0.0077276112030614744,-0.019026759157476092,-0.1261624095693069
2023-05-11,2.999999999999943,-0.001553871788268113,-0.014102215276944842,-0.12841471663220605
2023-05-12,-4.999999999999943,-0.013344965509902268,-0.004364582053069117,-0.1102370793816351
2023-05-15,0.9999999999999432,0.015403530004197431,0.0003282015598567828,-0.10898692691786808
2023-05-16,2.000000000000057,-0.0051853093293719,0.003926276572153434,-0.1157323410750452
2023-05-17,-4.0,-0.004545122020695687,0.018990675061326016,-0.11400233232473987
2023-05-18,-5.999999999999943,-0.001034557542444401,0.020856327464381524,-0.12209326400619566
2023-05-19,-7.000000000000057,-0.002918713264252902,0.02414889720779996,-0.12177182802083308
2023-05-22,-8.0,0.006264315012112265,0.018315988694594304,-0.11349663478711668
2023-05-23,5.999999999999943,-0.014244297108787168,0.012645255672868342,-0.10975737406430312
2023-05-24,8.000000000000057,-0.013920126824799891,0.02403268738962101,-0.11455039793402713
2023-05-25,-10.0,-0.002229405222302582,0.026625597425779468,-0.11551728040577457
2023-05-26,-5.0,0.00011725063708255876,0.01968921740394776,-0.11335025968994347
2023-05-29,1.0,-0.004426744377731629,0.010864482314784514,-0.1105351272771522
2023-05-30,4.0,0.0009936527619133092,0.012799049492893823,-0.10862507607043893
2023-05-31,11.000000000000057,-0.01026938767722393,-0.0040359852968887815,-0.10786720797285342
2023-06-01,-4.0,0.002189100101492375,-0.009050107370817514,-0.10651113882055291
2023-06-02,-28.000000000000057,0.01433534492873864,-0.06708934420610636,-0.11816487034400414
2023-06-05,1.9999999999999432,-0.004563805178188675,-0.06039844470189403,-0.11878019939198044
2023-06-06,0.0,-0.009431422935137213,-0.0600517310997093,-0.12033740948439015
2023-06-07,-5.999999999999943,-0.004954557909288927,-0.04964859235881845,-0.11193028379550808
2023-06-08,5.999999999999943,0.008106959303515378,-0.04553550088705825,-0.10684092719679503
2023-06-09,-9.999999999999943,0.00431400402099796,-0.051789599349328974,-0.10683171071445974
2023-06-12,5.0,0.002012671983855088,-0.04558409931428514,-0.10557075655743052
2023-06-13,-16.0,0.005311751374952578,-0.05169520925078345,-0.10807768030007432
2023-06-14,0.0,-0.00022841448014214406,0.010518252676642607,-0.11011155926109784
2023-06-15,3.0,0.01578427014000531,-0.05253342767598115,-0.10867075122376055
2023-06-16,-5.999999999999943,0.009596275511414851,-0.0863057432543404,-0.1104275807261939
2023-06-19,0.0,-0.0082194373084361,-0.10827163470963126,-0.10982493872323962
2023-06-20,6.999999999999943,-0.001698301200985408,-0.17520590485798052,-0.11206724824156239
2023-06-21,10.0,-0.01546084028279967,-0.24127203393814398,-0.11648186775448585
2023-06-26,4.999999999999943,-0.014161827101988902,-0.25401091817381055,-0.11595098639347273
2023-06-27,-15.0,0.009336865994181069,-0.22848084464159452,-0.1252342553319397
2023-06-28,-3.000000000000057,-0.0012060006936434353,-0.25267519569857916,-0.1142089011630979
2023-06-29,-13.0,-0.004947415895498865,-0.2748172695750137,-0.11306573936263124
2023-06-30,-8.999999999999943,0.005377702553482227,-0.28042169046254745,-0.11160177696095772
2023-07-03,-6.0,0.013039182657447542,-0.3025162977484608,-0.10842895614743135
2023-07-04,0.0,0.0015737380831380055,-0.30109707197898894,-0.10809159458290392
2023-07-05,2.0,-0.007777743906701456,-0.30562871630741467,-0.10870681462841564
2023-07-06,8.999999999999943,-0.0067562980144157386,-0.30554194827471826,-0.11079190730192359
2023-07-07,-1.9999999999999432,-0.004448335801926922,-0.29911964699881005,-0.10066956552874055
2023-07-10,5.0,0.004857385712863811,-0.2956538976364538,-0.10410968026169419
2023-07-11,-8.0,0.006523178411029411,-0.3294166157858665,-0.09847555731978702
2023-07-12,-10.0,-0.006754715182223218,-0.31503490998902833,-0.09393295334121504
2023-07-13,2.0,0.014205094390380651,-0.30822918493239176,-0.0986296183934823
2023-07-14,-7.0,0.000174363006059742,-0.3097769973403474,-0.08193949889264632
2023-07-17,7.0,-0.008222209278820985,-0.3197049090493094,-0.09868600862872269
2023-07-18,-7.0,-0.0031689793553156373,-0.33759845415513073,-0.09741418810892892
2023-07-19,-1.0,-0.00105712513155086,-0.3332246118385258,-0.09797727037666061
2023-07-20,1.0,-0.007081007991962629,-0.3417912860116703,-0.0981842339709078
2023-07-21,-1.0,-0.0004668303229831912,-0.34001776158843033,-0.10831543105928453
2023-07-24,-7.0,-0.004376226561401382,-0.32796901122459315,-0.10351085758083386
2023-07-25,2.0,0.028470708740506268,-0.2763120816451882,-0.10061001996206066
2023-07-26,7.0,-0.002071687600697664,-0.3166613797321692,-0.09652218690756256
2023-07-27,-13.0,-0.001195232744363619,-0.3051883698049642,-0.09623695914902618
2023-07-28,4.0,0.022899251426328447,-0.24993409608193318,-0.09170743606153342
2023-07-31,-3.0,0.005468102719712426,-0.2503474984242022,-0.0923054878725642
2023-08-01,3.0,-0.004150727436979688,-0.2389635692187882,-0.10166148539155283
2023-08-02,14.0,-0.00705484021662513,-0.2657612407778742,-0.10012893793356406
2023-08-03,2.0,0.008799914550596713,-0.2684503921257632,-0.1022159678548634
2023-08-04,3.0,0.0038864113172395994,-0.28671719079101937,-0.09969843248740247
2023-08-07,-4.0,-0.00759637076150556,-0.27413960528058134,-0.09525943160275398
2023-08-08,3.0,-0.002615070492593251,-0.27138335067365055,-0.09545341164299809
2023-08-09,-6.0,-0.0030619237945844866,-0.25978668432027985,-0.09501617223656793
2023-08-10,-11.0,0.0020524017821905416,-0.26045544507366847,-0.09947364895661312
2023-08-11,0.0,-0.023274115288622166,-0.2708781675044723,-0.0986239912228403
2023-08-14,-4.0,-0.007324868507294283,-0.28239271880674915,-0.09757694563854342
2023-08-15,6.0,-0.002433099753563938,-0.2804813045621929,-0.10864501640688724
2023-08-16,-4.0,-0.007358775583763774,-0.2780469696975096,-0.1071856505958549
2023-08-17,14.0,0.003338027585623975,-0.2561781857742274,-0.11958189734594668
2023-08-18,6.999999999999943,-0.012369521622880495,-0.27658234595814374,-0.12499224045296577
2023-08-21,-4.999999999999943,-0.014493731827957879,-0.2511205187140935,-0.12252927650594388
2023-08-22,-4.0,0.007658406656251673,-0.23901995284264949,-0.1186771410626016
2023-08-23,-1.0,-0.016524681432167936,-0.21300031733518193,-0.11776490192279845
2023-08-24,-1.0,0.007222449662964919,-0.21687032261311337,-0.11839283878547512
2023-08-25,-1.0,-0.0038419002932303134,-0.2166308204667664,-0.12396737763494223
2023-08-28,-4.0,0.011650904623430016,-0.21976745765679093,-0.11758142911424734
2023-08-29,1.0,0.009940068925598318,-0.21478718754529297,-0.11691479630524956
2023-08-30,-7.0,-0.0004214489662355312,-0.19112576332545114,-0.11685674219797772
2023-08-31,5.0,-0.006153735225727366,-0.19724603571482938,-0.11775644286360774
2023-09-01,-4.0,0.006940410634633973,-0.1278157225559076,-0.12195667591635381
2023-09-04,0.0,0.015041427333904046,-0.11807984135553062,-0.12019336181946148
2023-09-05,2.0,-0.0074673173369024385,-0.12160130276442944,-0.11888405575892867
2023-09-06,3.0,-0.0021720984831716575,-0.1309092093752369,-0.12472189950144544
2023-09-07,4.0,-0.014148172878386153,-0.16207769680155473,-0.12548423126330305
2023-09-08,-5.0,-0.004929577257583552,-0.14815037139072318,-0.1302507301524113
2023-09-11,-3.0,0.007337812753509666,-0.15617742489960232,-0.13082566026423897
2023-09-12,2.0,-0.001841676775899936,-0.14133211375366456,-0.1306632112812562
2023-09-13,1.0,-0.006389959522627915,-0.14354055795573886,-0.12930879876729326
2023-09-14,-7.0,-0.0008416421084389641,-0.16298299544546832,-0.12809006754522398
2023-09-15,1.0,-0.0066461290744070055,-0.15233965784487452,-0.12930785870901643
2023-09-18,3.0,0.0050923075341599,-0.144561774082454,-0.12704191291502512
2023-09-19,0.0,-0.0019357400638905927,-0.14472455148021035,-0.12739132566861672
2023-09-20,-5.0,-0.003989210040026667,-0.09964041264254997,-0.12661152651880025
2023-09-21,12.0,-0.00901182393540573,-0.10605909604830724,-0.12743111791683945
2023-09-22,4.0,0.01794259804803621,-0.04045505008111782,-0.12351406302717165
2023-09-25,4.0,-0.006528199527715004,-0.04873663867616362,-0.1274583379569743
2023-09-26,7.0,-0.005861889281666779,-0.07846149743316858,-0.1181953602939562
2023-09-27,-1.0,0.002056486927205133,-0.06464907504534831,-0.1222628110402141
2023-09-28,6.0,-0.0029709851019892155,-0.043890874346448464,-0.12056926277568521
2023-10-09,1.0,-0.001299116333512036,-0.04389168402646939,-0.11970381514011359
2023-10-10,-8.0,-0.00751892734950509,-0.022662212725879392,-0.09859727567014866
2023-10-11,-1.0,0.0028458349817270063,-0.007276480508726816,-0.09930114832545715
2023-10-12,0.0,0.009453103650197869,-0.009058318074044381,-0.09900503324706164
2023-10-13,5.0,-0.010581987499846852,-0.03353245367492277,-0.10116543984772233
2023-10-16,-3.000000000000057,-0.01009971866830757,-0.00693896923368887,-0.09867725545627264
2023-10-17,-1.9999999999999432,0.0035245293194285997,-0.02887752707372225,-0.09709481249412028
2023-10-18,7.0,-0.007951817205375517,-0.053712768199231556,-0.09803561041918729
2023-10-19,5.0,-0.021566035463477812,-0.07860780583787613,-0.10459322500288289
2023-10-20,14.999999999999943,-0.006517673632614436,-0.0840002464388291,-0.09345688257496994
2023-10-23,-0.9999999999999432,-0.010406957357291196,-0.08406309309518677,-0.09307729530572194
2023-10-24,-10.0,0.003702261857848989,-0.09789335372957689,-0.09595200257326038
2023-10-25,-4.0,0.004956652471855501,-0.10470908119076057,-0.09626107186544797
2023-10-26,13.0,0.0027604373632512803,-0.08590617219442641,-0.09709332382149444
2023-10-27,3.0,0.013634096924963092,-0.08249628303146442,-0.0992871154123566
2023-10-30,-3.0,0.005985528767481468,-0.10865742490536043,-0.10178381226506095
2023-10-31,-8.0,-0.003148622860146272,-0.10211324698429769,-0.09299647312263988
2023-11-01,5.0,-0.0004140248656600958,-0.10377430258827036,-0.09258208031327567
2023-11-02,-31.999999999999943,-0.004726293786034514,-0.0867216898573422,-0.08602086464446415
2023-11-03,-11.000000000000057,0.008390672725506256,-0.10877109605137945,-0.08815606806057871
2023-11-06,-4.0,0.01343340529964992,-0.11954121821105188,-0.09141720102760083
2023-11-07,8.0,-0.003543425809558976,-0.10602625829236915,-0.0913508466878141
2023-11-08,0.0,-0.002402767664892778,-0.1135382663953061,-0.10217863500292344
2023-11-09,-4.0,0.00048561036957762407,-0.12087442439498716,-0.10240368890283977
2023-11-10,-1.0,-0.007316561449093594,-0.12600397193026427,-0.0999328501743884
2023-11-13,0.0,-0.001974685368791237,-0.12543251445797376,-0.10107954284667581
2023-11-14,-11.0,0.0007384794454416723,-0.13264071004648054,-0.12596215854954387
2023-11-15,-3.0,0.007006826738225458,-0.1297382900933852,-0.12329876314630753
2023-11-16,12.999999999999943,-0.009716844474267466,-0.1611824507278004,-0.12957646922536756
2023-11-17,-2.999999999999943,-0.0012031765465315332,-0.16869736535299504,-0.13067665305922863
2023-11-20,-7.0,0.0023108485381220117,-0.17274154017639312,-0.12560796972570323
2023-11-21,3.0,0.001325650895305748,-0.17798621863269565,-0.12376982464209257
2023-11-22,-5.0,-0.010287448626604224,-0.18776485793781303,-0.12094117849426222
2023-11-23,0.0,0.004814068572702551,-0.16634158435740412,-0.11850545132136309
2023-11-24,-5.0,-0.006623477592530993,-0.17982703344568177,-0.10985739028036058
2023-11-27,4.0,-0.007394780023751533,-0.18003169947927863,-0.1182673189617036
2023-11-28,1.0,0.0018720813944303417,-0.1872433438137848,-0.12255637540875725
2023-11-29,-10.0,-0.008624751891447943,-0.16133225275709337,-0.11785881667877778
2023-11-30,4.0,0.0022608610339468075,-0.15677692571029703,-0.11623952899337299
2023-12-01,3.0,-0.0038175542772575606,-0.14922626511337314,-0.11431900533033272
2023-12-04,-7.0,-0.006551438319548501,-0.1447665417662059,-0.11158687994362075
2023-12-05,0.0,-0.019223557398418245,-0.13947792532439823,-0.11305107535794674
2023-12-06,-1.0,0.0015722740687378373,-0.1336220473406749,-0.11343196970577452
2023-12-07,-2.0,-0.002449079880397321,-0.12562310200458165,-0.1132077075619309
2023-12-08,-2.0,0.0024090155173751376,-0.13507010042582804,-0.11306408206159892
2023-12-11,4.0,0.005863998187248521,-0.1191219922845356,-0.11152270478957033
2023-12-12,-3.0,0.0021466333978044914,-0.12151587507530165,-0.11226517872300844
2023-12-13,3.0,-0.01683222974761668,-0.11945828109414922,-0.10896818852431873
2023-12-14,-32.0,-0.005249113939963294,-0.07827528617696064,-0.10363245532507777
2023-12-15,4.0,-0.003111132929438227,-0.07560011619486603,-0.10362311937271455
2023-12-18,0.0,-0.0036534745745062168,-0.0761176199217784,-0.10075748827799536
2023-12-19,-5.0,0.0014033364125818817,-0.07731561151468637,-0.10054665579783427
2023-12-20,-3.0,-0.011019868999532874,-0.0699740026900072,-0.09429504963896694
2023-12-21,-2.0,0.01006819830524892,-0.06960142345822234,-0.09940953629576398
2023-12-22,-2.0,0.0019070811564037447,-0.07835171489202816,-0.09885924371636252
2023-12-26,-2.0,-0.006792526566996367,-0.07681209575091259,-0.09815111691521435
2023-12-27,-3.0,0.0034729787322696913,-0.08166841062456583,-0.09481708787066219
2023-12-28,-2.0,0.0231633188509078,-0.05769081076201842,-0.09777880394777443
2023-12-29,2.0,0.004840922885131526,-0.08194466278566832,-0.0973987043854486
2024-01-02,15.0,-0.013130500000731902,-0.11956489035134872,-0.10616688070235568
2024-01-03,17.0,-0.0023815288716185186,-0.1114289096543838,-0.10751220677369523
2024-01-04,-2.0,-0.009291837436039434,-0.10883434471028891,-0.10794249364820988
2024-01-05,-1.0,-0.005374506997078489,-0.10708780629713972,-0.10800185125966291
2024-01-08,-5.0,-0.013017238342875813,-0.09511362098042542,-0.10449866986896213
2024-01-09,-4.0,0.0019587892102615333,-0.1078363018394726,-0.10457449140434182
2024-01-10,-9.0,-0.00467923818793512,-0.10200365084652924,-0.10344994834600428
2024-01-11,5.0,0.005642267288734283,-0.0945095241236903,-0.10167185683987123
2024-01-12,1.0,-0.003497049935115232,-0.0833122473971726,-0.10039359392925547
2024-01-15,-2.0,-0.0009892330933307953,-0.0878843194085033,-0.09757795564595179
2024-01-16,4.0,0.006064229905750575,-0.07639299581795907,-0.09524789717639161
2024-01-17,4.0,-0.021990062068256426,-0.08599522496597475,-0.09856647614534067
2024-01-18,-4.0,0.014037109111496884,-0.06797771744706461,-0.09813590354183302
2024-01-19,-4.0,-0.0015134226411072569,-0.04837458837820973,-0.09741257177229048
2024-01-22,-5.0,-0.015681389433262163,-0.03418321173534491,-0.09170409179498976
2024-01-23,2.0,0.004040195954808554,-0.019343755802831267,-0.08931128899668866
2024-01-24,-7.0,0.013881221474081462,-0.0351293623169999,-0.08955044671243788
2024-01-25,1.0,0.019882746717866898,-0.03433591153312185,-0.08669428564617554
2024-01-26,-6.0,-0.002725163884702412,-0.05046348155591335,-0.0862755974262458
2024-01-29,2.0,-0.00899731349721521,-0.05557059529404378,-0.0870772334334364
2024-01-30,1.0,-0.01799459398974998,-0.06743698138517079,-0.08314948354493014
2024-01-31,17.0,-0.009190499849532225,-0.09799099687300449,-0.08864291467999151
2024-02-01,-3.0,0.0007334298500620088,-0.13752123605721853,-0.08885233514373107
2024-02-02,-9.0,-0.011906123109234383,-0.09079580276305592,-0.08408171153412511
2024-02-05,3.0,0.006518530602880647,-0.07088431143428824,-0.08808643639896502
2024-02-06,2.0,0.034176683802523346,-0.03489726421306892,-0.08023257788927086
2024-02-07,-9.0,0.009597835468869923,-0.05423745935441913,-0.08488757058169402
2024-02-08,-5.0,0.006349938457429425,-0.05959513904578837,-0.08436219007619175
2024-02-19,0.0,0.011487674784309955,-0.055647616325178215,-0.08466147905166009
2024-02-20,3.0,0.0020680123273212306,-0.05247428236720815,-0.09104254618249798
2024-02-21,-3.0,0.013401172975739459,-0.05563866872967874,-0.09176302341149888
2024-02-22,-12.0,0.00858454254593906,-0.07364252422454692,-0.09395839646856884
2024-02-23,1.0,0.0008792193773087833,-0.04553509446671985,-0.09391626419212262
2024-02-26,0.0,-0.010480457577157869,-0.0483608971027948,-0.09266541501420353
2024-02-27,3.0,0.011925308297313279,-0.03243360792660232,-0.08972944335881569
2024-02-28,5.0,-0.012823011522909118,-0.050447343049525604,-0.08854755649364196
2024-02-29,-2.0,0.01889793959635261,-0.06259398445280694,-0.0889793061223175
2024-03-01,3.0,0.00615866698833239,-0.057885985820611406,-0.08744753909217723
2024-03-04,-6.0,0.0008659251391561114,-0.06490162325504288,-0.0870675709686769
2024-03-05,5.0,0.0069362428561649415,-0.047634675790172575,-0.08304091966853533
2024-03-06,-4.0,-0.004065507786512169,-0.045485930022900876,-0.07374034816892355
2024-03-07,0.0,-0.006024393317779147,-0.06534296573120454,-0.07585627259253505
2024-03-08,-1.0,0.004294337550533564,-0.06798290357661596,-0.07794370561856259
2024-03-11,0.0,0.012434284667935624,-0.06128703961388799,-0.08025636522509395
2024-03-12,-6.0,0.002290435905940713,-0.07318693705637008,-0.08120521796474857
2024-03-13,-5.0,-0.007010742418553548,-0.06312113473643689,-0.08057786931750627
2024-03-14,0.0,-0.0028419616240185283,-0.0639130415864458,-0.08184250860354672
2024-03-15,1.0,0.0021788748918951115,-0.06397161328702418,-0.0822584922326937
2024-03-18,-3.0,0.009349730570252965,-0.06715411319147915,-0.08062338097224096
2024-03-19,-3.0,-0.0072127117079038095,-0.06956716640882712,-0.07968218144312181
2024-03-20,4.0,0.0021648716364173998,-0.06691929258156924,-0.0771397883454799
2024-03-21,-9.0,-0.0011982463101735089,-0.047587565938612485,-0.07853428754585266
2024-03-22,3.0,-0.010128470408895992,-0.12381858320479165,-0.07928050150778945
2024-03-25,3.0,-0.005441828592219171,-0.12515710692370574,-0.07860769777922905
2024-03-26,4.0,0.005087577083770784,-0.11824561655276836,-0.07518331843039354
2024-03-27,0.0,-0.011625734128965096,-0.11871373629801853,-0.05601174283511242
2024-03-28,-3.0,0.005176219815450503,-0.13113038225367954,-0.08399490368929922
2024-04-01,-3.0,0.016308011120952714,-0.13635682588580955,-0.09518770901011518
2024-04-02,11.0,-0.0041722544428915275,-0.14729005907678014,-0.10639612070734725
2024-04-03,0.0,-0.003601553257586781,-0.15176222041020382,-0.1266081296269524
2024-04-08,-3.0,-0.008838590314792913,-0.14185260752315748,-0.13622967884716297
2024-04-09,-1.0,-0.0008262075317269229,-0.13629534540722194,-0.13654780915617865
2024-04-10,-4.0,-0.008177851714302322,-0.1296417469820233,-0.11934482614999015
2024-04-11,6.0,-0.00013237354589799467,-0.07796989159397363,-0.12488705301821076
2024-04-12,9.0,-0.008139145156742146,-0.09289838520378704,-0.1368584108080565
2024-04-15,3.0,0.02085139978770184,-0.07251344267254775,-0.12891211388979545
2024-04-16,8.0,-0.010753722814637892,-0.10040157406695532,-0.13880677774819028
2024-04-17,6.0,0.015343554028548092,-0.09237374848153708,-0.1311909411653885
2024-04-18,-3.0,0.0012329850874846476,-0.09174534787655958,-0.1306025957464138
2024-04-19,-2.0,-0.007913995783959946,-0.10404782165221277,-0.12613252821369272
2024-04-22,-8.0,-0.0030420098411770608,-0.10051274141635066,-0.12249340416315774
2024-04-23,-9.0,-0.007014138799965217,-0.07628740507458044,-0.11964517888504445
2024-04-24,-1.0,0.004381718916951932,-0.07769898105884376,-0.12457558260903566
2024-04-25,5.0,0.0024559056206020905,-0.08184322651753699,-0.12318008090140344
2024-04-26,-8.0,0.015176880345412834,-0.082550742529087,-0.13334405794100607
2024-04-29,-4.0,0.010999779202213969,-0.07995096755194785,-0.1355762090470273
2024-04-30,6.0,-0.005400475726166257,-0.09528283928237523,-0.1373186063906381
2024-05-06,-5.0,0.01472910247991278,-0.13689145554405283,-0.1463351111663162
2024-05-07,3.0,0.0003091206482533993,-0.13987705515179932,-0.14436050776749695
2024-05-08,4.0,-0.007897801568855183,-0.12998326226676093,-0.14580919941122644
2024-05-09,4.0,0.009414384908953369,-0.1290667766460985,-0.1417694563015551
2024-05-10,-2.0,0.0004681865860184892,-0.13717257391525106,-0.13969956558482638
2024-05-13,2.0,-0.00043279415980033276,-0.13263801772782902,-0.13875311137383706
2024-05-14,0.0,-0.0020883852338393584,-0.12984871333235187,-0.1493389020554397
2024-05-15,-1.0,-0.008510024986955377,-0.07323458168526999,-0.1474300190942171
2024-05-16,-5.0,0.003936829447977233,-0.07712576399576143,-0.14523065493154977
2024-05-17,1.0,0.010278502687711856,-0.11913322427170223,-0.14357333740096365
2024-05-20,-2.0,0.0035263491751993527,-0.12578353872600717,-0.1381672931630149
2024-05-21,0.0,-0.00401818161882359,-0.17273348000558117,-0.14061906972160265
2024-05-22,4.0,0.0022525038386657214,-0.14726699563101775,-0.1421253253580963
2024-05-23,-1.0,-0.01164574636115049,-0.13204361111997576,-0.14681944661082233
2024-05-24,1.0,-0.011132190983596793,-0.13811213851564447,-0.1448829540248127
2024-05-27,1.0,0.009460242717951572,-0.13485334435379828,-0.14217136442444409
2024-05-28,-3.0,-0.007325343569654487,-0.11232241063452252,-0.1389490457637654
2024-05-29,6.0,0.0012045090389653562,-0.07466293678443015,-0.1377251450736163
2024-05-30,4.0,-0.005330379256448552,-0.08378721200158629,-0.14345138170191377
2024-05-31,1.0,-0.00401085709562117,-0.0870288623881593,-0.14653201974970112
2024-06-03,-3.0,0.0024617120786335107,-0.10581974085705695,-0.1461794244615273
2024-06-04,5.0,0.007474085756360476,-0.062435447046818165,-0.1437527060179035
2024-06-05,-2.0,-0.005790988055739421,-0.04132494447924136,-0.14357349338319617
2024-06-06,0.0,-0.0007091098592278275,-0.04994387452225784,-0.14494634436293174
2024-06-07,-5.0,-0.0050600693923201785,-0.03571030731590454,-0.14056741848804527
2024-06-11,4.0,-0.008778260035281154,-0.06847241053833279,-0.13754015050566834
2024-06-12,-10.0,0.00035146044394283323,-0.07559750119020021,-0.13056788956333207
2024-06-13,11.0,-0.005089475180636833,-0.09621681994929836,-0.13513120597123215
2024-06-14,9.0,0.004358590062463737,-0.0748382626820765,-0.13138271388918063
2024-06-17,-3.0,-0.001507404133478877,-0.07319622602499398,-0.1307880815873847
2024-06-18,-2.0,0.002652325781218718,-0.0698459952272521,-0.1315824257302615
2024-06-19,0.0,-0.004761216938729962,-0.08592734749120316,-0.12495349913724893
2024-06-20,-1.0,-0.007243259431347746,-0.08171032681418042,-0.1241449223676959
2024-06-21,-2.0,-0.002189458748849752,-0.08057332871979958,-0.10045931342530169
2024-06-24,-2.0,-0.005395434770963799,-0.062261300522220155,-0.0991977701981427
2024-06-25,0.0,-0.005453130711547871,-0.0717493514511732,-0.0991804575687763
2024-06-26,-1.0,0.0064462493092157,-0.080238608657913,-0.10125626917635719
2024-06-27,3.0,-0.007541385170448812,-0.09309301781885163,-0.10725951121140487
2024-06-28,-3.0,0.0021803784917885987,-0.08679074569527916,-0.10498763938229126
2024-07-01,0.0,0.0047625685752935455,-0.08151659753698653,-0.10586670192842582
2024-07-02,2.0,-0.0018408721992226827,-0.09277296568248164,-0.10098897975287242
2024-07-03,2.0,-0.002414235871381695,-0.09755277475325683,-0.10130760831870728
2024-07-04,0.0,-0.0050950238951884145,-0.0886049674425213,-0.106313298711731
2024-07-05,2.0,-0.004290415712504689,-0.06712773425328211,-0.10322293205839779
2024-07-08,-7.0,-0.008576334729793503,-0.021043232953178816,-0.09889401172601309
2024-07-09,1.0,0.011123494752744543,-0.015849712424070562,-0.09693377558171988
2024-07-10,-4.0,-0.003157886572395083,-0.023587803375382667,-0.08565139632028936
2024-07-11,1.0,0.01136811847372326,-0.018509900049276124,-0.07884876565688764
2024-07-12,1.0,0.001219611726616792,-0.03493425571661082,-0.06909035051874454
2024-07-15,-6.0,0.0011067765519817325,-0.03869107116715521,-0.0697788878435371
2024-07-16,-5.0,0.006319013674132575,-0.018247750245710403,-0.07684783123465
2024-07-17,1.0,0.0009431323694506291,-0.05554004636482701,-0.07331242623677095
2024-07-18,0.0,0.0055101199650592625,-0.006581801319635918,-0.06778892350396701
2024-07-19,0.0,0.005123166103060624,-0.06556581754041517,-0.06762660634567348
2024-07-22,-4.0,-0.00683044992019825,-0.04828013616498334,-0.06450201171486415
2024-07-23,-3.0,-0.02158218288895174,-0.021008099923649746,-0.05549381077261687
2024-07-24,8.0,-0.006331738875771058,-0.058770348264055694,-0.05947175249962349
2024-07-25,-2.0,-0.005543064317216502,-0.08911496427140733,-0.061201203070673234
2024-07-26,2.0,0.0029437943762596146,-0.08236605555826197,-0.05673772545743316
2024-07-29,3.0,-0.00545619125471861,-0.10042880031151427,-0.06286637849213235
2024-07-30,7.0,-0.006319402060574553,-0.04999930664764362,-0.0689465452295461
2024-07-31,5.0,0.02134784367895829,0.042723315497252286,-0.05890214484463183
2024-08-01,10.0,-0.006651134482692493,0.024469565459782086,-0.05928202887625095
2024-08-02,37.0,-0.010251838902348195,-0.07604223243224895,-0.08188328024628162
2024-08-05,21.0,-0.012209769917402505,-0.14429529089918058,-0.09678641693980632
2024-08-06,-26.0,-0.00010217909185965092,-0.13366194392295586,-0.09435008089879114
2024-08-07,-10.0,-0.0004457796931518292,-0.14819023845884854,-0.09402809787240285
2024-08-08,-9.0,0.00043321596927112054,-0.15046779102524602,-0.09623591199081376
2024-08-09,1.0,-0.003388838676227704,-0.15120530276288782,-0.10293236663322164
2024-08-12,3.0,-0.0017312530081779588,-0.15135186794255776,-0.1026659854860474
2024-08-13,2.0,0.002560203749851808,-0.15394976252833828,-0.10334157755195265
2024-08-14,-8.0,-0.007571620691752355,-0.12762840859873995,-0.10769571119438268
2024-08-15,-15.0,0.009837143267467686,-0.17769651583911988,-0.1160375595678401
2024-08-16,-2.0,0.0011008456029771622,-0.17660844988959748,-0.11556082616599682
2024-08-19,-8.0,0.0033818840233607026,-0.18654051275064404,-0.112283590145912
2024-08-20,4.0,-0.007254289798614261,-0.19658183762384304,-0.11587718518493702
2024-08-21,2.0,-0.0033266748825438617,-0.2044919551714696,-0.11744905281323872
2024-08-22,-6.0,-0.0025620492503788703,-0.20234076290368266,-0.11851201638249641
2024-08-23,-2.0,0.004233171854778825,-0.2120630408648393,-0.11861406007292279
2024-08-26,-4.0,-0.0008922615177230389,-0.21947575846344167,-0.11959150071849954
2024-08-27,2.0,-0.005698525980312443,-0.22721880928330157,-0.11884219790250561
2024-08-28,2.0,-0.0057156367804732594,-0.22526027652797886,-0.1207196824435436
2024-08-29,-4.0,-0.002685608741622298,-0.2226714942075788,-0.12205882308886648
2024-08-30,-2.0,0.013259884389376055,-0.21982723341010318,-0.12244296501610222
2024-09-02,0.0,-0.017132973769498065,-0.22831346662115282,-0.1238582290354681
2024-09-03,14.0,0.0025746831597963783,-0.20883595159610505,-0.12464045453155898
2024-09-04,4.0,-0.006516917291298055,-0.21307525982306805,-0.12094377584457258
2024-09-05,-6.0,0.001718269673482513,-0.22351944013206593,-0.1269954617459644
2024-09-06,10.0,-0.008140491473246482,-0.23215528035037178,-0.12984428894141367
2024-09-09,-3.0,-0.01195292039801617,-0.21601017911003126,-0.12889038038688594
2024-09-10,10.0,0.000877673766456223,-0.19970042115539938,-0.127032592003144
2024-09-11,-2.0,-0.003016446440987152,-0.2165091931752614,-0.12691119308972337
2024-09-12,-5.0,-0.004295036993443384,-0.21194167331112784,-0.1229124741661193
2024-09-13,-2.0,-0.004178237727577415,-0.20838386576961698,-0.12379944678675847
2024-09-18,-4.0,0.003716504138199999,-0.2135530604236543,-0.12492050076304481
2024-09-19,-11.0,0.007860985852472009,-0.2383924709433297,-0.12871756769344606
2024-09-20,5.0,0.0015675892107855256,-0.2337173084798442,-0.12600533470244324
2024-09-23,0.0,0.0036528074421164,-0.23574338637503223,-0.1270776942363776
2024-09-24,6.0,0.04239843957265368,-0.13127929891557155,-0.1014605929768273
2024-09-25,-2.0,0.014696178078189136,-0.13405808406433362,-0.10227057219016995
2024-09-26,-5.0,0.04140232435989194,-0.15079013414047593,-0.10713664084712915
2024-09-27,0.0,0.04369970625282989,-0.1332695157240702,-0.10315448290982701
2024-09-30,-11.0,0.08141981072040237,-0.2070473301398319,-0.13635221952046775
2024-10-08,4.0,0.0576043014760725,-0.16230525929108194,-0.11623675137900127
2024-10-09,-5.0,-0.0731230111826069,-0.10447716116412885,-0.09098671749246676
2024-10-10,5.0,0.010511839160420986,-0.09980797706451747,-0.08865148648209516
2024-10-11,-1.0,-0.028060568472753827,-0.09436785089579845,-0.08646299193278568
2024-10-14,-1.0,0.01890234304887516,-0.1029399847993775,-0.08749343535261486
2024-10-15,-4.0,-0.026953903587968227,-0.0916900739430446,-0.0820112101134593
2024-10-16,-3.0,-0.006349454474184984,-0.09130366264818805,-0.08212659011301211
2024-10-17,-1.0,-0.011382899120795377,-0.0912914566703279,-0.07702557334798243
2024-10-18,-1.0,0.035529266753357894,-0.09169863165440925,-0.08079295825168646
2024-10-21,0.0,0.002535078503685626,-0.09249701672606946,-0.07948259944552236
2024-10-22,4.0,0.005721079210379723,-0.08919271562326685,-0.07638888409342717
2024-10-23,3.0,0.0038919303588495634,-0.08848765814692329,-0.07571483121145849
2024-10-24,-2.0,-0.011231518334287871,-0.08575299601942564,-0.07395102530137938
2024-10-25,-4.0,0.006997291694767125,-0.08749196624497924,-0.07487746320560965
2024-10-28,-7.0,0.001953368190416609,-0.09046911082834112,-0.07819588513574821
2024-10-29,3.0,-0.010016276431536042,-0.10094240279000077,-0.0796450072523062
2024-10-30,-5.0,-0.009009495262216016,-0.09000292849967662,-0.07784997243391405
2024-10-31,8.0,0.00040894606118007065,-0.09202976038380896,-0.07501122950714534
2024-11-01,-5.0,-0.0002619951571971654,-0.09091541274742444,-0.07616582791528596
2024-11-04,4.0,0.013974221471078057,-0.08399762429819654,-0.0728958540287476
2024-11-05,-1.0,0.024987261296340286,-0.07949455538587802,-0.07035370392086361
2024-11-06,-12.0,-0.0050290756876604685,-0.08006223057792144,-0.061966146954940154
2024-11-07,-1.0,0.02972371146306609,-0.071890627047627,-0.05751815103849988
2024-11-08,-10.0,-0.010096934623952768,-0.018235391656089672,-0.05288815441025964
2024-11-11,0.0,0.006577707730125924,0.022668293929433436,-0.05158381919593254
2024-11-12,-2.0,-0.011047671056907763,0.015274043338258558,-0.050111909429730025
2024-11-13,3.0,0.006135977685628404,0.012800040648380976,-0.05092300926777062
2024-11-14,-4.0,-0.017489169053457043,0.01806277921978891,-0.05026687549786979
2024-11-15,12.0,-0.01767886284325673,-0.01690517233177654,-0.059597463668713144
2024-11-18,0.0,-0.004659613805119821,-0.015546919032768072,-0.061062794135077855
2024-11-19,-3.0,0.00668847984521444,-0.0165026493266042,-0.06159463808531726
2024-11-20,-2.0,0.0022307870317534334,-0.02651470342659729,-0.07239337233901261
2024-11-21,-6.0,0.0008840549272616244,-0.012425555113161714,-0.06881306479396196
2024-11-22,0.0,-0.031472756870787426,-0.016408898351021387,-0.0666728426976708
2024-11-25,3.0,-0.004565338449490279,-0.018983109790835066,-0.06613307356127024
2024-11-26,4.0,-0.002056690784321142,-0.015593232480076743,-0.06649626415230854
2024-11-27,1.0,0.017260792609562207,-0.009941744410657455,-0.06509147697813127
2024-11-28,0.0,-0.008867923115554377,-0.014892697705346503,-0.0654671816388789
2024-11-29,3.0,0.01130630716142679,-0.01009930600541251,-0.06349832858042609
2024-12-02,-6.0,0.007896264417277947,-0.015826319688400748,-0.06552772341098494
2024-12-03,-2.0,0.0010783436683179219,-0.012466993324958126,-0.06480303151482196
2024-12-04,0.0,-0.005413153907375518,-0.010051952120889012,-0.05904406878942647
2024-12-05,0.0,-0.002284395923523181,-0.01318410635305809,-0.05930782733143374
2024-12-06,1.0,0.01306014060080671,-0.00880426839302634,-0.05783418065316478
2024-12-09,0.0,-0.001654896822094964,-0.007741658490387648,-0.058062774810694974
2024-12-10,0.0,0.007301047701793668,-0.006654087935910362,-0.060409748272495616
2024-12-11,-3.0,-0.0017048354140059756,0.002105317969531986,-0.0602175538125965
2024-12-12,2.0,0.00989713436700924,0.0036652380698479472,-0.060717575433345085
2024-12-13,2.0,-0.023946827354349536,0.0112699356582979,-0.061541733627014435
2024-12-16,1.0,-0.005440201835291532,0.00353948862916705,-0.06201000727724471
2024-12-17,6.0,0.002601983245875659,0.00710708403370746,-0.06576841064233123
2024-12-18,-2.0,0.00505005992311564,0.005579230677391308,-0.06656199692763788
2024-12-19,18.0,0.0009061341664248782,-0.006775220580581849,-0.0644145992154871
2024-12-20,-5.0,-0.0045011971784890865,-0.00319660108709209,-0.06563537308036389
2024-12-23,-1.0,0.001482627372226493,-0.002923786810948676,-0.06568545753108136
2024-12-24,1.0,0.012660205523026491,0.005950611566398577,-0.06479715518821685
2024-12-26,0.0,0.00046431071914930863,0.007416507935671341,-0.06506654188474698
2024-12-27,-2.0,-0.0016187218842093583,0.008640885681660016,-0.0647330846277047
2024-12-30,10.0,0.004517302583865979,-0.027324519862434674,-0.06361296946474801
2024-12-31,-2.0,-0.01616981953744762,-0.019387142853814113,-0.06182959428410067
2025-01-02,-4.0,-0.02953436590039252,0.026731945100050093,-0.053451503942357106
2025-01-03,-7.0,-0.011909835387467288,0.03785036525906236,-0.060962530654799264
2025-01-06,-5.0,-0.001642362392274843,0.20968256970968005,-0.05971666941927879
2025-01-07,3.0,0.00717399778957275,0.18451114081433714,-0.05856034984579117
2025-01-08,5.0,-0.0018167199718371108,0.13775525890316073,-0.05891455320590284
2025-01-09,-2.0,-0.002467404015520258,0.12527867037420434,-0.06036123056372897
2025-01-10,-1.0,-0.012618495958235146,0.1261907404207691,-0.058891266378047195
2025-01-13,4.0,-0.002674074982328549,0.1297290976338414,-0.059335491167444646
2025-01-14,-5.0,0.025992665166281924,0.0689144807046912,-0.06563710890970091
2025-01-15,-8.0,-0.00643691297361315,0.07602034217833642,-0.06233773411639967
2025-01-16,1.0,0.001147278966625117,0.07482601900038424,-0.06059756047752662
2025-01-17,-9.0,0.0031419255212209417,0.07693988998952092,-0.06202232392596051
2025-01-20,0.0,0.004536374234242288,0.07709316838732354,-0.05262693221215451
2025-01-21,-3.0,0.0007668986161828065,0.06900184735383953,-0.051049626235877325
2025-01-22,-2.0,-0.009331554264925018,0.06800262663034855,-0.051045831773239674
2025-01-23,2.0,0.0017701654345399053,0.06583296565072647,-0.051100880797522584
2025-01-24,-1.0,0.007626407605101042,0.0722883243956698,-0.054712106694445546
2025-01-27,6.0,-0.004126441344529745,0.0705909901717787,-0.05585456395866219
2025-02-05,-2.0,-0.005779029018766741,0.08239845747292301,-0.05784927636476389
2025-02-06,-3.0,0.012502682856300004,0.06132279820210361,-0.06085721132169967
2025-02-07,1.0,0.012894284916242608,0.06603202133458484,-0.059714739650168026
2025-02-10,-1.0,0.0021450489292795475,0.06575277184263434,-0.05992427252908184
2025-02-11,0.0,-0.004605903908072592,0.04815003897218779,-0.06123507366432209
2025-02-12,-1.0,0.009413503985017354,0.05248901205013754,-0.05695134975673096
2025-02-13,0.0,-0.0037627896608334837,0.037966648843303745,-0.05463306027453288
2025-02-14,-3.0,0.008635458987621738,0.0390802014016135,-0.056144093786909204
2025-02-17,0.0,0.002127661780017049,0.008648401089909396,-0.06036661731603859
2025-02-18,0.0,-0.008807843713023247,0.007952108812125642,-0.060838797920725135
2025-02-19,6.0,0.006972522420195474,0.017195098539209187,-0.05437043743588834
2025-02-20,-2.0,-0.0028629374478347314,0.011560084088863333,-0.055473396377723444
2025-02-21,12.0,0.012532343145841354,0.04040450266306517,-0.04860411185918833
2025-02-24,0.0,-0.0021960057469798933,0.12020908604385402,-0.04761436287799514
2025-02-25,6.0,-0.011162712346417768,0.09379879514267415,-0.05027405721678837
2025-02-26,-3.0,0.008697131937863404,0.09136174468756764,-0.04337441650762685
2025-02-27,0.0,0.002062195741215508,0.09317937556208974,-0.04339029576331615
2025-02-28,6.0,-0.01986972083322121,0.05359601369025807,-0.05587897620012394
2025-03-03,7.0,-0.0004049355186720422,0.0523137077241505,-0.05714000554246065
2025-03-04,5.0,-0.0008369251320675289,0.05495081973781998,-0.06197905452386686
2025-03-05,-11.0,0.004455648029683655,0.03854053023175873,-0.05988625579126791
2025-03-06,11.0,0.013657831477298408,0.08257230465858507,-0.050405175242524525
2025-03-07,-2.0,-0.003094233193972485,0.08456323023723755,-0.050125078042814235
2025-03-10,19.0,-0.0038645685965101716,0.04495614936959853,-0.05365858567430528
2025-03-11,6.0,0.0032054795946247984,0.06753013749647502,-0.05086806720398134
2025-03-12,-2.0,-0.0036052487811718,0.07158726536176166,-0.04582320178264728
2025-03-13,20.0,-0.003993519221569567,0.042530104365991334,-0.049300832865269484
2025-03-14,-15.0,0.023990988649006423,-0.062128008926518916,-0.06615253633283787
2025-03-17,-7.0,-0.0024412556765214454,-0.05750038818849483,-0.06671855239623677
2025-03-18,5.0,0.002732286203639958,-0.054759153856402634,-0.06301513959443418
2025-03-19,-4.0,0.0006099110367779948,-0.05393946032501517,-0.061373784254340855
2025-03-20,-2.0,-0.008810450491655575,-0.04901208113868603,-0.06125896113433604
2025-03-21,4.0,-0.015285111026174561,-0.06403072157759426,-0.06411383441112396
2025-03-24,-16.0,0.005134831721901653,-0.07851047447002817,-0.06872276371549778
2025-03-25,4.0,-0.0006491555733679615,-0.07851856398731984,-0.06981149574753814
2025-03-26,10.0,-0.0032957426553727287,-0.0891448926073915,-0.07128650386126875
2025-03-27,8.0,0.0033253941104043395,-0.0789480059422774,-0.06972818549706204
2025-03-28,20.0,-0.004395121139495452,-0.10266048723572253,-0.07293594938926626
2025-03-31,8.0,-0.007141510824859772,-0.12070905632111636,-0.07501069660248565
2025-04-01,-5.0,9.736347311147538e-05,-0.11971576437987229,-0.07683257613315563
2025-04-02,-8.0,-0.000848757214086465,-0.11929647483877204,-0.07616278299857954
2025-04-03,59.0,-0.005908286569494701,-0.1369177408173255,-0.08107312750721297
2025-04-07,16.000000000000057,-0.07306022088195,-0.21771987561879672,-0.11863022946472612
2025-04-08,-4.000000000000057,0.016938722550570866,-0.2338546980870903,-0.12220300894293185
2025-04-09,-20.0,0.009822235897704312,-0.2612170402221404,-0.12821209195361272
2025-04-10,5.0,0.013021307629714781,-0.2835471429901228,-0.12651457542294048
2025-04-11,-16.0,0.00411498244758409,-0.3014404226164666,-0.1269205236670272
2025-04-14,-12.000000000000057,0.002297175919155268,-0.30347040882394755,-0.12672822329920255
2025-04-15,-4.999999999999943,0.0005565146678174699,-0.3054004435568694,-0.1274416203836015
2025-04-16,7.0,0.0030755307267302905,-0.30205718960412764,-0.12683738424608165
2025-04-17,-14.000000000000057,-0.0001585942030821602,-0.2985039222483079,-0.12522618716965647
2025-04-21,14.000000000000057,0.003270332423105079,-0.29645551792540265,-0.12130339170515188
2025-04-22,-17.0,-0.000245321842664046,-0.28878728045324104,-0.1185762740532063
2025-04-23,-24.0,0.0007740758585090369,-0.2741587835518097,-0.11690845450255731
2025-04-24,-2.0,-0.0006669977864422178,-0.28198330706331975,-0.11798636127056016
2025-04-25,-6.0,0.0006963882857158247,-0.28186660063923036,-0.1179930518967006
2025-04-28,6.0,-0.0014203134071299587,-0.2803018746212851,-0.1196422367915203
2025-04-29,1.0,-0.0017314715498146472,-0.28012167704530955,-0.11973617599091467
2025-04-30,20.0,-0.0011943841041746196,-0.2763713807936701,-0.11703634113675904
2025-05-06,6.0,0.010020227489523251,-0.27425244140263133,-0.11740398730001625
2025-05-07,1.0,0.006042973405624675,-0.27415429902107036,-0.11442254694694103
2025-05-08,-16.0,0.005535634022564487,-0.2786114671028115,-0.12009234916460305
2025-05-09,2.0,-0.00175078722256223,-0.27710449910426593,-0.12014819708031171
2025-05-12,-38.0,0.011491490897917114,-0.30188691349073316,-0.13035971517890366
2025-05-13,-6.0,0.0014508274863194843,-0.30032033968117483,-0.1316340644718511
2025-05-14,1.0,0.0119786329469608,-0.300745960730937,-0.1337104393212122
2025-05-15,10.0,-0.009174515113527595,-0.30668462305555244,-0.1364064159225597
2025-05-16,-4.0,-0.004646785878926658,-0.3044868402804369,-0.1360665432364638
2025-05-19,5.0,-0.0030748788875620053,-0.3053563214558733,-0.1329958736029617
2025-05-20,-1.0,0.005408205090934483,-0.3062602830009321,-0.13186346658956455
2025-05-21,5.0,0.0046605959820707294,-0.3017672349272337,-0.1300006842385916
2025-05-22,7.0,-0.0006425341300390055,-0.3014729257218568,-0.12789275951981113
2025-05-23,8.0,-0.00810431217224979,-0.3075684525013426,-0.1298931045019239
2025-05-26,0.0,-0.005726264606510733,-0.311336723023096,-0.12887136823811005
2025-05-27,-16.0,-0.005379528608558668,-0.2993873763573381,-0.1262344111100804
2025-05-28,-1.0,-0.0008234630219332806,-0.3189801334632613,-0.1261882154527082
2025-05-29,-1.0,0.005838453404127622,-0.3193491170550021,-0.12631176083026743
2025-05-30,9.0,-0.004797427793809138,-0.3183692403996764,-0.1275470022941425
2025-06-03,-8.0,0.003062931357455309,-0.3185649324454262,-0.12851465405529186
2025-06-04,4.0,0.004333831311970103,-0.3162755622309923,-0.12734815134827776
2025-06-05,-5.0,0.002275358660244949,-0.3137258724568486,-0.12808001526127466
2025-06-06,-9.0,-0.0009215201998316871,-0.31207210462640894,-0.12724683973780773
2025-06-09,3.0,0.0029028158484742258,-0.3108437609398746,-0.12695623932257613
2025-06-10,0.0,-0.005104239518348043,-0.3070604297642191,-0.1272563983896716
2025-06-11,0.0,0.00751541174048836,-0.3272834404628955,-0.1277917490092054
2025-06-12,5.0,-0.0006231038363964183,-0.3280337256773505,-0.12765746956931648
2025-06-13,1.0,-0.007224276477919164,-0.32598996076639736,-0.12825582857093537
2025-06-16,-8.0,0.002484604069655626,-0.33036066214072934,-0.1295331609994341
2025-06-17,7.0,-0.0008823408032937927,-0.3309681060108465,-0.1299555901254975
2025-06-18,-1.0,0.0011857955789820504,-0.32934890097753505,-0.12931168945738827
2025-06-19,0.0,-0.008261084532130274,-0.3038605704049755,-0.12909324847233974
2025-06-20,-3.0,0.0009241150759630508,-0.3063592399148927,-0.12894194409445783
2025-06-23,-1.0,0.0029222508781529557,-0.30905645171067503,-0.1304237954044532
2025-06-24,-6.0,0.011887020043343742,-0.3132415312356928,-0.1329474108533987
2025-06-25,-2.0,0.014250313539999039,-0.3148779934816723,-0.13357832945251058
2025-06-26,0.0,-0.003553392997035483,-0.31232018308810827,-0.13461706397056045
2025-06-27,-2.0,-0.006167377641092893,-0.30534279494107774,-0.133011289632105
2025-06-30,-6.0,0.0036451038725418333,-0.3069807711653368,-0.13390536239245537
2025-07-01,-5.0,0.0016964174090751496,-0.3053384575219878,-0.13241893100406382
2025-07-02,-3.0,0.00023404709774001539,-0.30995196595800756,-0.13393316618377693
2025-07-03,-8.0,0.006163685528228147,-0.30977976568494114,-0.1354277198871415
2025-07-04,0.0,0.00355605862900712,-0.30339787078413183,-0.13527616337635442
2025-07-07,6.0,-0.004285394770601262,-0.3064540684648113,-0.1361191516461833
2025-07-08,6.0,0.008357571857561771,-0.2995861542767887,-0.1345492147832895
2025-07-09,2.0,-0.0017652644088692639,-0.3264630763084803,-0.1348909712979289
2025-07-10,-2.0,0.004655104275559548,-0.2439273276351038,-0.13557166765053882
2025-07-11,5.0,0.0011919753543662215,-0.2493708933256699,-0.1354004503238457
2025-07-14,-2.0,0.0007123085206467977,-0.21116173159964394,-0.13526554574978478
2025-07-15,0.0,0.0003475541997177205,-0.24908936482136043,-0.13453266453108323
2025-07-16,5.0,-0.002955922017528145,-0.24670703394785662,-0.13491483473812635
2025-07-17,-9.0,0.006786930336544563,-0.2566106246843942,-0.13650227983118893
2025-07-18,2.0,0.0059452744707187335,-0.2501908638004941,-0.13590624127129858
2025-07-21,-4.0,0.006644936621844214,-0.2603777391003597,-0.13640570004447328
2025-07-22,1.0,0.008129908671452656,-0.2625434286661522,-0.13605461302279542
2025-07-23,-7.0,0.0001967051541138663,-0.27685269300599735,-0.13544571475527153
2025-07-24,-1.0,0.007079238456162641,-0.2911694492983099,-0.13806058231021084
2025-07-25,2.0,-0.005285868007222081,-0.3209941500675447,-0.13900223925273802
2025-07-28,-2.0,0.002096288555873746,-0.32257331771485265,-0.13966978640765657
2025-07-29,4.0,0.003909463318980385,-0.31920426223777304,-0.13972590827230913
2025-07-30,3.0,-0.00018951586629451265,-0.3158941046713721,-0.13980859589745712
2025-07-31,-3.0,-0.01839076299549046,-0.2693700716305382,-0.13737917694735857
2025-08-01,27.0,-0.005082736403513882,-0.29764205910317737,-0.139032733119811
2025-08-04,-11.0,0.003882460330244926,-0.33077376344676285,-0.13980752028855487
2025-08-05,-4.0,0.008012543441925745,-0.3392049904373357,-0.14069392730305627
2025-08-06,0.0,0.002442566418018243,-0.32660659064320363,-0.14072267124064014
2025-08-07,-3.0,0.00028701465964952667,-0.32393316324155397,-0.1417894098982585
2025-08-08,-1.0,-0.002359984836212605,-0.23882414262000765,-0.1446988071557219
2025-08-11,0.0,0.004264667169128132,-0.2380000826808092,-0.143084024059159
2025-08-12,-1.0,0.0051569758967200535,-0.2522156324033181,-0.14368308623054482
2025-08-13,-3.0,0.00787283259172163,-0.21996316736018615,-0.1444473427117852
2025-08-14,-1.0,-0.0007819264427803516,-0.23189684463926472,-0.14383703799298292
2025-08-15,-1.0,0.0069344491490834215,-0.2228035119862281,-0.14251081776789953
2025-08-18,0.0,0.008780020424242996,-0.21779894143861045,-0.14670397182627765
2025-08-19,2.0,-0.003790339981286738,-0.23330373912758856,-0.14489085996039391
2025-08-20,4.0,0.01130630072977471,-0.20097275930627326,-0.1342143525022144
2025-08-21,1.0,0.003896252434618806,-0.16592667586314983,-0.1259970203866608
2025-08-22,-7.0,0.020754562240778436,-0.20523680113611226,-0.13360376905831495
2025-08-25,-8.0,0.020622803387883,-0.31566741024426376,-0.13919558926801714
2025-08-26,-2.0,-0.0037282154995151224,-0.3106347466583376,-0.13938967890138826
2025-08-27,0.0,-0.01503954748665182,-0.2988634785660424,-0.13898269659818743
2025-08-28,-3.0,0.017549874612882172,-0.2823537627827782,-0.1398808370463499
2025-08-29,7.0,0.0073605485465789156,-0.2627882921524458,-0.13811060438292627
2025-09-01,0.0,0.005975759490662033,-0.2666312493401132,-0.14085985206397078
2025-09-02,8.0,-0.007379153803648037,-0.2933722130659908,-0.13942797656919867
2025-09-03,-4.0,-0.006842983970613739,-0.2926798905511291,-0.13816989128484253
2025-09-04,-4.0,-0.0214446045502523,-0.23952617553675287,-0.1338375767263297
2025-09-05,-1.0,0.02155565643853706,-0.23215267440051365,-0.1327859852810015
2025-09-08,1.0,0.0016237643911757873,-0.2340769666167873,-0.1324575334379695
2025-09-09,3.0,-0.0070340568356272665,-0.23923072315957208,-0.13420099216127804
2025-09-10,-3.0,0.0020506393670538855,-0.23614405990920903,-0.1340790750586988
2025-09-11,-6.0,0.022833203776542223,-0.2655804057920796,-0.13818844566420446
2025-09-12,1.0,-0.00574123003799257,-0.2635855997369132,-0.13795425956179927
2025-09-15,-4.0,0.0024423279779261227,-0.26290819134335414,-0.13760241548998225
2025-09-16,4.0,-0.0021463300841667505,-0.26935960824734423,-0.13865459663077787
2025-09-17,0.0,0.006102113388792819,-0.270223727924992,-0.13801665871097282
2025-09-18,-8.0,-0.011694956620105569,-0.2240690854937984,-0.13424884493533526
2025-09-19,1.0,0.000846775146920046,-0.21079956379838816,-0.13577196509180314
2025-09-22,-3.0,0.004584957216320352,-0.2098423231365732,-0.13502367859686767
2025-09-23,2.0,-0.0006259188805021417,-0.2114273085054845,-0.1352062610757285
2025-09-24,-1.0,0.010190154181971384,-0.21740119060784466,-0.13238651920187394
2025-09-25,6.0,0.0059864855884912554,-0.2059713706029492,-0.1327808192823225
2025-09-26,-1.0,-0.009501603286869161,-0.20224009407005564,-0.1325438326343902
2025-09-29,-1.0,0.01526819739748804,-0.2044304378303257,-0.13296946379640048
2025-09-30,6.0,0.004457682677076719,-0.19180444486388143,-0.13326530913336873
2025-10-09,11.0,0.014714106934793574,-0.13858673915695735,-0.12760472813368248
2025-10-10,23.0,-0.01986871275602549,-0.25117232799487027,-0.1422237689011533
2025-10-13,0.0,-0.00496278621707397,-0.26143092156796555,-0.14025526616869302
2025-10-14,-7.0,-0.012025512717694411,-0.224043950982759,-0.1366025133341962
2025-10-15,-16.0,0.01470139335196678,-0.2611485953255256,-0.1427643413838372
2025-10-16,9.0,0.0026307401300698563,-0.25613670844652775,-0.1536628502542372
2025-10-17,0.0,-0.02281741846639355,-0.2438857310858558,-0.1522184639242951
2025-10-20,-5.0,0.005299260187528013,-0.24672085548663245,-0.1484821058859267
2025-10-21,-2.0,0.015231149996020378,-0.24477662649274953,-0.1523518829032791
2025-10-22,4.0,-0.0033262564862693283,-0.24281732182583118,-0.13089745293871013
2025-10-23,-5.0,0.00299485553347343,-0.24517800437558582,-0.14725016755494258
2025-10-24,-8.0,0.011727475434501661,-0.2556873258069847,-0.18045832593186925
2025-10-27,-8.0,0.011802815485959269,-0.271303024605033,-0.18647045880871618
2025-10-28,2.0,-0.005111750388734483,-0.2791965722671934,-0.1907648374881239
2025-10-29,-6.0,0.01183613811261025,-0.2883610601975913,-0.19356600341495778
2025-10-30,9.0,-0.00802030252781325,-0.30093602821696686,-0.20434954095009025
2025-10-31,9.0,-0.014810776684892252,-0.3243476312047894,-0.21072519293347639
2025-11-03,10.0,0.002740501722578582,-0.31968525064146164,-0.21029231782336089
2025-11-04,9.0,-0.00748567321661909,-0.33049026061279474,-0.21617802424741345
2025-11-05,-8.0,0.0018511882262794356,-0.35177111941678646,-0.21623848632839468
2025-11-06,8.0,0.014193696383509896,-0.3223619062614898,-0.21114966077714326
2025-11-07,2.0,-0.003117478409014484,-0.3279782191150803,-0.2119741367484494
2025-11-10,-13.0,0.0034684414183575644,-0.3167464850531362,-0.21431309587476535
2025-11-11,0.0,-0.009176101204058719,-0.3139277356362453,-0.2130154325358634
2025-11-12,0.0,-0.001345999472266731,-0.3155199368534361,-0.21287546182502748
2025-11-13,7.0,0.01201683479581121,-0.29540362619264,-0.20735684866747633
2025-11-14,-2.0,-0.015848629135239458,-0.27978652680395016,-0.20749219125993043
2025-11-17,6.0,-0.006522172024576896,-0.28714014539532073,-0.20936716004115205
2025-11-18,7.0,-0.006515166165609792,-0.2923378670059805,-0.2115682873133481
2025-11-19,-3.0,0.004390207002542607,-0.2946891406217259,-0.21526972319572163
2025-11-20,0.0,-0.005100696438971781,-0.2923029987915367,-0.2164009873596281
2025-11-21,2.0,-0.024692724311248634,-0.2894275342492732,-0.22018273149735987
2025-11-24,-4.0,-0.0012491610769297722,-0.2852133346404985,-0.2219085460032938
2025-11-25,-5.0,0.009477528029243936,-0.303747474202502,-0.22978209961742502
2025-11-26,-10.0,0.006043692627946167,-0.30969517004617375,-0.2318431401523243
2025-11-27,0.0,-0.0004921494753810251,-0.28927257902663106,-0.2335950203091563
2025-11-28,-5.0,0.0024903396935098345,-0.2641935645288795,-0.23492907877940028
2025-12-01,2.0,0.010946653159669466,-0.26006585894041556,-0.2385176193912607
2025-12-02,-2.0,-0.004851906559699918,-0.26170122507566784,-0.22983544051222116
2025-12-03,-3.0,-0.005126069032201992,-0.2496892884440841,-0.22892482708594777
2025-12-04,-1.0,0.0034189189816126045,-0.2653405302035981,-0.22835664224155908
2025-12-05,-3.0,0.008316764805146162,-0.2700643383275398,-0.2290298429474163
2025-12-08,4.0,0.008085319383845935,-0.2501392085047056,-0.22736736970966243
2025-12-09,0.0,-0.005104426899569132,-0.25840100491863066,-0.23211825870845565
2025-12-10,2.0,-0.0013919185825232096,-0.2924126012529177,-0.2316969395062679
2025-12-11,-3.0,-0.008670755885500946,-0.28737920255861626,-0.22941401588039653
2025-12-12,3.0,0.006299106658067917,-0.28195548982212676,-0.23050774472400604
2025-12-15,0.0,-0.006326610313397728,-0.2769173573816642,-0.23071395521140042
2025-12-16,7.0,-0.01204598527180826,-0.29159425012239804,-0.23617904377847665
2025-12-17,1.0,0.01813790056484832,-0.2582511379586831,-0.2321525441765599
2025-12-18,-4.0,-0.005930902245165715,-0.24952726401274233,-0.23050964005181615
2025-12-19,-5.0,0.0033736572780755153,-0.25081154514023674,-0.23118377012010247
2025-12-22,-2.0,0.009465503998802404,-0.25245152631105366,-0.2317134621392433
2025-12-23,-5.0,0.0019736243659572456,-0.25392008831053475,-0.2332259694049744
2025-12-24,1.0,0.002879483017828682,-0.2853611917356562,-0.2331088805725583
2025-12-26,2.0,0.0031622939580590193,-0.28385382835262857,-0.23301256953414934
2025-12-29,1.0,-0.0038439641902292404,-0.28172042910208867,-0.23355595135142154
2025-12-30,-3.0,0.0025638037218513182,-0.28257737515146425,-0.2351351665917123
2025-12-31,-3.0,-0.004599036469006681,-0.27673284726207453,-0.23475328198972018
2026-01-05,-2.0,0.018787278517093456,-0.2898707271205625,-0.2347693905688697
2026-01-06,-2.0,0.015344164782608284,-0.29722508173636736,-0.23593240402887872
2026-01-07,0.0,-0.0029324726234168375,-0.2983542552288004,-0.23557399548805324
2026-01-08,-3.0,-0.008200779687864628,-0.29834384975927586,-0.23625406494844542
2026-01-09,-2.0,0.0044792009733730246,-0.35722046006695046,-0.2380971086631658
2026-01-12,0.0,0.006491577328721426,-0.2690972689298982,-0.23787801771019718
2026-01-13,1.0,-0.006048234866409194,-0.2709417474978105,-0.23939767497922748
2026-01-14,1.0,-0.004020183121144707,-0.3063242504483602,-0.2395373310865923
2026-01-15,-5.0,0.002001125685711866,-0.2577878224250979,-0.23995026263323843
2026-01-16,-6.0,-0.0041244131034499296,-0.26112211852922995,-0.2409467438734255
2026-01-19,0.0,0.0005456814838769734,-0.2707701286220747,-0.24397925010649676
2026-01-20,8.0,-0.0032956445691566306,-0.2710917129449036,-0.25612930108057613
2026-01-21,-4.0,0.000887740653000851,-0.26833330033368963,-0.2618508505156219
2026-01-22,-5.0,0.0001354747577760709,-0.2618372474784044,-0.2623338435729314
2026-01-23,4.0,-0.004500758095729463,-0.2652029137475347,-0.264493923870961
2026-01-26,1.0,0.0009495550330845036,-0.23883076408476395,-0.26402267963876935
2026-01-27,2.0,-0.00027031690837922264,-0.20981815354947003,-0.2645204930698662
2026-01-28,1.0,0.0026103608797261027,-0.20478566060958675,-0.2661142398312913
2026-01-29,5.0,0.007575801886727559,-0.1619063920839382,-0.26333349140860873
2026-01-30,3.0,-0.010048402927151283,-0.14743990169237917,-0.26180674913064833
2026-02-02,-7.0,-0.02155511962136138,-0.025799234076897052,-0.2541941178777406
2026-02-03,4.0,0.011683057566509144,-0.016740731055049314,-0.25112995148156747
2026-02-04,1.0,0.008243804165968633,0.020415841074242488,-0.24996830846828516
2026-02-05,11.0,-0.006033552787481481,-0.005488161640554644,-0.25275948744287835
2026-02-06,-10.0,-0.005759701915058707,-0.03372428455297265,-0.2484653154802042
2026-02-09,-3.0,0.016119713858417335,-0.046214463918343406,-0.2511083157775078
2026-02-10,2.0,0.0011097120630757652,-0.028990632470007396,-0.2511802849540323
2026-02-11,-2.0,-0.0022201690279628427,-0.025846823492154204,-0.25069942762493924
2026-02-12,8.0,0.0012210873815480068,-0.021030862031261137,-0.24893935816142393
2026-02-13,3.0,-0.01261690584425625,-0.07997623133754607,-0.25088259153355474
2026-02-24,2.0,0.010063845316008837,-0.08307619435267435,-0.24845333700515856
2026-02-25,-3.0,0.0060024558227702906,-0.0711782896991814,-0.25046340246229615
2026-02-26,4.0,-0.001904709199058713,-0.05293073184647055,-0.2507942993708625
2026-02-27,12.0,-0.003438830246838009,-0.06636356886368953,-0.25238546249587546
2026-03-02,-9.0,0.003818480591298883,-0.07648803144195246,-0.25309845714707224
2026-03-03,5.0,-0.01550930889451081,-0.09158105282825756,-0.25563139391782086
2026-03-04,-11.0,-0.01150768863746393,-0.034455454641064455,-0.24627903909696405
2026-03-05,3.0,0.009744046081069595,-0.0034261097672591344,-0.24442471787813408
2026-03-06,13.0,0.002738875899232227,0.0319944504392354,-0.24240655873352285
2026-03-09,6.0,-0.009699173398410947,0.006884425195301627,-0.24697083127272584
2026-03-10,-13.0,0.012766535337565442,-0.05150105488975894,-0.25334377626035964
2026-03-11,3.0,0.0063416143101133245,-0.05309716678538572,-0.2611836252772028
2026-03-12,8.0,-0.003606413410628779,-0.06854567181905928,-0.26235642809830767
2026-03-13,11.0,-0.00393731200091498,-0.09069377006373674,-0.26142295349874445
2026-03-16,-1.0,0.0005179698067964963,-0.08926092080236443,-0.26060323917275885
2026-03-17,-5.0,-0.007330553018070816,-0.06364150724456334,-0.25802725367028273
2026-03-18,-2.0,0.004495212679770905,-0.0787120771342277,-0.25484274690826714
2026-03-19,7.0,-0.016248936549918862,-0.1146822548696083,-0.25875705798378457
2026-03-20,-3.0,-0.0035481398482115844,-0.10939812522654173,-0.25777778883215025
2026-03-23,-5.0,-0.033174005025024496,-0.05127747052070193,-0.24185430847477746
2026-03-24,0.0,0.012757867691010732,-0.057707229383583206,-0.24995853991471884
2026-03-25,-2.0,0.013924302011906592,-0.06705126601328264,-0.25075339766893
2026-03-26,4.0,-0.013296102846779104,-0.057751536940426125,-0.25100736402326257
2026-03-27,21.0,0.005575784998188893,-0.022561678060363608,-0.24355880516595924
2026-03-30,4.0,-0.0023613945315523644,-0.03221786629966113,-0.24448741486107312
2026-03-31,-18.0,-0.009371731146404768,0.020604095050230354,-0.2315626741551238
2026-04-01,-12.0,0.016938131503208057,-0.02940733250773943,-0.22586280436268127
2026-04-02,1.0,-0.010472677618452112,-0.027848028502384773,-0.22722141733131734
2026-04-03,-4.0,-0.008548587812162561,-0.019542050816479913,-0.22579931357370592
2026-04-07,7.0,-3.889024272089768e-05,-0.0199104860061243,-0.22567972379554155
2026-04-08,-18.0,0.03429659897740949,-0.15389048705503316,-0.2485392445897438
2026-04-09,-4.0,-0.006403210114583198,-0.14613598763954105,-0.2451256635445853
2026-04-10,4.0,0.015287358732672058,-0.13384321130415894,-0.23947676870317575
2026-04-13,1.0,0.002066011537037725,-0.1280059777265591,-0.2392527173538082
2026-04-14,-11.0,0.011795689352143368,-0.1483458771587717,-0.24247910263294634
2026-04-15,1.0,-0.003417091392478743,-0.14896116551812355,-0.24416406857004735
2026-04-16,1.0,0.010902696693278813,-0.1517387988586932,-0.2410901136254694
2026-04-17,-3.0,-0.0016768869904682999,-0.14865465618634968,-0.2382930380856223
2026-04-20,4.0,0.006065790423872393,-0.14304943360524539,-0.23723300311966955
2026-04-21,-2.0,0.0022161927509973633,-0.143239303818836,-0.2383738636888288
2026-04-22,-1.0,0.006611905992843182,-0.1437255837318721,-0.24668612512196686
2026-04-23,2.0,-0.002774832451190693,-0.1433069504264975,-0.20553435898110947
2026-04-24,0.0,-0.0035494050096433406,-0.14980231887353207,-0.20356574332175287
2026-04-27,-2.0,0.0003308276296125082,-0.1497581610616636,-0.19598471252570196
2026-04-28,1.0,-0.002673606908646539,-0.14589267008444276,-0.20147389476263153
2026-04-29,-3.0,0.010897991489509644,-0.15159542864064438,-0.2013848648435461
2026-04-30,1.0,-0.0006321500432548737,-0.15257155194940913,-0.20162410504374392
2026-05-06,-2.0,0.014412355386543571,-0.1536217269133672,-0.20238395188870828
2026-05-07,4.0,0.004789853867043837,-0.14972275246779465,-0.202538568374634
2026-05-08,2.0,-0.005852731622297235,-0.15142126844752946,-0.20594173102120666
2026-05-11,-2.0,0.016272029170167585,-0.1563902765245443,-0.21027778186005208
2026-05-12,3.0,-0.0007656858463650147,-0.16521440613306201,-0.2145442290124691
2026-05-13,0.0,0.01011334520021664,-0.1593743276692929,-0.2199020423463787
2026-05-14,-6.0,-0.016896420734000092,-0.17286092831522346,-0.2110976294281673
2026-05-15,4.0,-0.011255148872686452,-0.19175370374006517,-0.21405968891860827
2026-05-18,3.0,-0.005378881626373026,-0.19697011036399673,-0.2145254697251105
2026-05-19,3.0,0.003997256356691384,-0.1830763172507044,-0.21356062190586309
2026-05-20,-6.0,-0.0004499781146490447,-0.19855789729704332,-0.21379600243833466
2026-05-21,-2.0,-0.014034654338595203,-0.1816152891764844,-0.21563266051044053
2026-05-22,-4.0,0.01287860673706273,-0.19080818570807542,-0.21834392205533654
2026-05-25,0.0,0.015666175775299437,-0.18931138684217597,-0.21466678443699458
2026-05-26,-2.0,0.005319844710714726,-0.19395550048273597,-0.2147084047551176
2026-05-27,-1.0,-0.008051548501949888,-0.1845808942738819,-0.20176556844066157
2026-05-28,1.0,0.0012302309360817918,-0.19025086866341234,-0.20188656211207526
2026-05-29,0.0,-0.004505666648206661,-0.18736279018088897,-0.20334695346142265
2026-06-01,-2.0,-0.009832422494559519,-0.18023020841463266,-0.19540113795259326
2026-06-02,-1.0,0.01440845398306778,-0.1740909192324415,-0.19723962817333945
2026-06-03,4.0,0.00492218467194442,-0.1654430357234827,-0.1945666202035542
2026-06-04,-1.0,-0.0069210438105936824,-0.14730881020144582,-0.19362213854399396
2026-06-05,2.0,-0.018068486549197182,-0.18959614136679298,-0.19680713437441713
2026-06-08,-1.0,-0.021675156601350522,-0.18756824546938278,-0.19306923591295821
2026-06-09,3.0,0.01853351282054119,-0.18392876656892745,-0.18315634217530505
2026-06-10,2.0,-0.011144649363031658,-0.17630684731834273,-0.18452503944776363
2026-06-11,-2.0,-0.005528677385810438,-0.14325112112559765,-0.1936332629802677
2026-06-12,-7.0,0.01156011703366715,-0.16457277650176055,-0.19807615801744294
2026-06-15,-5.0,0.02366262171438832,-0.17808869668605548,-0.20328704366102937
2026-06-16,5.0,-0.001530369005345078,-0.17287784263918424,-0.2011999269194908
2026-06-17,-8.0,0.009608006608348506,-0.18513572946182189,-0.20458801446934516
2026-06-18,3.0,0.0020687773662452385,-0.19343509318453483,-0.20550453409925815
2026-06-22,-1.0,0.023610049520233017,-0.18885863481069462,-0.2043423090020974
2026-06-23,6.0,-0.02811520564220836,-0.1982183562761377,-0.21522518866825835
2026-06-24,5.0,0.004792693782340063,-0.1949416818795989,-0.2139892688155431
2026-06-25,2.0,0.01547419102987474,-0.235981326416918,-0.21090439385441323
2026-06-26,5.0,-0.03072214087187831,-0.2636973420810359,-0.21785738328503557
2026-06-29,-3.0,0.011985779426626321,-0.26575485642173563,-0.21922809818058236
2026-06-30,-5.0,0.01060173963218757,-0.261926064199185,-0.22137430740008393
2026-07-01,-1.0,-0.004116459006911529,-0.3211821178588725,-0.22098318899070693
2026-07-02,1.0,-0.030025283195985117,-0.31849812415046713,-0.21921023551527924
2026-07-03,-1.0,0.006189484713631253,-0.4078076751888191,-0.21937333412894297
2026-07-06,-2.0,-3.62860150486603e-05,-0.38176135568274344,-0.21944426712602855
2026-07-07,-5.0,-0.010324828219453176,-0.3583879687046949,-0.21504676234014758
2026-07-08,3.0,-0.0076936667691582285,-0.3777566863357875,-0.21637560444588919
2026-07-09,0.0,0.02508034850822912,-0.3704828939075902,-0.21034351280746766
2026-07-10,-1.0,-0.019784184431682877,-0.23739685787102127,-0.2066018082340923
2026-07-13,0.0,-0.01802542907335032,-0.24745801557586752,-0.20549962094528443
2026-07-14,3.0,0.02130721676857777,-0.2444007614020057,-0.20060885470034961
2026-07-15,-1.0,-0.0020283657503912377,-0.24465118440370176,-0.19974625593298678
2026-07-16,0.0,-0.01862918965531543,-0.2171265313376926,-0.198537730764555
2026-07-17,2.0,-0.036707140315421015,-0.2316307420515533,-0.19897105453500957
2026-07-20,-4.0,0.015168986846840348,-0.2546207761770948,-0.19979215913943493
2026-07-21,0.0,0.0301832075752162,-0.24653666644170263,-0.19687614332739736
2026-07-22,-1.0,-0.004649627792401307,-0.2579686313707633,-0.19506974271828373
2026-07-23,9.0,0.002277887659370913,-0.23350199486130138,-0.1967382634879866
